customer_id,age,gender,city,income,join_date
C00001,56,F,Mumbai,33900.0,2023-05-14
C00002,46,M,Kolkata,64000.0,2024-05-13
C00003,32,M,Chennai,44800.0,2024-02-01
C00004,60,F,Bengaluru,88100.0,2024-10-08
C00005,25,F,Mumbai,77900.0,2024-11-15
C00006,38,M,Hyderabad,44000.0,2026-05-21
C00007,56,F,Jaipur,52000.0,2023-01-19
C00008,36,F,Delhi,42900.0,2025-10-07
C00009,40,M,Bengaluru,29000.0,2023-04-29
C00010,28,Other,Delhi,37400.0,2023-10-29
C00011,28,F,Delhi,60100.0,2023-08-15
C00012,41,F,Lucknow,63700.0,2026-05-20
C00013,53,F,Ahmedabad,58800.0,2023-12-22
C00014,57,M,Bengaluru,48000.0,2024-12-01
C00015,41,M,Kolkata,83700.0,2024-05-01
C00016,20,M,Ahmedabad,56600.0,2023-08-11
C00017,39,M,Bengaluru,75500.0,2026-04-29
C00018,19,M,Delhi,24800.0,2025-09-21
C00019,41,F,Ahmedabad,9400.0,2024-05-14
C00020,61,F,Bengaluru,62500.0,2026-06-14
C00021,47,F,Kolkata,29000.0,2025-11-11
C00022,55,F,Mumbai,50000.0,2026-02-24
C00023,19,F,Chennai,48000.0,2023-12-31
C00024,38,M,Jaipur,112400.0,2025-12-03
C00025,50,M,Bengaluru,65800.0,2024-06-02
C00026,29,F,Kolkata,59300.0,2026-02-25
C00027,39,F,Chennai,80200.0,2026-02-27
C00028,61,M,Ahmedabad,64900.0,2024-06-12
C00029,42,F,Bengaluru,44800.0,2023-07-05
C00030,44,M,Bengaluru,89100.0,2025-03-08
C00031,59,F,Hyderabad,33400.0,2025-09-08
C00032,45,F,Bengaluru,63600.0,2023-12-14
C00033,33,F,Jaipur,27400.0,2025-07-10
C00034,32,Other,Hyderabad,60300.0,2025-07-09
C00035,64,F,Chennai,60000.0,2025-08-14
C00036,61,F,Ahmedabad,116900.0,2023-12-27
C00037,20,F,Ahmedabad,27200.0,2023-07-01
C00038,54,F,Pune,42000.0,2023-04-07
C00039,24,F,Pune,79600.0,2024-07-16
C00040,38,M,Chennai,64000.0,2023-11-10
C00041,26,M,Lucknow,59600.0,2025-08-12
C00042,56,F,Kolkata,35800.0,2023-01-21
C00043,35,M,Lucknow,42200.0,2025-03-15
C00044,21,M,Kolkata,96300.0,2024-07-29
C00045,42,Other,Hyderabad,53700.0,2024-02-07
C00046,31,F,Chennai,65100.0,2026-02-21
C00047,26,F,Kolkata,52200.0,2024-09-04
C00048,43,M,Unknown,32300.0,2026-02-16
C00049,19,M,Pune,83700.0,2025-08-27
C00050,37,M,Delhi,69000.0,2024-11-23
C00051,45,M,Kolkata,155200.0,2025-08-16
C00052,64,M,Chennai,34800.0,2025-05-21
C00053,24,M,Mumbai,79600.0,2025-04-19
C00054,61,F,Hyderabad,30500.0,2023-04-13
C00055,25,F,Bengaluru,59000.0,2023-11-29
C00056,64,M,Bengaluru,85400.0,2026-02-27
C00057,52,M,Kolkata,21600.0,2025-01-22
C00058,31,F,Lucknow,50200.0,2023-05-14
C00059,34,M,Hyderabad,42700.0,2026-03-26
C00060,53,F,Ahmedabad,40100.0,2024-02-29
C00061,57,M,Jaipur,65400.0,2025-07-25
C00062,21,M,Bengaluru,91100.0,2024-05-19
C00063,19,M,Pune,51800.0,2025-05-20
C00064,23,M,Hyderabad,60300.0,2023-07-09
C00065,59,F,Lucknow,57900.0,2024-09-03
C00066,21,F,Chennai,55000.0,2023-02-21
C00067,46,F,Lucknow,33700.0,2024-09-03
C00068,35,M,Hyderabad,90600.0,2024-01-09
C00069,43,F,Ahmedabad,62800.0,2024-01-10
C00070,61,F,Bengaluru,65700.0,2024-01-24
C00071,51,F,Pune,38300.0,2024-11-04
C00072,27,M,Mumbai,44700.0,2025-03-14
C00073,53,M,Chennai,50800.0,2024-02-08
C00074,31,F,Pune,27600.0,2024-08-15
C00075,48,F,Ahmedabad,25700.0,2025-01-01
C00076,65,M,Jaipur,42000.0,2024-05-19
C00077,32,M,Ahmedabad,69600.0,2023-03-24
C00078,25,F,Ahmedabad,41000.0,2023-11-15
C00079,31,F,Bengaluru,34800.0,2025-12-26
C00080,40,M,Hyderabad,38100.0,2024-02-18
C00081,57,F,Hyderabad,44800.0,2024-03-28
C00082,38,F,Pune,46900.0,2025-01-15
C00083,33,F,Jaipur,145700.0,2023-07-17
C00084,62,F,Jaipur,88400.0,2023-09-16
C00085,35,M,Lucknow,87200.0,2023-10-25
C00086,64,F,Mumbai,93100.0,2023-10-27
C00087,41,M,Ahmedabad,35100.0,2023-05-09
C00088,43,F,Mumbai,31700.0,2024-05-12
C00089,42,F,Delhi,33400.0,2024-03-13
C00090,62,M,Kolkata,100300.0,2023-07-26
C00091,58,F,Ahmedabad,43000.0,2023-10-21
C00092,46,Other,Mumbai,31300.0,2023-01-29
C00093,32,M,Bengaluru,45300.0,2023-06-28
C00094,62,F,Kolkata,49400.0,2023-02-10
C00095,18,F,Jaipur,62100.0,2026-04-30
C00096,42,F,Ahmedabad,61600.0,2023-12-10
C00097,24,M,Ahmedabad,37900.0,2025-03-26
C00098,26,M,Jaipur,74900.0,2025-01-06
C00099,41,M,Lucknow,41300.0,2024-09-17
C00100,18,F,Bengaluru,51300.0,2023-10-05
C00101,61,M,Ahmedabad,74900.0,2024-06-12
C00102,25,F,Mumbai,41200.0,2023-03-27
C00103,41,M,Ahmedabad,42600.0,2023-11-13
C00104,28,F,Kolkata,71800.0,2024-11-23
C00105,34,M,Ahmedabad,37400.0,2025-05-12
C00106,25,M,Mumbai,46300.0,2026-03-14
C00107,52,M,Chennai,70600.0,2023-11-11
C00108,52,M,Kolkata,138600.0,2023-08-13
C00109,50,F,Pune,72200.0,2025-12-13
C00110,22,F,Pune,,2023-03-09
C00111,59,F,Kolkata,69800.0,2025-10-17
C00112,56,F,Bengaluru,33900.0,2026-01-05
C00113,58,F,Chennai,57900.0,2025-05-05
C00114,45,F,Kolkata,54300.0,2026-03-24
C00115,24,F,Mumbai,63600.0,2025-12-31
C00116,26,F,Delhi,58000.0,2025-06-01
C00117,25,M,Hyderabad,65200.0,2026-02-02
C00118,29,F,Ahmedabad,47800.0,2025-08-28
C00119,51,M,Lucknow,56500.0,2026-01-23
C00120,50,F,Chennai,31700.0,2026-05-27
C00121,65,F,Mumbai,47600.0,2026-02-25
C00122,40,M,Lucknow,102800.0,2023-07-19
C00123,41,M,Pune,63500.0,2023-11-28
C00124,54,F,Kolkata,54500.0,2024-06-30
C00125,52,F,Chennai,129100.0,2023-03-07
C00126,61,M,Jaipur,29800.0,2024-12-31
C00127,57,F,Ahmedabad,33400.0,2024-07-21
C00128,39,F,Hyderabad,118900.0,2024-10-18
C00129,44,F,Pune,56100.0,2024-02-08
C00130,52,Other,Kolkata,49300.0,2024-09-09
C00131,18,F,Ahmedabad,32100.0,2024-08-18
C00132,52,M,Pune,67300.0,2024-10-09
C00133,54,F,Jaipur,70300.0,2023-05-26
C00134,64,F,Lucknow,33600.0,2025-01-30
C00135,31,M,Hyderabad,51600.0,2023-05-05
C00136,20,M,Hyderabad,47300.0,2024-04-24
C00137,18,M,Ahmedabad,61700.0,2025-09-28
C00138,22,F,Mumbai,33200.0,2024-12-12
C00139,43,F,Ahmedabad,96600.0,2024-12-15
C00140,31,F,Pune,83100.0,2025-03-25
C00141,56,F,Mumbai,46700.0,2025-11-19
C00142,44,F,Hyderabad,49900.0,2023-02-25
C00143,26,M,Delhi,51700.0,2023-05-12
C00144,32,M,Hyderabad,38700.0,2023-08-19
C00145,32,M,Ahmedabad,45100.0,2024-01-30
C00146,43,M,Pune,48700.0,2026-03-21
C00147,59,F,Mumbai,113700.0,2025-09-08
C00148,30,F,Kolkata,84200.0,2025-08-20
C00149,49,M,Mumbai,83800.0,2025-07-21
C00150,56,F,Jaipur,65000.0,2025-06-26
C00151,49,F,Bengaluru,33300.0,2024-06-16
C00152,21,M,Bengaluru,54000.0,2025-08-22
C00153,47,M,Chennai,85100.0,2024-03-23
C00154,54,M,Lucknow,31200.0,2023-05-06
C00155,40,M,Chennai,73200.0,2024-07-08
C00156,56,F,Chennai,156400.0,2024-11-24
C00157,62,M,Mumbai,88700.0,2024-05-03
C00158,32,M,Pune,103900.0,2024-09-03
C00159,60,F,Chennai,60700.0,2025-06-09
C00160,46,Other,Ahmedabad,85000.0,2024-03-21
C00161,53,M,Mumbai,39800.0,2024-05-22
C00162,30,M,Pune,78700.0,2024-04-01
C00163,49,M,Bengaluru,73800.0,2025-09-12
C00164,24,M,Delhi,62700.0,2024-01-20
C00165,39,M,Ahmedabad,99400.0,2024-12-12
C00166,45,F,Kolkata,43200.0,2025-07-17
C00167,19,M,Lucknow,50600.0,2026-02-12
C00168,59,M,Kolkata,57400.0,2024-03-27
C00169,62,F,Pune,34600.0,2024-10-15
C00170,23,M,Jaipur,60900.0,2026-02-16
C00171,45,M,Pune,25400.0,2026-01-21
C00172,45,M,Delhi,88100.0,2024-06-04
C00173,61,Other,Bengaluru,56200.0,2024-06-21
C00174,61,M,Hyderabad,43500.0,2023-05-25
C00175,37,F,Pune,37800.0,2025-12-27
C00176,47,F,Bengaluru,49500.0,2024-11-30
C00177,28,M,Kolkata,75000.0,2023-05-11
C00178,45,Other,Pune,70400.0,2025-01-02
C00179,42,M,Pune,40000.0,2024-05-27
C00180,56,M,Chennai,37600.0,2024-10-01
C00181,50,F,Kolkata,73900.0,2023-01-01
C00182,18,F,Lucknow,39700.0,2024-03-07
C00183,44,F,Lucknow,56500.0,2024-01-26
C00184,30,M,Ahmedabad,58100.0,2024-02-03
C00185,58,M,Jaipur,63300.0,2025-03-18
C00186,20,F,Hyderabad,80900.0,2024-01-30
C00187,56,M,Pune,31200.0,2025-08-09
C00188,23,M,Pune,23300.0,2023-06-23
C00189,25,M,Ahmedabad,42600.0,2025-12-04
C00190,44,M,Jaipur,123700.0,2025-05-04
C00191,26,F,Kolkata,136600.0,2026-03-10
C00192,54,M,Pune,125400.0,2024-06-22
C00193,50,Other,Bengaluru,50400.0,2025-01-14
C00194,59,M,Mumbai,24700.0,2024-12-21
C00195,61,F,Jaipur,19200.0,2023-02-19
C00196,41,M,Pune,41700.0,2025-12-20
C00197,32,M,Jaipur,50300.0,2023-08-31
C00198,49,M,Lucknow,98800.0,2026-03-09
C00199,49,M,Hyderabad,81300.0,2026-03-26
C00200,41,F,Pune,60900.0,2024-08-19
C00201,58,Other,Hyderabad,36900.0,2023-10-03
C00202,29,F,Delhi,35700.0,2025-11-20
C00203,56,M,Mumbai,61700.0,2023-01-08
C00204,19,M,Ahmedabad,75300.0,2024-12-15
C00205,20,M,Hyderabad,65600.0,2023-02-02
C00206,54,F,Pune,34500.0,2025-03-20
C00207,34,F,Chennai,73700.0,2025-07-16
C00208,19,F,Ahmedabad,66600.0,2025-05-11
C00209,19,M,Ahmedabad,34000.0,2023-02-06
C00210,45,F,Kolkata,38600.0,2023-02-03
C00211,40,M,Hyderabad,75000.0,2024-03-30
C00212,54,F,Chennai,49500.0,2024-03-19
C00213,49,F,Hyderabad,112400.0,2026-06-14
C00214,50,F,Kolkata,68900.0,2023-07-31
C00215,18,F,Mumbai,44200.0,2026-03-09
C00216,36,M,Pune,54700.0,2024-12-02
C00217,19,F,Lucknow,56600.0,2024-08-30
C00218,61,M,Lucknow,39600.0,2025-09-08
C00219,43,F,Hyderabad,36500.0,2023-12-27
C00220,49,M,Kolkata,75400.0,2023-10-31
C00221,23,F,Jaipur,80500.0,2023-10-23
C00222,49,F,Pune,72200.0,2023-06-01
C00223,21,F,Hyderabad,108800.0,2026-05-31
C00224,28,F,Jaipur,43100.0,2026-05-04
C00225,34,F,Pune,116800.0,2024-08-22
C00226,55,F,Jaipur,36700.0,2023-07-30
C00227,41,F,Ahmedabad,34900.0,2023-08-20
C00228,22,F,Hyderabad,24900.0,2025-05-19
C00229,51,M,Kolkata,45000.0,2024-11-25
C00230,23,Other,Pune,43800.0,2024-01-02
C00231,39,F,Lucknow,69700.0,2024-04-25
C00232,28,F,Hyderabad,61400.0,2024-07-25
C00233,65,M,Pune,32200.0,2026-04-17
C00234,33,M,Pune,46100.0,2025-07-18
C00235,50,F,Jaipur,46500.0,2025-11-05
C00236,26,M,Jaipur,24700.0,2024-04-10
C00237,23,F,Chennai,35400.0,2023-10-21
C00238,33,F,Hyderabad,38900.0,2023-06-20
C00239,46,M,Delhi,104800.0,2025-11-21
C00240,20,F,Bengaluru,59900.0,2023-09-20
C00241,37,F,Delhi,74100.0,2026-05-23
C00242,53,F,Pune,28000.0,2024-07-11
C00243,36,F,Chennai,94100.0,2023-07-08
C00244,43,M,Pune,98800.0,2025-02-24
C00245,20,F,Delhi,22400.0,2024-08-05
C00246,36,M,Pune,40000.0,2025-09-28
C00247,37,F,Jaipur,68700.0,2024-08-22
C00248,49,F,Hyderabad,73500.0,2025-04-25
C00249,24,M,Lucknow,40500.0,2026-04-20
C00250,58,F,Delhi,47900.0,2023-12-08
C00251,50,F,Bengaluru,42000.0,2025-08-11
C00252,57,M,Bengaluru,57800.0,2023-01-22
C00253,56,Other,Jaipur,94300.0,2026-01-02
C00254,35,M,Hyderabad,38900.0,2023-06-15
C00255,57,M,Mumbai,86300.0,2023-08-22
C00256,18,F,Mumbai,38700.0,2024-10-02
C00257,28,F,Kolkata,37600.0,2024-08-29
C00258,45,F,Kolkata,79500.0,2024-06-23
C00259,42,F,Delhi,83300.0,2025-11-24
C00260,40,F,Jaipur,80700.0,2026-06-08
C00261,48,F,Jaipur,30400.0,2023-11-14
C00262,47,M,Pune,44600.0,2023-12-09
C00263,59,M,Bengaluru,79700.0,2025-09-05
C00264,52,M,Bengaluru,56000.0,2024-09-28
C00265,24,M,Bengaluru,33900.0,2023-03-20
C00266,33,F,Chennai,67600.0,2025-06-11
C00267,43,M,Hyderabad,39900.0,2024-07-26
C00268,65,M,Ahmedabad,123300.0,2024-03-24
C00269,19,M,Pune,110200.0,2023-10-09
C00270,18,F,Mumbai,72200.0,2024-11-05
C00271,65,F,Jaipur,101500.0,2023-02-26
C00272,29,F,Mumbai,56600.0,2023-07-10
C00273,22,F,Chennai,77600.0,2024-10-05
C00274,54,F,Mumbai,106900.0,2023-02-11
C00275,49,F,Bengaluru,61400.0,2026-04-11
C00276,26,M,Lucknow,49000.0,2024-11-09
C00277,58,F,Pune,25500.0,2026-06-27
C00278,52,F,Lucknow,53000.0,2024-05-16
C00279,36,F,Kolkata,79700.0,2026-05-01
C00280,65,F,Lucknow,84200.0,2025-02-28
C00281,33,F,Ahmedabad,69000.0,2025-01-19
C00282,20,F,Jaipur,43100.0,2025-01-11
C00283,37,F,Chennai,22600.0,2023-06-14
C00284,41,M,Jaipur,44000.0,2025-01-24
C00285,50,F,Ahmedabad,48000.0,2023-03-31
C00286,41,M,Jaipur,47800.0,2025-09-13
C00287,28,F,Lucknow,72700.0,2025-12-17
C00288,25,F,Hyderabad,134400.0,2024-10-09
C00289,53,M,Jaipur,58100.0,2025-01-19
C00290,55,F,Kolkata,49900.0,2025-03-29
C00291,57,M,Pune,48900.0,2023-08-31
C00292,37,F,Pune,58200.0,2024-10-24
C00293,52,M,Mumbai,37900.0,2025-05-07
C00294,65,F,Delhi,58100.0,2023-08-07
C00295,42,M,Lucknow,67400.0,2023-01-09
C00296,52,F,Bengaluru,60400.0,2024-03-05
C00297,42,M,Ahmedabad,67600.0,2023-01-13
C00298,46,F,Chennai,66900.0,2025-06-25
C00299,35,F,Lucknow,24800.0,2025-08-27
C00300,63,Other,Pune,73300.0,2026-06-02
C00301,35,F,Mumbai,40700.0,2024-11-20
C00302,19,F,Jaipur,33600.0,2025-12-26
C00303,52,M,Bengaluru,33500.0,2024-11-07
C00304,33,M,Bengaluru,66800.0,2023-07-03
C00305,58,M,Delhi,49800.0,2025-10-01
C00306,53,F,Hyderabad,25800.0,2023-07-27
C00307,50,F,Delhi,68200.0,2024-06-11
C00308,21,M,Jaipur,28800.0,2025-03-28
C00309,50,F,Lucknow,58600.0,2025-09-29
C00310,31,F,Kolkata,61200.0,2026-06-18
C00311,38,F,Ahmedabad,81900.0,2024-03-30
C00312,65,M,Bengaluru,122600.0,2025-06-20
C00313,37,M,Chennai,29800.0,2023-09-01
C00314,25,F,Lucknow,53700.0,2025-02-09
C00315,24,F,Chennai,48600.0,2023-08-26
C00316,20,M,Mumbai,66900.0,2026-06-23
C00317,34,F,Chennai,60600.0,2023-12-11
C00318,50,F,Bengaluru,46900.0,2023-11-06
C00319,65,F,Bengaluru,45100.0,2023-02-07
C00320,29,F,Bengaluru,33300.0,2023-02-01
C00321,39,M,Lucknow,85800.0,2026-06-20
C00322,39,M,Lucknow,67600.0,2023-10-19
C00323,63,F,Ahmedabad,83100.0,2023-10-19
C00324,47,M,Pune,47800.0,2025-01-27
C00325,55,M,Hyderabad,40900.0,2024-07-31
C00326,55,M,Jaipur,33900.0,2026-03-07
C00327,62,M,Jaipur,64600.0,2026-05-08
C00328,25,M,Mumbai,34400.0,2024-08-27
C00329,44,M,Delhi,126400.0,2024-03-22
C00330,44,M,Ahmedabad,30500.0,2023-10-05
C00331,51,M,Pune,62200.0,2025-09-20
C00332,38,F,Kolkata,111300.0,2024-06-15
C00333,47,F,Mumbai,72000.0,2025-09-10
C00334,50,F,Lucknow,59500.0,2024-08-24
C00335,45,M,Pune,35600.0,2024-07-15
C00336,64,M,Bengaluru,29500.0,2025-10-30
C00337,50,F,Lucknow,77800.0,2024-08-13
C00338,22,F,Delhi,108300.0,2023-02-28
C00339,65,F,Delhi,45100.0,2026-01-16
C00340,36,M,Jaipur,32900.0,2024-04-03
C00341,21,F,Hyderabad,18200.0,2023-04-14
C00342,52,M,Hyderabad,35400.0,2025-04-10
C00343,34,M,Kolkata,52300.0,2025-02-27
C00344,61,F,Lucknow,112900.0,2023-04-14
C00345,45,F,Lucknow,74500.0,2025-01-11
C00346,47,M,Delhi,63100.0,2023-10-28
C00347,46,M,Bengaluru,45900.0,2024-10-15
C00348,63,F,Bengaluru,42300.0,2024-07-08
C00349,23,M,Chennai,103500.0,2024-09-19
C00350,52,M,Bengaluru,60200.0,2026-01-12
C00351,58,M,Pune,21400.0,2025-07-17
C00352,54,F,Hyderabad,40600.0,2023-12-26
C00353,41,M,Bengaluru,37400.0,2023-03-28
C00354,46,Other,Ahmedabad,43000.0,2024-03-03
C00355,63,F,Lucknow,70900.0,2024-01-02
C00356,48,Other,Bengaluru,52400.0,2023-12-09
C00357,52,F,Chennai,53100.0,2023-12-13
C00358,50,M,Kolkata,99300.0,2023-04-06
C00359,38,M,Kolkata,40200.0,2026-03-05
C00360,49,M,Delhi,127300.0,2026-06-25
C00361,40,M,Bengaluru,40700.0,2025-06-02
C00362,50,F,Lucknow,57300.0,2024-04-30
C00363,20,M,Lucknow,48500.0,2024-08-26
C00364,35,M,Hyderabad,58100.0,2024-02-16
C00365,42,M,Kolkata,67200.0,2024-03-23
C00366,59,F,Delhi,66900.0,2023-09-04
C00367,48,M,Bengaluru,39200.0,2025-02-08
C00368,20,M,Kolkata,33200.0,2024-11-29
C00369,57,M,Kolkata,169700.0,2024-02-25
C00370,63,F,Lucknow,44200.0,2023-05-04
C00371,41,F,Bengaluru,75300.0,2026-04-07
C00372,49,M,Mumbai,26700.0,2025-07-29
C00373,64,M,Bengaluru,48500.0,2025-05-26
C00374,39,M,Pune,51900.0,2026-02-08
C00375,40,M,Kolkata,68000.0,2023-01-13
C00376,19,F,Hyderabad,16200.0,2025-03-10
C00377,44,F,Mumbai,59300.0,2025-11-12
C00378,59,M,Chennai,32800.0,2025-08-02
C00379,19,F,Delhi,63600.0,2023-07-19
C00380,43,M,Bengaluru,34500.0,2026-06-19
C00381,34,F,Hyderabad,37400.0,2026-06-16
C00382,57,F,Chennai,48600.0,2023-10-30
C00383,50,M,Chennai,34300.0,2026-04-03
C00384,26,F,Kolkata,44400.0,2025-01-07
C00385,60,M,Pune,32100.0,2023-06-25
C00386,65,M,Kolkata,24100.0,2025-11-18
C00387,56,M,Delhi,87000.0,2024-11-07
C00388,46,M,Mumbai,30700.0,2024-06-18
C00389,59,F,Lucknow,50800.0,2024-04-21
C00390,43,F,Ahmedabad,77200.0,2024-01-18
C00391,52,F,Mumbai,41700.0,2024-07-09
C00392,42,F,Delhi,37900.0,2023-11-30
C00393,41,F,Lucknow,60900.0,2026-06-25
C00394,30,M,Chennai,91000.0,2026-06-18
C00395,24,F,Mumbai,32500.0,2026-02-03
C00396,53,M,Lucknow,51400.0,2025-06-16
C00397,62,F,Bengaluru,25200.0,2025-07-19
C00398,37,F,Kolkata,46100.0,2024-11-15
C00399,18,M,Ahmedabad,55900.0,2024-07-14
C00400,25,F,Hyderabad,37400.0,2023-05-03
C00401,63,F,Bengaluru,44800.0,2025-11-24
C00402,33,F,Mumbai,29200.0,2024-09-09
C00403,31,M,Jaipur,56900.0,2025-09-14
C00404,29,M,Lucknow,88400.0,2025-04-19
C00405,40,M,Chennai,33600.0,2024-02-20
C00406,32,M,Chennai,41600.0,2024-12-08
C00407,45,M,Jaipur,69000.0,2024-09-28
C00408,51,F,Mumbai,94900.0,2023-12-13
C00409,19,M,Chennai,28100.0,2023-02-06
C00410,49,F,Pune,51000.0,2024-05-26
C00411,40,F,Chennai,62500.0,2025-04-28
C00412,39,F,Ahmedabad,52500.0,2024-06-18
C00413,42,M,Pune,18000.0,2025-06-28
C00414,39,F,Delhi,68900.0,2025-02-11
C00415,39,F,Delhi,109000.0,2024-10-25
C00416,59,M,Lucknow,58000.0,2025-11-07
C00417,23,M,Pune,34600.0,2023-01-27
C00418,32,F,Bengaluru,43700.0,2024-06-19
C00419,60,M,Lucknow,122000.0,2025-11-18
C00420,54,M,Bengaluru,82800.0,2025-10-04
C00421,50,M,Ahmedabad,73400.0,2024-10-19
C00422,25,M,Kolkata,64600.0,2024-10-01
C00423,61,F,Mumbai,40800.0,2026-02-14
C00424,61,M,Pune,50300.0,2026-03-01
C00425,22,F,Jaipur,53100.0,2026-06-13
C00426,56,F,Hyderabad,70400.0,2023-02-11
C00427,21,F,Mumbai,108500.0,2026-03-29
C00428,23,F,Ahmedabad,91000.0,2026-02-22
C00429,62,F,Pune,29000.0,2023-08-01
C00430,49,M,Delhi,60800.0,2025-04-15
C00431,47,F,Mumbai,76600.0,2024-12-02
C00432,64,F,Bengaluru,72700.0,2023-03-21
C00433,52,F,Jaipur,41400.0,2025-08-12
C00434,57,F,Mumbai,204100.0,2026-06-05
C00435,33,M,Hyderabad,31000.0,2025-06-20
C00436,30,M,Ahmedabad,33800.0,2026-01-23
C00437,59,F,Ahmedabad,61100.0,2024-02-28
C00438,47,M,Lucknow,142600.0,2025-07-07
C00439,36,F,Ahmedabad,37800.0,2024-05-30
C00440,34,M,Lucknow,48800.0,2023-06-14
C00441,36,M,Ahmedabad,89300.0,2025-09-23
C00442,45,M,Hyderabad,54600.0,2025-09-19
C00443,43,M,Ahmedabad,47300.0,2025-06-11
C00444,54,F,Jaipur,70900.0,2025-10-12
C00445,43,M,Kolkata,62200.0,2025-12-01
C00446,40,Other,Delhi,87400.0,2025-01-10
C00447,26,F,Jaipur,98300.0,2025-01-24
C00448,29,M,Ahmedabad,63100.0,2024-02-20
C00449,18,F,Pune,62700.0,2025-12-14
C00450,18,F,Bengaluru,60600.0,2023-12-02
C00451,64,F,Kolkata,68500.0,2025-05-30
C00452,51,M,Delhi,56400.0,2025-08-29
C00453,49,F,Bengaluru,55000.0,2024-11-15
C00454,65,F,Jaipur,94200.0,2025-01-10
C00455,42,M,Hyderabad,108800.0,2023-01-30
C00456,57,M,Hyderabad,27900.0,2024-07-28
C00457,62,F,Bengaluru,55200.0,2023-08-09
C00458,18,M,Pune,40300.0,2025-04-06
C00459,33,F,Bengaluru,47800.0,2024-08-16
C00460,56,M,Jaipur,65900.0,2025-01-23
C00461,22,F,Bengaluru,74300.0,2026-06-30
C00462,39,F,Delhi,52300.0,2025-11-28
C00463,46,M,Pune,23300.0,2025-10-17
C00464,20,M,Chennai,35600.0,2024-05-06
C00465,29,F,Mumbai,82300.0,2024-03-13
C00466,43,F,Chennai,16000.0,2024-04-23
C00467,33,F,Lucknow,93800.0,2025-02-21
C00468,54,M,Bengaluru,69500.0,2025-08-06
C00469,39,M,Hyderabad,99400.0,2025-10-04
C00470,46,M,Chennai,50300.0,2023-03-13
C00471,31,F,Ahmedabad,21800.0,2024-08-04
C00472,45,M,Jaipur,66800.0,2023-08-08
C00473,22,M,Chennai,97600.0,2025-10-24
C00474,64,F,Kolkata,83400.0,2025-09-29
C00475,47,F,Pune,40800.0,2023-10-17
C00476,63,M,Jaipur,57200.0,2024-01-15
C00477,22,M,Hyderabad,43300.0,2025-03-14
C00478,29,F,Lucknow,38000.0,2025-01-12
C00479,33,F,Chennai,84500.0,2023-03-21
C00480,43,M,Pune,32100.0,2023-03-07
C00481,43,F,Mumbai,36800.0,2023-05-16
C00482,65,F,Pune,33500.0,2024-02-03
C00483,38,M,Pune,28100.0,2023-12-13
C00484,56,M,Jaipur,58700.0,2023-02-28
C00485,53,F,Mumbai,92800.0,2025-02-16
C00486,50,F,Pune,50600.0,2024-06-02
C00487,47,M,Kolkata,27900.0,2024-12-14
C00488,54,F,Chennai,80300.0,2025-09-03
C00489,40,F,Chennai,117400.0,2026-06-14
C00490,27,M,Kolkata,41100.0,2023-03-20
C00491,22,F,Chennai,44300.0,2023-04-25
C00492,53,F,Pune,69400.0,2025-09-12
C00493,51,M,Lucknow,114100.0,2023-05-06
C00494,48,M,Pune,43500.0,2024-07-26
C00495,27,M,Jaipur,30200.0,2025-08-22
C00496,36,F,Ahmedabad,73100.0,2024-05-14
C00497,49,Other,Lucknow,78800.0,2025-04-08
C00498,18,M,Hyderabad,55200.0,2026-01-30
C00499,22,F,Hyderabad,42800.0,2024-09-17
C00500,62,F,Lucknow,86000.0,2026-04-12
C00501,21,F,Pune,69800.0,2024-03-27
C00502,33,M,Bengaluru,38900.0,2026-01-20
C00503,41,M,Ahmedabad,56200.0,2024-01-20
C00504,33,M,Kolkata,29900.0,2026-05-13
C00505,19,F,Pune,74900.0,2023-12-29
C00506,45,M,Lucknow,48900.0,2024-05-12
C00507,49,F,Bengaluru,45200.0,2024-06-20
C00508,44,M,Pune,54200.0,2026-06-11
C00509,37,M,Bengaluru,56000.0,2023-01-16
C00510,41,F,Lucknow,82300.0,2025-09-07
C00511,29,F,Pune,71800.0,2026-03-10
C00512,52,M,Mumbai,51300.0,2024-09-11
C00513,50,M,Chennai,77600.0,2023-10-27
C00514,50,Other,Lucknow,65900.0,2023-12-05
C00515,60,M,Hyderabad,45400.0,2023-10-30
C00516,54,M,Hyderabad,52000.0,2024-08-14
C00517,29,F,Ahmedabad,51500.0,2023-03-17
C00518,20,M,Delhi,69000.0,2025-07-02
C00519,18,M,Hyderabad,46600.0,2025-02-18
C00520,50,M,Delhi,46100.0,2025-07-09
C00521,57,M,Mumbai,133400.0,2026-01-03
C00522,27,M,Lucknow,83900.0,2024-01-01
C00523,60,M,Unknown,39100.0,2024-10-14
C00524,61,M,Ahmedabad,71100.0,2025-10-02
C00525,46,M,Chennai,58000.0,2024-01-31
C00526,30,F,Kolkata,65600.0,2026-06-08
C00527,29,M,Delhi,58500.0,2025-03-14
C00528,48,M,Chennai,93900.0,2025-11-17
C00529,63,F,Ahmedabad,64300.0,2025-04-24
C00530,19,F,Ahmedabad,53500.0,2025-05-21
C00531,52,M,Hyderabad,87900.0,2026-01-19
C00532,40,F,Chennai,61100.0,2023-04-25
C00533,34,M,Pune,58100.0,2026-03-28
C00534,43,M,Jaipur,63300.0,2024-01-08
C00535,25,F,Ahmedabad,52700.0,2025-04-29
C00536,46,F,Delhi,55200.0,2023-03-31
C00537,43,M,Kolkata,42200.0,2025-01-26
C00538,27,M,Kolkata,39200.0,2023-01-31
C00539,43,F,Mumbai,35100.0,2023-12-24
C00540,51,M,Mumbai,29400.0,2024-04-14
C00541,58,F,Hyderabad,37000.0,2026-02-25
C00542,24,M,Pune,50900.0,2023-09-27
C00543,21,F,Hyderabad,57600.0,2023-07-28
C00544,62,F,Kolkata,48700.0,2024-11-20
C00545,28,F,Bengaluru,19100.0,2026-04-29
C00546,46,F,Kolkata,111700.0,2024-04-01
C00547,53,F,Ahmedabad,89700.0,2024-03-24
C00548,42,M,Chennai,67200.0,2023-03-09
C00549,38,M,Chennai,129800.0,2025-05-23
C00550,53,M,Ahmedabad,35400.0,2024-04-11
C00551,27,F,Ahmedabad,128600.0,2023-05-08
C00552,54,F,Kolkata,35600.0,2025-01-02
C00553,26,M,Chennai,61200.0,2026-06-21
C00554,41,M,Chennai,31000.0,2025-11-08
C00555,52,M,Lucknow,55400.0,2026-06-06
C00556,52,F,Chennai,65400.0,2024-01-03
C00557,65,M,Ahmedabad,51300.0,2023-02-27
C00558,53,F,Mumbai,75800.0,2024-07-10
C00559,35,Other,Pune,57500.0,2026-01-30
C00560,56,M,Bengaluru,43500.0,2023-02-17
C00561,49,M,Ahmedabad,42600.0,2024-07-15
C00562,41,M,Chennai,79200.0,2024-08-15
C00563,40,M,Delhi,41000.0,2025-03-22
C00564,49,M,Kolkata,83000.0,2023-02-28
C00565,54,M,Kolkata,95300.0,2023-06-10
C00566,29,F,Pune,26000.0,2023-04-13
C00567,30,M,Ahmedabad,91600.0,2025-04-25
C00568,40,F,Pune,139000.0,2024-02-16
C00569,42,F,Mumbai,61600.0,2025-02-24
C00570,52,F,Jaipur,72000.0,2023-07-02
C00571,58,M,Hyderabad,87700.0,2024-02-21
C00572,47,F,Delhi,48600.0,2026-02-13
C00573,34,M,Hyderabad,59700.0,2024-02-03
C00574,37,F,Jaipur,30400.0,2025-08-14
C00575,65,F,Delhi,58500.0,2025-02-17
C00576,42,F,Hyderabad,68800.0,2024-10-16
C00577,39,M,Delhi,69400.0,2024-03-12
C00578,30,F,Pune,88800.0,2023-11-14
C00579,36,M,Bengaluru,38800.0,2024-08-28
C00580,53,M,Lucknow,43300.0,2026-06-27
C00581,29,M,Delhi,129100.0,2025-06-29
C00582,58,M,Jaipur,51400.0,2024-05-11
C00583,36,M,Pune,60200.0,2024-03-02
C00584,29,F,Lucknow,53400.0,2025-03-28
C00585,26,F,Pune,38000.0,2025-10-19
C00586,24,M,Mumbai,114200.0,2023-08-28
C00587,45,M,Chennai,43400.0,2025-12-18
C00588,31,M,Kolkata,33100.0,2025-03-07
C00589,48,M,Mumbai,44900.0,2023-07-22
C00590,36,M,Jaipur,22300.0,2023-10-14
C00591,64,F,Ahmedabad,41000.0,2023-03-14
C00592,33,M,Ahmedabad,35600.0,2024-12-26
C00593,22,M,Kolkata,72600.0,2023-12-03
C00594,52,M,Pune,40600.0,2023-07-22
C00595,29,F,Bengaluru,82000.0,2023-08-19
C00596,42,F,Jaipur,103200.0,2025-06-22
C00597,38,F,Kolkata,78200.0,2025-12-16
C00598,53,F,Lucknow,49900.0,2024-10-05
C00599,40,M,Lucknow,58600.0,2025-07-03
C00600,33,M,Ahmedabad,27700.0,2023-10-07
C00601,56,F,Chennai,51800.0,2025-03-19
C00602,62,M,Pune,37300.0,2024-04-10
C00603,59,F,Ahmedabad,75200.0,2025-01-06
C00604,56,M,Bengaluru,175100.0,2026-04-12
C00605,31,M,Kolkata,68900.0,2025-03-14
C00606,48,F,Delhi,22500.0,2023-09-23
C00607,22,F,Bengaluru,46700.0,2023-09-04
C00608,52,F,Delhi,58100.0,2023-03-19
C00609,40,M,Pune,57200.0,2025-05-03
C00610,46,F,Kolkata,39600.0,2023-09-10
C00611,60,M,Lucknow,61400.0,2024-04-19
C00612,28,M,Lucknow,31400.0,2023-06-25
C00613,35,M,Mumbai,35900.0,2025-08-28
C00614,64,M,Lucknow,73500.0,2023-09-11
C00615,29,M,Jaipur,34800.0,2025-06-21
C00616,26,M,Mumbai,70100.0,2023-04-17
C00617,27,M,Mumbai,29700.0,2026-04-09
C00618,61,M,Unknown,121700.0,2023-02-27
C00619,34,M,Ahmedabad,38800.0,2025-07-30
C00620,55,M,Chennai,49700.0,2023-03-25
C00621,24,M,Chennai,63800.0,2026-02-14
C00622,63,F,Jaipur,42600.0,2024-12-12
C00623,30,M,Hyderabad,58700.0,2026-05-27
C00624,57,M,Ahmedabad,71300.0,2025-06-19
C00625,59,M,Hyderabad,84700.0,2026-01-30
C00626,26,F,Delhi,78500.0,2024-10-18
C00627,44,F,Ahmedabad,50900.0,2024-03-31
C00628,19,F,Kolkata,51500.0,2024-10-20
C00629,22,F,Hyderabad,158300.0,2025-02-11
C00630,46,F,Jaipur,84300.0,2025-03-01
C00631,54,F,Jaipur,36300.0,2025-04-30
C00632,55,F,Ahmedabad,57500.0,2024-06-09
C00633,36,M,Mumbai,47300.0,2023-09-23
C00634,25,M,Kolkata,51800.0,2023-05-21
C00635,65,M,Pune,31600.0,2025-06-13
C00636,62,F,Kolkata,45700.0,2024-02-10
C00637,18,F,Jaipur,124300.0,2023-10-20
C00638,39,F,Delhi,71400.0,2025-11-20
C00639,34,M,Hyderabad,17900.0,2026-04-09
C00640,24,M,Hyderabad,95100.0,2023-12-21
C00641,42,M,Delhi,89800.0,2023-07-24
C00642,62,M,Bengaluru,46800.0,2025-09-20
C00643,21,F,Unknown,76000.0,2023-10-18
C00644,53,F,Jaipur,37400.0,2023-04-21
C00645,23,M,Chennai,44500.0,2025-12-27
C00646,48,F,Lucknow,108000.0,2024-01-08
C00647,36,M,Delhi,48700.0,2023-07-15
C00648,61,Other,Delhi,23700.0,2023-05-06
C00649,56,M,Kolkata,53500.0,2023-09-19
C00650,44,M,Ahmedabad,53100.0,2025-06-05
C00651,27,M,Ahmedabad,94300.0,2025-07-12
C00652,43,M,Chennai,55400.0,2023-06-04
C00653,36,M,Lucknow,45500.0,2023-04-18
C00654,56,F,Ahmedabad,88000.0,2023-02-04
C00655,20,F,Mumbai,58100.0,2025-12-03
C00656,62,F,Jaipur,39200.0,2024-10-16
C00657,30,M,Mumbai,92500.0,2024-12-23
C00658,45,F,Bengaluru,60000.0,2025-09-24
C00659,37,M,Jaipur,55100.0,2024-02-20
C00660,45,M,Pune,59600.0,2025-09-26
C00661,25,F,Jaipur,34000.0,2023-10-12
C00662,58,F,Jaipur,43400.0,2024-06-01
C00663,56,M,Chennai,55100.0,2023-01-27
C00664,18,M,Mumbai,50400.0,2023-08-15
C00665,20,Other,Lucknow,97500.0,2025-04-27
C00666,30,M,Kolkata,60700.0,2026-02-02
C00667,45,M,Chennai,80800.0,2023-01-18
C00668,42,F,Jaipur,55200.0,2026-05-13
C00669,50,M,Kolkata,88500.0,2023-02-12
C00670,55,M,Hyderabad,65800.0,2023-03-30
C00671,23,M,Kolkata,55300.0,2024-08-08
C00672,61,F,Delhi,54700.0,2023-06-06
C00673,62,F,Chennai,35800.0,2023-05-14
C00674,49,F,Chennai,69100.0,2024-04-08
C00675,62,Other,Delhi,54000.0,2026-03-01
C00676,64,F,Hyderabad,43900.0,2025-01-10
C00677,38,M,Ahmedabad,90500.0,2025-11-23
C00678,33,M,Ahmedabad,31300.0,2023-03-24
C00679,38,F,Ahmedabad,45500.0,2025-07-17
C00680,28,F,Ahmedabad,87300.0,2026-03-01
C00681,54,F,Mumbai,63400.0,2025-05-15
C00682,53,F,Delhi,53800.0,2023-07-23
C00683,52,M,Hyderabad,61600.0,2025-08-19
C00684,36,M,Jaipur,59600.0,2024-05-11
C00685,37,M,Bengaluru,27800.0,2024-03-17
C00686,35,M,Chennai,47000.0,2025-04-07
C00687,64,M,Kolkata,113800.0,2026-02-22
C00688,58,F,Ahmedabad,40900.0,2025-05-20
C00689,31,F,Kolkata,47700.0,2026-04-13
C00690,32,M,Bengaluru,43100.0,2025-05-18
C00691,48,M,Chennai,52900.0,2023-03-21
C00692,18,F,Pune,42300.0,2025-03-22
C00693,20,M,Lucknow,68500.0,2025-07-03
C00694,33,F,Hyderabad,60100.0,2024-07-23
C00695,40,F,Mumbai,77900.0,2026-01-19
C00696,28,F,Kolkata,34300.0,2025-05-11
C00697,29,F,Ahmedabad,47200.0,2023-06-18
C00698,27,F,Delhi,49700.0,2025-10-08
C00699,49,M,Kolkata,67500.0,2023-08-24
C00700,33,M,Chennai,38500.0,2024-02-03
C00701,25,M,Pune,83000.0,2024-08-10
C00702,55,Other,Hyderabad,93800.0,2025-03-31
C00703,29,M,Delhi,35200.0,2025-10-09
C00704,41,M,Lucknow,44100.0,2024-04-21
C00705,45,F,Chennai,43300.0,2025-04-24
C00706,25,F,Pune,179800.0,2024-08-07
C00707,45,F,Delhi,45300.0,2026-01-16
C00708,53,M,Lucknow,117000.0,2024-09-06
C00709,43,M,Kolkata,,2024-08-28
C00710,25,M,Chennai,35200.0,2025-08-18
C00711,45,M,Jaipur,40400.0,2025-02-16
C00712,45,M,Lucknow,37600.0,2026-06-30
C00713,54,M,Pune,48800.0,2023-12-24
C00714,58,F,Jaipur,40000.0,2025-12-17
C00715,53,M,Jaipur,38000.0,2024-06-04
C00716,44,F,Mumbai,92600.0,2024-06-08
C00717,34,F,Pune,95400.0,2024-01-28
C00718,26,M,Jaipur,84300.0,2026-05-30
C00719,50,F,Kolkata,69600.0,2023-06-02
C00720,37,M,Chennai,57300.0,2025-06-11
C00721,30,M,Chennai,44000.0,2025-09-10
C00722,45,F,Kolkata,35800.0,2024-04-24
C00723,65,M,Mumbai,64800.0,2024-08-05
C00724,46,Other,Hyderabad,32400.0,2025-05-06
C00725,30,M,Mumbai,35200.0,2023-01-20
C00726,63,F,Chennai,92400.0,2024-08-15
C00727,52,M,Hyderabad,129400.0,2023-08-16
C00728,23,M,Mumbai,65600.0,2023-01-19
C00729,35,M,Jaipur,90500.0,2024-03-19
C00730,22,F,Hyderabad,49200.0,2024-01-03
C00731,64,F,Chennai,30100.0,2025-06-17
C00732,42,F,Kolkata,72400.0,2025-06-07
C00733,19,F,Ahmedabad,71100.0,2024-12-26
C00734,27,F,Jaipur,56800.0,2023-05-27
C00735,47,F,Jaipur,49300.0,2024-03-05
C00736,62,F,Ahmedabad,84800.0,2025-04-27
C00737,22,F,Lucknow,35300.0,2023-07-17
C00738,50,F,Bengaluru,38800.0,2025-09-23
C00739,18,F,Delhi,34900.0,2024-07-18
C00740,35,M,Pune,57100.0,2024-01-04
C00741,49,F,Mumbai,33700.0,2026-06-17
C00742,64,F,Bengaluru,40400.0,2025-03-12
C00743,28,M,Mumbai,40000.0,2024-11-30
C00744,38,M,Bengaluru,48900.0,2025-09-22
C00745,43,M,Hyderabad,28200.0,2024-06-01
C00746,42,F,Kolkata,57200.0,2025-02-13
C00747,39,F,Pune,96400.0,2024-07-14
C00748,44,M,Pune,58500.0,2023-03-01
C00749,30,F,Mumbai,110000.0,2024-06-28
C00750,50,F,Ahmedabad,100200.0,2025-10-13
C00751,51,M,Hyderabad,78000.0,2023-10-30
C00752,58,F,Lucknow,56900.0,2026-06-21
C00753,52,Other,Pune,55600.0,2026-05-15
C00754,18,F,Delhi,77600.0,2023-10-10
C00755,38,F,Mumbai,46100.0,2024-04-22
C00756,65,Other,Jaipur,23600.0,2025-11-11
C00757,23,F,Delhi,68600.0,2024-07-12
C00758,45,M,Chennai,33100.0,2023-12-15
C00759,34,F,Mumbai,35700.0,2024-10-31
C00760,22,F,Mumbai,55000.0,2023-09-15
C00761,48,F,Jaipur,52700.0,2024-10-16
C00762,22,M,Hyderabad,29100.0,2025-12-06
C00763,55,F,Jaipur,59300.0,2025-11-16
C00764,20,M,Pune,85000.0,2025-11-16
C00765,40,F,Kolkata,33100.0,2023-05-25
C00766,54,M,Mumbai,97500.0,2024-08-09
C00767,54,M,Chennai,27300.0,2024-06-05
C00768,27,M,Ahmedabad,142600.0,2026-02-18
C00769,27,M,Mumbai,45700.0,2025-03-11
C00770,36,F,Jaipur,58700.0,2024-01-17
C00771,34,F,Bengaluru,23500.0,2025-02-14
C00772,38,F,Mumbai,53500.0,2024-11-03
C00773,31,M,Mumbai,61000.0,2023-11-23
C00774,26,M,Chennai,52900.0,2024-09-21
C00775,63,F,Chennai,42700.0,2023-03-25
C00776,18,F,Mumbai,35900.0,2023-05-26
C00777,62,M,Bengaluru,91500.0,2026-04-09
C00778,30,F,Kolkata,55800.0,2024-02-28
C00779,21,M,Lucknow,110000.0,2024-10-22
C00780,18,F,Bengaluru,43400.0,2025-02-01
C00781,57,F,Unknown,45200.0,2024-07-22
C00782,49,M,Bengaluru,79400.0,2023-12-13
C00783,51,M,Kolkata,26500.0,2023-12-13
C00784,45,F,Hyderabad,31900.0,2024-02-12
C00785,48,M,Hyderabad,90100.0,2023-05-13
C00786,25,M,Bengaluru,32500.0,2024-09-05
C00787,56,F,Lucknow,24300.0,2025-09-14
C00788,43,M,Jaipur,127500.0,2023-04-16
C00789,51,M,Delhi,29400.0,2023-06-20
C00790,20,F,Hyderabad,59800.0,2024-10-01
C00791,29,F,Ahmedabad,56700.0,2026-06-27
C00792,18,F,Chennai,15500.0,2023-09-19
C00793,61,F,Kolkata,48800.0,2024-05-08
C00794,22,F,Kolkata,67300.0,2026-06-21
C00795,47,F,Delhi,64500.0,2025-06-21
C00796,47,M,Hyderabad,82600.0,2023-10-17
C00797,34,F,Lucknow,46200.0,2023-03-26
C00798,65,Other,Lucknow,75800.0,2023-02-14
C00799,64,M,Chennai,40300.0,2025-03-25
C00800,40,M,Bengaluru,29200.0,2023-11-29
C00801,32,F,Jaipur,30700.0,2024-04-09
C00802,54,M,Hyderabad,28500.0,2023-07-19
C00803,38,M,Lucknow,86600.0,2026-05-09
C00804,31,F,Delhi,27800.0,2023-11-25
C00805,19,Other,Chennai,62200.0,2023-08-28
C00806,28,M,Mumbai,48800.0,2025-03-08
C00807,56,M,Chennai,52500.0,2024-12-02
C00808,55,M,Lucknow,101600.0,2024-08-05
C00809,51,F,Mumbai,45200.0,2024-10-18
C00810,55,M,Ahmedabad,72400.0,2024-12-21
C00811,51,M,Pune,55900.0,2023-12-26
C00812,35,M,Chennai,51400.0,2024-01-20
C00813,47,M,Delhi,154800.0,2026-05-30
C00814,32,F,Delhi,28800.0,2025-03-09
C00815,44,F,Jaipur,98200.0,2023-12-31
C00816,51,F,Bengaluru,73900.0,2023-03-13
C00817,55,F,Chennai,44300.0,2026-06-17
C00818,50,M,Lucknow,114500.0,2024-05-18
C00819,41,F,Pune,23900.0,2023-05-07
C00820,32,F,Hyderabad,43500.0,2026-06-25
C00821,47,M,Lucknow,31900.0,2024-04-26
C00822,59,F,Delhi,66200.0,2023-10-10
C00823,34,M,Ahmedabad,33300.0,2025-10-22
C00824,22,F,Lucknow,66800.0,2023-03-15
C00825,46,M,Kolkata,50600.0,2025-12-23
C00826,21,Other,Delhi,44300.0,2025-02-11
C00827,27,M,Chennai,65500.0,2023-12-13
C00828,34,F,Ahmedabad,48700.0,2023-11-20
C00829,27,F,Kolkata,33700.0,2023-08-27
C00830,34,F,Mumbai,194000.0,2023-12-03
C00831,37,M,Pune,44200.0,2023-12-07
C00832,41,F,Delhi,20300.0,2025-08-03
C00833,22,F,Chennai,37700.0,2025-06-10
C00834,51,M,Kolkata,31100.0,2024-04-06
C00835,23,M,Kolkata,79800.0,2025-03-08
C00836,19,F,Bengaluru,63600.0,2025-01-02
C00837,30,F,Kolkata,65800.0,2023-06-11
C00838,60,M,Pune,46600.0,2024-03-23
C00839,60,M,Ahmedabad,48500.0,2023-09-22
C00840,65,M,Ahmedabad,46500.0,2025-10-06
C00841,28,F,Kolkata,53000.0,2023-05-12
C00842,64,F,Chennai,80100.0,2023-04-30
C00843,40,F,Delhi,64000.0,2026-05-27
C00844,33,Other,Chennai,68900.0,2024-11-02
C00845,48,M,Jaipur,68900.0,2024-05-19
C00846,28,M,Delhi,81900.0,2023-04-19
C00847,33,M,Mumbai,62600.0,2026-06-15
C00848,25,M,Pune,64600.0,2023-10-20
C00849,21,F,Chennai,93900.0,2025-09-14
C00850,57,F,Bengaluru,40800.0,2025-04-07
C00851,21,M,Ahmedabad,37400.0,2023-07-06
C00852,42,M,Kolkata,32300.0,2025-11-25
C00853,20,F,Delhi,59700.0,2023-09-13
C00854,49,F,Kolkata,23900.0,2025-10-28
C00855,20,M,Mumbai,67700.0,2025-01-17
C00856,44,Other,Jaipur,52400.0,2026-04-16
C00857,46,F,Kolkata,91600.0,2026-06-19
C00858,49,M,Chennai,40600.0,2023-02-10
C00859,36,F,Delhi,50200.0,2025-01-26
C00860,38,M,Bengaluru,91100.0,2023-04-23
C00861,22,F,Mumbai,102500.0,2025-02-06
C00862,35,Other,Lucknow,40500.0,2026-04-04
C00863,45,F,Pune,59700.0,2025-05-03
C00864,59,F,Jaipur,62800.0,2023-03-19
C00865,39,M,Chennai,65100.0,2024-12-19
C00866,38,F,Pune,48900.0,2025-05-27
C00867,23,F,Bengaluru,97900.0,2026-05-04
C00868,18,F,Pune,23500.0,2024-02-06
C00869,22,F,Ahmedabad,45500.0,2025-04-12
C00870,58,Other,Delhi,67300.0,2023-03-05
C00871,29,F,Pune,67600.0,2024-10-13
C00872,43,M,Chennai,101100.0,2025-06-04
C00873,63,Other,Lucknow,94300.0,2025-12-01
C00874,51,F,Ahmedabad,48400.0,2024-01-08
C00875,31,F,Ahmedabad,98700.0,2023-11-02
C00876,43,F,Pune,39900.0,2023-07-28
C00877,62,M,Jaipur,83600.0,2024-04-11
C00878,44,M,Hyderabad,124200.0,2025-07-20
C00879,26,F,Jaipur,95000.0,2026-03-22
C00880,43,F,Unknown,57700.0,2024-10-08
C00881,64,M,Chennai,47400.0,2023-12-28
C00882,39,F,Hyderabad,27600.0,2026-05-24
C00883,64,M,Delhi,63200.0,2024-12-21
C00884,47,F,Ahmedabad,33300.0,2024-12-16
C00885,60,M,Chennai,38500.0,2024-06-26
C00886,65,M,Bengaluru,32200.0,2023-07-13
C00887,34,M,Kolkata,44700.0,2024-10-13
C00888,43,M,Lucknow,,2025-11-16
C00889,53,F,Kolkata,62200.0,2025-12-05
C00890,18,M,Chennai,42000.0,2024-10-08
C00891,25,M,Delhi,89000.0,2025-08-11
C00892,52,F,Ahmedabad,50100.0,2025-12-17
C00893,32,F,Mumbai,38600.0,2025-11-02
C00894,64,M,Mumbai,60900.0,2025-08-06
C00895,39,Other,Chennai,133100.0,2025-08-18
C00896,31,M,Pune,64000.0,2023-02-18
C00897,43,F,Jaipur,46700.0,2025-03-13
C00898,45,F,Kolkata,27700.0,2026-01-22
C00899,40,M,Delhi,49800.0,2024-08-29
C00900,31,M,Kolkata,61100.0,2023-01-10
C00901,41,M,Bengaluru,46200.0,2024-11-04
C00902,19,M,Mumbai,26000.0,2024-12-26
C00903,62,F,Ahmedabad,37500.0,2024-05-30
C00904,43,M,Bengaluru,105800.0,2023-08-12
C00905,31,M,Ahmedabad,104900.0,2023-07-22
C00906,24,M,Kolkata,36900.0,2025-07-30
C00907,20,M,Delhi,74400.0,2024-08-11
C00908,64,F,Mumbai,32400.0,2024-07-24
C00909,40,M,Kolkata,103500.0,2025-08-14
C00910,63,F,Mumbai,61400.0,2023-07-15
C00911,60,M,Chennai,84300.0,2024-02-22
C00912,64,M,Lucknow,25400.0,2023-01-09
C00913,62,F,Lucknow,74600.0,2024-06-15
C00914,35,M,Ahmedabad,54800.0,2023-05-29
C00915,55,F,Kolkata,80700.0,2024-01-18
C00916,52,F,Hyderabad,83000.0,2025-11-01
C00917,32,M,Mumbai,56700.0,2024-04-20
C00918,42,M,Mumbai,42000.0,2024-08-01
C00919,54,M,Hyderabad,78100.0,2025-12-12
C00920,45,M,Pune,53500.0,2023-07-25
C00921,27,M,Kolkata,37100.0,2025-09-12
C00922,56,M,Hyderabad,36400.0,2025-07-03
C00923,34,M,Lucknow,28300.0,2025-01-14
C00924,56,F,Mumbai,43700.0,2025-07-01
C00925,39,F,Lucknow,90300.0,2023-02-23
C00926,43,F,Kolkata,59600.0,2025-09-28
C00927,61,M,Delhi,43300.0,2023-12-10
C00928,42,M,Delhi,79000.0,2026-04-07
C00929,34,F,Ahmedabad,37800.0,2026-03-30
C00930,30,F,Lucknow,57400.0,2024-12-03
C00931,37,F,Lucknow,50700.0,2024-06-10
C00932,42,M,Lucknow,78100.0,2024-02-16
C00933,21,F,Pune,27000.0,2024-07-22
C00934,27,F,Lucknow,37500.0,2023-07-18
C00935,20,M,Delhi,26300.0,2026-03-30
C00936,58,M,Pune,48900.0,2025-02-13
C00937,62,F,Ahmedabad,94900.0,2024-01-24
C00938,35,M,Chennai,43800.0,2024-04-18
C00939,64,M,Bengaluru,43700.0,2025-02-03
C00940,53,F,Ahmedabad,81400.0,2024-08-14
C00941,64,F,Jaipur,89000.0,2026-02-21
C00942,39,M,Pune,52900.0,2025-12-31
C00943,51,M,Delhi,74800.0,2025-09-08
C00944,64,M,Delhi,33900.0,2025-09-20
C00945,25,F,Kolkata,102300.0,2023-06-17
C00946,57,M,Mumbai,144600.0,2023-10-11
C00947,61,Other,Lucknow,69500.0,2025-11-25
C00948,36,M,Delhi,21500.0,2025-04-03
C00949,59,M,Lucknow,42800.0,2026-04-13
C00950,58,F,Hyderabad,72500.0,2026-05-07
C00951,54,F,Mumbai,45500.0,2026-02-13
C00952,23,M,Hyderabad,97500.0,2026-05-28
C00953,43,M,Lucknow,71700.0,2025-06-09
C00954,51,Other,Pune,40000.0,2023-05-14
C00955,62,M,Jaipur,55800.0,2023-05-02
C00956,23,F,Mumbai,36800.0,2025-04-12
C00957,54,M,Pune,50700.0,2025-10-18
C00958,50,F,Delhi,42900.0,2025-06-13
C00959,39,F,Jaipur,93300.0,2023-10-16
C00960,38,M,Chennai,142500.0,2025-12-12
C00961,23,F,Delhi,28900.0,2026-05-13
C00962,23,M,Bengaluru,23100.0,2025-12-10
C00963,65,M,Ahmedabad,49300.0,2025-04-18
C00964,21,F,Mumbai,27800.0,2025-06-30
C00965,47,M,Bengaluru,56200.0,2023-02-09
C00966,28,F,Lucknow,77000.0,2023-09-07
C00967,47,M,Mumbai,107700.0,2023-08-06
C00968,48,M,Ahmedabad,60200.0,2023-06-28
C00969,41,M,Mumbai,50400.0,2023-07-02
C00970,26,M,Pune,22600.0,2026-04-02
C00971,20,M,Hyderabad,55700.0,2024-12-05
C00972,48,F,Kolkata,56800.0,2024-05-11
C00973,57,F,Pune,73300.0,2024-08-19
C00974,54,F,Ahmedabad,40000.0,2024-04-05
C00975,53,M,Mumbai,45200.0,2024-04-18
C00976,41,M,Pune,28300.0,2024-11-15
C00977,48,M,Hyderabad,19600.0,2025-11-26
C00978,23,M,Bengaluru,33400.0,2023-11-15
C00979,19,F,Pune,27100.0,2023-12-22
C00980,37,M,Lucknow,64000.0,2024-09-08
C00981,45,M,Bengaluru,43600.0,2023-08-17
C00982,28,F,Ahmedabad,43200.0,2024-12-29
C00983,21,M,Bengaluru,35300.0,2024-07-14
C00984,32,M,Mumbai,12800.0,2024-09-26
C00985,23,M,Jaipur,108400.0,2024-04-03
C00986,47,M,Jaipur,35100.0,2023-01-25
C00987,55,F,Chennai,45700.0,2026-02-28
C00988,19,M,Lucknow,28600.0,2024-01-05
C00989,32,M,Mumbai,85200.0,2026-06-01
C00990,28,M,Ahmedabad,58700.0,2025-10-08
C00991,25,M,Delhi,37900.0,2024-09-02
C00992,43,M,Jaipur,46100.0,2026-05-05
C00993,62,F,Ahmedabad,117000.0,2023-04-19
C00994,61,F,Bengaluru,53200.0,2026-05-28
C00995,22,F,Pune,50700.0,2024-12-20
C00996,23,M,Jaipur,36000.0,2026-01-10
C00997,43,F,Mumbai,23400.0,2024-03-07
C00998,21,F,Jaipur,51200.0,2025-10-28
C00999,36,M,Hyderabad,63700.0,2024-09-27
C01000,37,F,Hyderabad,90200.0,2026-03-18
C01001,50,M,Hyderabad,20000.0,2026-01-26
C01002,37,M,Lucknow,33100.0,2026-01-29
C01003,29,F,Jaipur,42400.0,2024-01-02
C01004,64,M,Chennai,54900.0,2025-07-13
C01005,18,F,Ahmedabad,51500.0,2024-02-18
C01006,43,M,Hyderabad,52100.0,2023-12-22
C01007,31,F,Bengaluru,66100.0,2023-01-11
C01008,55,F,Mumbai,36600.0,2026-06-27
C01009,54,F,Lucknow,83700.0,2026-02-19
C01010,28,M,Kolkata,66800.0,2023-03-06
C01011,53,M,Hyderabad,47600.0,2023-05-05
C01012,30,M,Ahmedabad,113000.0,2023-11-08
C01013,60,M,Bengaluru,110800.0,2026-04-29
C01014,20,M,Mumbai,83700.0,2025-02-13
C01015,50,F,Pune,14100.0,2025-09-28
C01016,23,F,Delhi,111900.0,2025-05-22
C01017,27,Other,Bengaluru,78600.0,2024-11-24
C01018,22,M,Chennai,135700.0,2026-03-28
C01019,40,M,Bengaluru,96000.0,2025-09-16
C01020,27,M,Bengaluru,111900.0,2025-03-09
C01021,61,F,Chennai,81700.0,2024-11-04
C01022,19,F,Pune,100900.0,2025-06-30
C01023,30,F,Lucknow,134900.0,2024-02-10
C01024,57,F,Jaipur,60600.0,2025-09-22
C01025,19,F,Mumbai,27100.0,2025-11-06
C01026,37,M,Bengaluru,47900.0,2024-09-28
C01027,18,M,Bengaluru,65500.0,2025-06-08
C01028,54,F,Chennai,56900.0,2024-05-03
C01029,26,M,Ahmedabad,31400.0,2026-05-22
C01030,34,M,Bengaluru,26400.0,2023-08-27
C01031,26,F,Bengaluru,39400.0,2023-06-29
C01032,28,Other,Chennai,79100.0,2026-03-12
C01033,32,F,Ahmedabad,112000.0,2023-11-13
C01034,41,F,Chennai,83100.0,2026-06-21
C01035,55,F,Lucknow,88500.0,2023-08-20
C01036,52,M,Bengaluru,53000.0,2023-11-27
C01037,47,M,Hyderabad,25100.0,2024-07-14
C01038,48,F,Mumbai,44800.0,2025-08-06
C01039,22,F,Ahmedabad,49000.0,2023-09-05
C01040,61,M,Hyderabad,44000.0,2023-10-10
C01041,31,F,Chennai,56400.0,2025-07-28
C01042,28,M,Bengaluru,67100.0,2023-02-01
C01043,26,M,Chennai,80700.0,2024-06-13
C01044,51,F,Jaipur,48500.0,2024-01-16
C01045,29,M,Jaipur,23400.0,2023-03-04
C01046,52,M,Lucknow,44300.0,2023-05-08
C01047,52,M,Bengaluru,56100.0,2023-06-12
C01048,18,F,Bengaluru,95400.0,2025-08-15
C01049,57,M,Hyderabad,42600.0,2026-06-28
C01050,39,F,Kolkata,69300.0,2023-10-22
C01051,46,F,Bengaluru,62700.0,2023-06-28
C01052,25,M,Lucknow,56100.0,2023-08-17
C01053,28,Other,Ahmedabad,83600.0,2025-06-01
C01054,58,M,Ahmedabad,40900.0,2024-01-29
C01055,54,Other,Chennai,42500.0,2024-11-22
C01056,31,F,Hyderabad,54700.0,2023-03-13
C01057,47,Other,Pune,41200.0,2023-11-14
C01058,52,M,Delhi,69100.0,2024-08-17
C01059,38,F,Chennai,39900.0,2024-01-14
C01060,54,M,Bengaluru,60900.0,2025-06-25
C01061,22,M,Chennai,52600.0,2023-05-16
C01062,36,F,Pune,60600.0,2024-12-30
C01063,31,M,Delhi,44700.0,2026-02-16
C01064,43,F,Pune,47200.0,2025-06-24
C01065,21,M,Pune,57400.0,2024-06-13
C01066,42,M,Jaipur,60200.0,2025-07-23
C01067,62,F,Ahmedabad,54900.0,2024-10-27
C01068,59,M,Kolkata,118500.0,2024-06-06
C01069,42,F,Bengaluru,35200.0,2024-01-22
C01070,35,F,Lucknow,53400.0,2024-07-27
C01071,57,F,Hyderabad,27100.0,2024-08-05
C01072,25,M,Chennai,65000.0,2024-07-26
C01073,56,F,Bengaluru,33300.0,2024-10-05
C01074,57,Other,Jaipur,48500.0,2024-07-26
C01075,31,F,Ahmedabad,46500.0,2025-05-19
C01076,49,F,Chennai,62400.0,2024-06-30
C01077,55,F,Hyderabad,42900.0,2024-03-13
C01078,50,F,Kolkata,42100.0,2024-07-08
C01079,40,F,Bengaluru,104900.0,2023-04-21
C01080,32,M,Lucknow,62500.0,2024-06-10
C01081,50,M,Ahmedabad,42700.0,2023-06-26
C01082,42,F,Mumbai,49100.0,2024-11-04
C01083,34,M,Bengaluru,115300.0,2024-09-15
C01084,50,F,Pune,49500.0,2025-08-01
C01085,64,M,Pune,40300.0,2024-04-17
C01086,19,F,Lucknow,40400.0,2025-09-20
C01087,31,M,Delhi,43000.0,2025-05-28
C01088,57,M,Lucknow,42100.0,2026-01-26
C01089,57,F,Ahmedabad,30900.0,2023-06-19
C01090,56,F,Pune,33200.0,2025-10-10
C01091,23,F,Kolkata,37900.0,2023-02-25
C01092,23,M,Kolkata,71800.0,2023-11-21
C01093,20,F,Pune,46300.0,2024-10-19
C01094,24,F,Ahmedabad,50100.0,2025-08-14
C01095,25,F,Jaipur,97400.0,2023-09-17
C01096,59,M,Hyderabad,98500.0,2024-10-02
C01097,32,F,Hyderabad,48400.0,2024-07-15
C01098,64,F,Ahmedabad,41400.0,2023-12-06
C01099,46,Other,Mumbai,37300.0,2024-02-08
C01100,50,M,Hyderabad,75100.0,2024-06-15
C01101,47,F,Chennai,50200.0,2026-04-12
C01102,56,F,Hyderabad,46200.0,2025-03-05
C01103,44,M,Chennai,38100.0,2026-03-29
C01104,53,M,Pune,38900.0,2025-10-30
C01105,46,M,Jaipur,63500.0,2024-08-16
C01106,55,M,Lucknow,30400.0,2024-09-08
C01107,50,M,Jaipur,86100.0,2024-10-13
C01108,54,F,Hyderabad,43300.0,2024-12-14
C01109,44,F,Hyderabad,51400.0,2023-12-10
C01110,50,F,Ahmedabad,30100.0,2023-02-15
C01111,21,F,Lucknow,54700.0,2025-06-22
C01112,39,M,Hyderabad,47400.0,2023-02-24
C01113,19,M,Delhi,53800.0,2026-01-06
C01114,27,F,Delhi,106700.0,2025-05-05
C01115,22,M,Mumbai,59600.0,2024-10-21
C01116,27,M,Pune,38500.0,2023-04-21
C01117,50,M,Chennai,39900.0,2025-11-04
C01118,55,M,Jaipur,71900.0,2023-03-19
C01119,30,F,Pune,98700.0,2024-05-15
C01120,48,M,Chennai,62400.0,2024-08-10
C01121,64,M,Chennai,75000.0,2024-02-22
C01122,53,M,Bengaluru,72400.0,2023-10-02
C01123,62,F,Hyderabad,104200.0,2026-05-05
C01124,41,M,Mumbai,22900.0,2025-12-22
C01125,32,F,Hyderabad,74300.0,2025-08-30
C01126,46,M,Mumbai,85600.0,2025-09-17
C01127,25,M,Pune,30100.0,2026-02-07
C01128,22,F,Ahmedabad,36900.0,2023-07-13
C01129,46,M,Ahmedabad,37500.0,2025-05-04
C01130,64,M,Pune,39600.0,2025-03-09
C01131,21,M,Lucknow,44300.0,2023-10-28
C01132,29,F,Delhi,61300.0,2025-08-25
C01133,62,M,Chennai,81200.0,2024-07-21
C01134,19,F,Mumbai,89500.0,2024-11-02
C01135,44,M,Kolkata,37700.0,2023-05-29
C01136,48,M,Hyderabad,37600.0,2025-02-07
C01137,53,M,Pune,99400.0,2023-05-19
C01138,53,F,Chennai,73600.0,2025-05-10
C01139,43,M,Mumbai,57100.0,2023-10-19
C01140,60,M,Jaipur,68100.0,2023-12-01
C01141,44,M,Lucknow,54300.0,2024-11-29
C01142,22,M,Hyderabad,69600.0,2026-04-22
C01143,37,M,Ahmedabad,47300.0,2023-11-03
C01144,28,F,Pune,62100.0,2025-07-13
C01145,27,M,Ahmedabad,27900.0,2025-09-07
C01146,57,M,Mumbai,40400.0,2025-06-16
C01147,55,F,Ahmedabad,40600.0,2025-07-15
C01148,23,M,Hyderabad,46500.0,2023-12-10
C01149,25,M,Delhi,36200.0,2024-10-18
C01150,40,M,Chennai,43300.0,2023-09-18
C01151,64,F,Delhi,27800.0,2023-06-18
C01152,43,M,Pune,70400.0,2024-10-21
C01153,63,F,Delhi,53000.0,2023-07-19
C01154,60,M,Bengaluru,25500.0,2024-08-04
C01155,29,F,Chennai,37800.0,2024-07-19
C01156,43,M,Mumbai,64000.0,2024-01-30
C01157,30,F,Chennai,43100.0,2023-12-17
C01158,57,F,Bengaluru,40200.0,2023-01-28
C01159,35,F,Kolkata,53200.0,2024-09-23
C01160,42,M,Delhi,64200.0,2026-03-02
C01161,50,M,Chennai,28800.0,2024-01-15
C01162,64,M,Ahmedabad,70400.0,2024-06-11
C01163,57,M,Mumbai,38400.0,2025-06-21
C01164,60,M,Jaipur,54600.0,2025-03-17
C01165,29,F,Pune,54100.0,2023-08-15
C01166,61,M,Pune,43400.0,2023-01-27
C01167,53,M,Pune,34700.0,2026-02-14
C01168,65,F,Chennai,48400.0,2023-03-30
C01169,21,F,Delhi,114300.0,2024-09-10
C01170,22,M,Chennai,29800.0,2023-05-02
C01171,54,F,Hyderabad,117800.0,2025-05-15
C01172,25,M,Ahmedabad,48900.0,2023-02-02
C01173,59,F,Jaipur,55900.0,2024-08-25
C01174,45,F,Jaipur,33700.0,2024-11-26
C01175,48,F,Ahmedabad,38900.0,2025-06-06
C01176,26,F,Bengaluru,43900.0,2024-06-08
C01177,46,M,Lucknow,34400.0,2025-11-13
C01178,31,M,Hyderabad,50100.0,2023-02-03
C01179,57,F,Mumbai,45800.0,2023-09-04
C01180,58,M,Jaipur,126500.0,2025-11-08
C01181,39,F,Pune,32500.0,2025-11-19
C01182,28,M,Chennai,57600.0,2023-02-18
C01183,40,M,Bengaluru,61500.0,2025-06-30
C01184,18,M,Lucknow,34000.0,2023-06-29
C01185,63,M,Ahmedabad,74900.0,2025-01-07
C01186,54,F,Kolkata,46000.0,2024-08-12
C01187,38,F,Mumbai,17900.0,2024-05-10
C01188,43,F,Lucknow,74000.0,2024-03-06
C01189,63,F,Pune,33300.0,2026-05-15
C01190,53,F,Lucknow,34300.0,2025-11-24
C01191,40,F,Jaipur,75000.0,2023-12-30
C01192,18,M,Chennai,47000.0,2023-11-06
C01193,57,F,Ahmedabad,83100.0,2025-09-08
C01194,32,M,Lucknow,94800.0,2026-03-21
C01195,38,M,Mumbai,41100.0,2023-08-15
C01196,64,F,Lucknow,78600.0,2026-06-20
C01197,26,M,Kolkata,39100.0,2023-01-10
C01198,26,M,Bengaluru,150200.0,2023-02-17
C01199,27,M,Jaipur,40300.0,2023-07-23
C01200,43,M,Chennai,87300.0,2025-09-15
C01201,58,F,Pune,80400.0,2025-06-12
C01202,52,M,Ahmedabad,63400.0,2023-06-06
C01203,42,M,Ahmedabad,40700.0,2025-05-04
C01204,43,M,Bengaluru,51400.0,2023-01-26
C01205,28,M,Delhi,20900.0,2024-02-25
C01206,55,F,Delhi,60800.0,2025-01-30
C01207,19,M,Pune,64400.0,2025-02-12
C01208,24,F,Lucknow,58400.0,2023-09-21
C01209,35,F,Kolkata,14400.0,2024-08-10
C01210,44,F,Ahmedabad,31100.0,2025-08-15
C01211,51,F,Lucknow,39300.0,2024-04-14
C01212,44,F,Ahmedabad,62700.0,2023-09-11
C01213,34,M,Ahmedabad,62600.0,2026-03-16
C01214,60,M,Lucknow,50900.0,2025-01-09
C01215,61,M,Bengaluru,73200.0,2023-04-28
C01216,41,F,Delhi,34700.0,2026-04-03
C01217,42,M,Hyderabad,72400.0,2024-07-03
C01218,24,M,Mumbai,68100.0,2025-06-29
C01219,23,M,Bengaluru,65200.0,2025-05-19
C01220,41,M,Jaipur,50700.0,2025-03-18
C01221,50,M,Kolkata,125400.0,2025-03-31
C01222,46,Other,Kolkata,68700.0,2026-05-06
C01223,60,M,Mumbai,35600.0,2024-07-17
C01224,39,F,Kolkata,61500.0,2026-02-26
C01225,43,F,Lucknow,77200.0,2024-02-18
C01226,45,M,Kolkata,42200.0,2025-05-29
C01227,38,M,Hyderabad,89800.0,2025-09-19
C01228,24,M,Kolkata,65300.0,2023-01-01
C01229,34,M,Ahmedabad,19200.0,2023-06-16
C01230,37,F,Bengaluru,62900.0,2023-01-16
C01231,58,M,Lucknow,45800.0,2024-10-18
C01232,37,M,Delhi,70000.0,2023-04-22
C01233,39,F,Kolkata,84100.0,2026-01-30
C01234,45,F,Pune,60000.0,2024-08-16
C01235,57,F,Pune,116400.0,2024-05-21
C01236,24,F,Pune,50800.0,2024-11-01
C01237,18,F,Kolkata,72900.0,2025-11-29
C01238,49,M,Jaipur,79000.0,2025-01-28
C01239,30,F,Ahmedabad,52600.0,2024-05-11
C01240,47,M,Chennai,78100.0,2025-08-22
C01241,40,F,Kolkata,42100.0,2023-10-08
C01242,36,F,Jaipur,45500.0,2023-12-17
C01243,49,M,Chennai,30500.0,2023-11-30
C01244,47,F,Mumbai,61300.0,2025-01-30
C01245,46,F,Hyderabad,63700.0,2024-12-28
C01246,62,M,Ahmedabad,93500.0,2025-04-02
C01247,46,F,Kolkata,78500.0,2023-01-14
C01248,47,M,Bengaluru,48400.0,2025-12-15
C01249,33,F,Lucknow,32400.0,2023-12-08
C01250,57,F,Bengaluru,66800.0,2023-07-18
C01251,36,F,Bengaluru,90700.0,2024-11-08
C01252,35,F,Mumbai,77300.0,2024-10-19
C01253,18,F,Lucknow,89600.0,2023-03-19
C01254,31,F,Mumbai,50000.0,2023-04-22
C01255,64,M,Chennai,44600.0,2024-06-18
C01256,19,F,Mumbai,39500.0,2026-02-13
C01257,45,M,Pune,53600.0,2026-03-11
C01258,47,F,Hyderabad,53100.0,2025-09-18
C01259,55,M,Pune,60400.0,2026-05-05
C01260,21,M,Kolkata,51900.0,2025-02-28
C01261,18,F,Chennai,51800.0,2026-01-04
C01262,25,M,Jaipur,38800.0,2024-06-13
C01263,46,M,Chennai,84000.0,2023-04-10
C01264,56,M,Jaipur,56900.0,2025-08-30
C01265,20,M,Hyderabad,50800.0,2025-10-11
C01266,49,M,Mumbai,39300.0,2023-05-05
C01267,27,M,Mumbai,30200.0,2025-10-11
C01268,27,M,Lucknow,99100.0,2024-06-02
C01269,36,M,Kolkata,70600.0,2023-01-23
C01270,63,F,Bengaluru,26500.0,2023-06-11
C01271,51,M,Delhi,77500.0,2024-09-20
C01272,50,F,Chennai,83300.0,2024-05-20
C01273,40,F,Chennai,58200.0,2025-05-31
C01274,45,M,Kolkata,112900.0,2025-11-10
C01275,49,F,Pune,60600.0,2024-04-27
C01276,24,F,Ahmedabad,29100.0,2023-11-05
C01277,46,Other,Kolkata,64800.0,2025-05-23
C01278,25,F,Delhi,61400.0,2023-07-22
C01279,18,M,Mumbai,41900.0,2024-10-01
C01280,20,F,Jaipur,71200.0,2023-05-22
C01281,41,F,Pune,26000.0,2025-09-30
C01282,40,F,Pune,85900.0,2024-09-06
C01283,25,M,Lucknow,37000.0,2023-04-17
C01284,64,F,Hyderabad,35300.0,2024-06-12
C01285,54,F,Delhi,52300.0,2024-07-29
C01286,20,M,Pune,66800.0,2025-08-26
C01287,50,M,Delhi,59200.0,2024-11-18
C01288,45,M,Kolkata,39400.0,2023-10-18
C01289,64,F,Jaipur,43800.0,2025-03-15
C01290,25,F,Jaipur,33000.0,2024-10-29
C01291,51,F,Chennai,49700.0,2024-01-20
C01292,52,M,Mumbai,89200.0,2025-12-12
C01293,49,F,Chennai,54900.0,2026-04-21
C01294,41,M,Pune,81000.0,2024-12-01
C01295,31,M,Hyderabad,105900.0,2023-01-13
C01296,49,F,Chennai,42200.0,2025-08-17
C01297,63,Other,Chennai,50600.0,2023-06-09
C01298,60,F,Chennai,146100.0,2024-07-18
C01299,33,F,Delhi,105300.0,2023-01-08
C01300,21,M,Kolkata,25900.0,2023-03-13
C01301,54,M,Hyderabad,65500.0,2025-06-10
C01302,38,F,Jaipur,55000.0,2023-04-08
C01303,31,F,Lucknow,79800.0,2023-03-28
C01304,48,M,Delhi,39300.0,2023-04-11
C01305,65,M,Pune,37700.0,2023-10-08
C01306,35,M,Hyderabad,40600.0,2025-06-01
C01307,24,F,Jaipur,42500.0,2025-01-18
C01308,27,M,Hyderabad,79400.0,2023-07-15
C01309,24,M,Ahmedabad,32300.0,2024-01-26
C01310,50,M,Ahmedabad,41600.0,2024-08-31
C01311,40,M,Chennai,24600.0,2024-03-25
C01312,38,F,Chennai,86500.0,2026-01-24
C01313,36,M,Ahmedabad,97400.0,2023-05-01
C01314,65,F,Lucknow,47500.0,2023-11-28
C01315,36,F,Jaipur,48100.0,2025-12-11
C01316,53,F,Pune,67400.0,2023-11-14
C01317,46,M,Mumbai,106800.0,2024-11-05
C01318,35,Other,Mumbai,66100.0,2024-12-02
C01319,19,F,Delhi,40200.0,2026-05-02
C01320,18,Other,Lucknow,26500.0,2024-11-23
C01321,64,F,Lucknow,33300.0,2025-10-13
C01322,22,M,Pune,56800.0,2023-01-21
C01323,37,M,Hyderabad,41000.0,2024-02-03
C01324,28,M,Mumbai,60000.0,2023-07-21
C01325,59,F,Hyderabad,42900.0,2024-04-10
C01326,19,M,Hyderabad,34200.0,2026-03-20
C01327,20,M,Lucknow,32400.0,2025-06-14
C01328,40,M,Hyderabad,111100.0,2026-03-28
C01329,29,M,Mumbai,82100.0,2023-11-06
C01330,37,M,Jaipur,119800.0,2024-05-18
C01331,22,M,Bengaluru,70100.0,2023-01-26
C01332,54,M,Hyderabad,45300.0,2023-03-07
C01333,55,M,Pune,99800.0,2023-09-20
C01334,47,M,Kolkata,54200.0,2024-04-16
C01335,26,M,Chennai,60700.0,2023-06-16
C01336,51,F,Pune,54000.0,2025-03-10
C01337,61,F,Ahmedabad,14600.0,2026-03-23
C01338,52,M,Mumbai,113200.0,2023-12-09
C01339,39,M,Kolkata,68600.0,2024-12-18
C01340,61,F,Chennai,63800.0,2024-02-17
C01341,41,F,Pune,53500.0,2026-04-22
C01342,34,F,Kolkata,59200.0,2026-05-02
C01343,27,F,Bengaluru,42000.0,2025-10-22
C01344,47,M,Mumbai,72600.0,2026-05-23
C01345,63,M,Jaipur,30500.0,2024-11-17
C01346,40,M,Delhi,59800.0,2025-03-07
C01347,49,F,Lucknow,70800.0,2024-04-27
C01348,34,F,Bengaluru,50300.0,2025-11-21
C01349,34,F,Ahmedabad,65000.0,2023-01-15
C01350,31,M,Lucknow,35200.0,2026-06-20
C01351,26,F,Jaipur,35600.0,2023-01-17
C01352,57,M,Bengaluru,61200.0,2024-06-17
C01353,19,M,Chennai,74600.0,2023-03-22
C01354,62,M,Kolkata,23700.0,2024-10-17
C01355,42,F,Mumbai,69600.0,2024-03-11
C01356,56,M,Kolkata,43100.0,2025-10-28
C01357,26,F,Hyderabad,50400.0,2025-10-15
C01358,39,M,Pune,30100.0,2024-11-09
C01359,60,F,Ahmedabad,37500.0,2025-02-18
C01360,63,F,Hyderabad,85000.0,2023-07-05
C01361,21,M,Hyderabad,55800.0,2024-02-26
C01362,43,F,Ahmedabad,46300.0,2024-04-10
C01363,46,F,Pune,52200.0,2023-03-24
C01364,62,F,Chennai,68500.0,2024-07-20
C01365,51,F,Pune,67100.0,2024-10-04
C01366,40,F,Mumbai,53200.0,2023-11-21
C01367,54,M,Kolkata,89900.0,2023-02-20
C01368,28,F,Chennai,85100.0,2025-11-16
C01369,23,M,Delhi,66200.0,2024-11-07
C01370,35,M,Kolkata,56400.0,2025-09-07
C01371,38,M,Chennai,73900.0,2025-03-03
C01372,59,F,Pune,63400.0,2025-12-21
C01373,53,F,Ahmedabad,88600.0,2024-10-18
C01374,58,M,Pune,82400.0,2026-04-09
C01375,55,F,Delhi,34800.0,2023-04-27
C01376,51,F,Chennai,33700.0,2025-10-24
C01377,34,M,Mumbai,40100.0,2025-12-25
C01378,54,M,Pune,85300.0,2025-12-19
C01379,42,F,Chennai,27100.0,2025-06-23
C01380,55,M,Kolkata,65700.0,2024-05-16
C01381,29,F,Delhi,64700.0,2025-03-09
C01382,40,M,Mumbai,92800.0,2025-05-06
C01383,59,M,Chennai,59600.0,2026-06-06
C01384,39,F,Bengaluru,30100.0,2026-01-28
C01385,38,F,Pune,35700.0,2026-02-16
C01386,44,F,Delhi,32300.0,2023-03-10
C01387,48,F,Mumbai,43200.0,2024-10-25
C01388,23,F,Mumbai,50700.0,2025-03-02
C01389,44,F,Hyderabad,32600.0,2023-08-09
C01390,57,M,Lucknow,106600.0,2025-10-06
C01391,51,F,Delhi,30300.0,2023-08-11
C01392,29,M,Mumbai,100800.0,2024-11-07
C01393,62,F,Chennai,93800.0,2023-07-30
C01394,24,M,Hyderabad,82400.0,2025-07-19
C01395,27,F,Lucknow,40300.0,2025-06-04
C01396,62,M,Kolkata,64200.0,2025-05-31
C01397,34,F,Chennai,31000.0,2023-09-19
C01398,43,F,Pune,82900.0,2024-06-01
C01399,38,M,Lucknow,53200.0,2026-06-25
C01400,45,F,Delhi,45700.0,2025-03-08
C01401,63,M,Pune,31700.0,2025-12-22
C01402,19,F,Jaipur,18000.0,2024-06-23
C01403,60,F,Jaipur,34500.0,2024-02-21
C01404,18,M,Delhi,90700.0,2023-02-22
C01405,53,F,Kolkata,45900.0,2023-02-07
C01406,43,M,Lucknow,51000.0,2023-11-04
C01407,46,M,Hyderabad,73900.0,2025-04-25
C01408,38,F,Bengaluru,124000.0,2025-06-16
C01409,28,M,Mumbai,99800.0,2023-02-22
C01410,57,Other,Bengaluru,35500.0,2024-08-28
C01411,28,F,Jaipur,22900.0,2024-03-27
C01412,53,M,Jaipur,159000.0,2024-04-05
C01413,56,F,Kolkata,152700.0,2025-02-13
C01414,57,M,Bengaluru,59900.0,2026-03-06
C01415,52,M,Bengaluru,31100.0,2024-01-30
C01416,51,M,Hyderabad,84800.0,2025-11-26
C01417,64,M,Kolkata,52400.0,2026-03-16
C01418,41,M,Kolkata,52300.0,2025-10-28
C01419,39,M,Delhi,82300.0,2026-06-28
C01420,22,Other,Pune,63900.0,2024-10-08
C01421,50,F,Kolkata,32300.0,2023-09-20
C01422,53,F,Kolkata,47500.0,2024-09-23
C01423,64,F,Chennai,74100.0,2024-06-13
C01424,37,F,Lucknow,69200.0,2023-10-28
C01425,36,M,Lucknow,61900.0,2024-04-29
C01426,52,F,Ahmedabad,83700.0,2023-04-02
C01427,60,Other,Bengaluru,46700.0,2026-04-02
C01428,34,M,Mumbai,59600.0,2023-11-11
C01429,62,F,Bengaluru,12000.0,2025-08-02
C01430,60,F,Delhi,44900.0,2023-08-26
C01431,51,F,Delhi,77600.0,2023-03-24
C01432,26,F,Delhi,46100.0,2024-10-30
C01433,43,M,Pune,44600.0,2026-02-06
C01434,19,M,Mumbai,34400.0,2023-06-27
C01435,26,M,Lucknow,86400.0,2023-09-07
C01436,26,F,Hyderabad,70400.0,2025-02-03
C01437,57,M,Lucknow,79700.0,2024-10-28
C01438,34,F,Pune,25300.0,2025-06-21
C01439,18,M,Delhi,51200.0,2023-04-01
C01440,42,M,Pune,48500.0,2023-12-05
C01441,60,M,Lucknow,48500.0,2023-06-18
C01442,57,F,Hyderabad,41700.0,2026-03-08
C01443,59,M,Ahmedabad,47100.0,2024-07-31
C01444,42,M,Unknown,80600.0,2026-04-22
C01445,56,F,Pune,23300.0,2025-02-18
C01446,52,M,Lucknow,122400.0,2023-06-19
C01447,20,M,Mumbai,68400.0,2023-12-28
C01448,54,F,Lucknow,54000.0,2023-09-01
C01449,61,F,Lucknow,82700.0,2023-05-18
C01450,61,M,Hyderabad,28600.0,2025-11-17
C01451,47,F,Ahmedabad,40800.0,2024-06-02
C01452,55,Other,Mumbai,52100.0,2023-11-29
C01453,51,F,Delhi,101700.0,2025-08-22
C01454,29,F,Mumbai,53900.0,2024-07-16
C01455,36,F,Kolkata,67300.0,2024-03-01
C01456,54,F,Delhi,42200.0,2026-03-05
C01457,61,F,Mumbai,68500.0,2024-10-02
C01458,34,M,Chennai,117000.0,2024-12-09
C01459,27,F,Chennai,86100.0,2023-04-17
C01460,64,F,Lucknow,53000.0,2024-07-13
C01461,29,M,Delhi,74500.0,2023-05-18
C01462,33,M,Mumbai,71300.0,2024-09-06
C01463,41,F,Lucknow,69100.0,2023-02-16
C01464,36,F,Bengaluru,90700.0,2024-01-03
C01465,25,M,Lucknow,90400.0,2023-01-06
C01466,48,F,Pune,51900.0,2024-06-06
C01467,38,M,Chennai,73400.0,2024-06-12
C01468,34,M,Bengaluru,46300.0,2023-03-07
C01469,40,F,Jaipur,36300.0,2024-02-24
C01470,54,M,Pune,48700.0,2025-07-22
C01471,33,M,Delhi,53100.0,2024-05-12
C01472,23,F,Lucknow,26000.0,2023-11-27
C01473,25,M,Chennai,81000.0,2025-02-06
C01474,42,M,Ahmedabad,15800.0,2025-09-27
C01475,35,Other,Chennai,186600.0,2026-02-28
C01476,42,F,Hyderabad,108100.0,2024-06-13
C01477,29,F,Chennai,48900.0,2023-08-31
C01478,32,F,Ahmedabad,55200.0,2023-12-16
C01479,43,M,Ahmedabad,63000.0,2025-11-06
C01480,58,F,Lucknow,42200.0,2025-01-04
C01481,62,F,Delhi,60000.0,2025-05-31
C01482,43,F,Ahmedabad,51500.0,2023-12-29
C01483,64,F,Chennai,52700.0,2026-05-18
C01484,49,F,Delhi,59700.0,2025-10-11
C01485,27,M,Mumbai,30500.0,2024-06-08
C01486,33,M,Chennai,56000.0,2025-04-10
C01487,24,F,Kolkata,59200.0,2025-02-20
C01488,34,F,Lucknow,58300.0,2024-02-24
C01489,40,F,Pune,49900.0,2025-02-24
C01490,43,M,Lucknow,91800.0,2023-05-13
C01491,38,F,Ahmedabad,46900.0,2023-01-14
C01492,39,F,Jaipur,60900.0,2025-12-03
C01493,24,F,Hyderabad,98600.0,2023-10-22
C01494,31,F,Kolkata,53100.0,2026-02-01
C01495,32,F,Ahmedabad,60600.0,2024-03-20
C01496,24,F,Chennai,52700.0,2025-12-21
C01497,26,F,Delhi,96000.0,2024-02-16
C01498,65,F,Kolkata,49000.0,2024-09-21
C01499,25,F,Jaipur,98000.0,2023-11-17
C01500,40,F,Pune,52500.0,2026-02-28
C01501,46,F,Delhi,37400.0,2025-03-28
C01502,35,F,Hyderabad,74700.0,2026-05-07
C01503,48,F,Bengaluru,48000.0,2025-06-23
C01504,47,M,Hyderabad,72700.0,2023-02-05
C01505,56,M,Lucknow,16100.0,2025-03-01
C01506,52,Other,Kolkata,55100.0,2026-05-24
C01507,35,F,Lucknow,44700.0,2024-08-08
C01508,59,F,Ahmedabad,34100.0,2023-11-02
C01509,56,F,Mumbai,42900.0,2025-10-04
C01510,34,F,Ahmedabad,42500.0,2025-06-11
C01511,31,F,Pune,,2023-01-12
C01512,48,F,Kolkata,29700.0,2023-03-24
C01513,41,F,Mumbai,63400.0,2025-11-21
C01514,52,M,Delhi,101700.0,2026-01-14
C01515,61,M,Mumbai,62400.0,2025-08-14
C01516,62,M,Pune,79200.0,2024-12-13
C01517,51,M,Chennai,90000.0,2023-08-29
C01518,20,F,Lucknow,95900.0,2025-06-16
C01519,54,M,Jaipur,127600.0,2025-06-14
C01520,60,M,Ahmedabad,43900.0,2025-06-25
C01521,57,M,Kolkata,39800.0,2025-01-25
C01522,43,M,Pune,78200.0,2025-10-21
C01523,40,F,Bengaluru,75600.0,2024-08-23
C01524,61,F,Jaipur,78000.0,2023-10-09
C01525,56,F,Pune,128700.0,2024-10-12
C01526,32,M,Bengaluru,55300.0,2024-08-21
C01527,21,M,Bengaluru,66600.0,2025-09-05
C01528,46,M,Bengaluru,35400.0,2026-02-16
C01529,39,F,Chennai,143800.0,2025-10-08
C01530,42,M,Mumbai,47300.0,2025-06-18
C01531,30,F,Hyderabad,47900.0,2026-01-08
C01532,35,M,Ahmedabad,47100.0,2025-06-12
C01533,50,F,Bengaluru,41100.0,2025-08-14
C01534,33,M,Pune,39600.0,2023-08-07
C01535,62,M,Delhi,43500.0,2024-12-27
C01536,59,F,Delhi,29700.0,2025-10-05
C01537,61,M,Kolkata,38600.0,2024-06-01
C01538,19,M,Lucknow,132200.0,2025-03-22
C01539,52,F,Bengaluru,76600.0,2024-05-16
C01540,59,F,Pune,83400.0,2023-02-27
C01541,51,F,Bengaluru,93400.0,2025-03-24
C01542,47,M,Chennai,125500.0,2024-09-05
C01543,30,M,Lucknow,24800.0,2024-03-01
C01544,30,M,Bengaluru,31600.0,2025-06-01
C01545,35,M,Ahmedabad,38300.0,2024-03-07
C01546,49,F,Delhi,44500.0,2026-05-04
C01547,49,F,Bengaluru,48000.0,2025-08-05
C01548,52,M,Ahmedabad,45000.0,2025-07-23
C01549,56,F,Ahmedabad,60700.0,2024-02-09
C01550,63,M,Mumbai,55900.0,2024-05-06
C01551,46,F,Ahmedabad,39700.0,2023-03-07
C01552,46,M,Lucknow,20700.0,2025-06-30
C01553,61,M,Delhi,35200.0,2024-01-26
C01554,33,F,Kolkata,43000.0,2023-03-24
C01555,61,F,Chennai,49200.0,2025-09-29
C01556,64,F,Delhi,33100.0,2024-04-25
C01557,27,M,Pune,44100.0,2025-02-15
C01558,47,M,Kolkata,33100.0,2026-06-06
C01559,42,F,Ahmedabad,52000.0,2025-02-23
C01560,56,M,Bengaluru,33900.0,2026-06-02
C01561,37,F,Mumbai,37500.0,2026-02-10
C01562,22,M,Kolkata,30500.0,2024-10-13
C01563,18,F,Pune,51300.0,2026-04-23
C01564,47,F,Pune,37200.0,2026-04-11
C01565,20,M,Kolkata,82700.0,2024-06-06
C01566,62,F,Mumbai,66000.0,2023-07-24
C01567,31,F,Ahmedabad,53300.0,2025-01-11
C01568,47,M,Lucknow,38400.0,2023-11-15
C01569,21,F,Pune,65300.0,2026-03-28
C01570,35,F,Ahmedabad,75000.0,2023-10-05
C01571,54,M,Lucknow,,2025-06-20
C01572,42,M,Lucknow,113200.0,2023-05-28
C01573,65,M,Pune,67600.0,2025-02-16
C01574,18,F,Kolkata,83000.0,2026-01-11
C01575,63,F,Lucknow,58400.0,2024-02-23
C01576,32,F,Bengaluru,74500.0,2024-06-21
C01577,26,Other,Delhi,38400.0,2024-01-27
C01578,32,F,Chennai,44700.0,2026-03-02
C01579,41,F,Pune,64400.0,2025-07-28
C01580,21,M,Jaipur,64200.0,2023-08-30
C01581,29,F,Lucknow,69100.0,2025-09-25
C01582,54,M,Hyderabad,90200.0,2026-05-08
C01583,54,F,Bengaluru,29000.0,2026-02-14
C01584,60,M,Jaipur,35500.0,2026-05-27
C01585,23,M,Ahmedabad,61000.0,2023-08-31
C01586,56,M,Chennai,39700.0,2025-09-02
C01587,63,M,Mumbai,251500.0,2024-11-14
C01588,41,F,Lucknow,69400.0,2024-08-10
C01589,28,M,Mumbai,53100.0,2026-05-17
C01590,30,F,Chennai,43600.0,2024-09-08
C01591,51,F,Bengaluru,44300.0,2023-01-26
C01592,42,F,Bengaluru,55800.0,2025-05-12
C01593,24,M,Chennai,57800.0,2023-03-20
C01594,21,M,Bengaluru,44800.0,2025-10-08
C01595,25,F,Lucknow,48600.0,2023-05-08
C01596,37,F,Chennai,100700.0,2024-02-17
C01597,46,M,Pune,102600.0,2023-05-17
C01598,62,M,Hyderabad,61600.0,2024-07-01
C01599,63,M,Ahmedabad,30100.0,2024-01-23
C01600,27,F,Delhi,70100.0,2024-07-24
C01601,60,M,Kolkata,110700.0,2026-06-07
C01602,51,F,Hyderabad,101900.0,2025-10-12
C01603,43,F,Delhi,76500.0,2024-02-25
C01604,58,M,Kolkata,104300.0,2026-02-21
C01605,20,Other,Mumbai,56300.0,2026-01-16
C01606,23,F,Hyderabad,73000.0,2023-05-21
C01607,22,F,Jaipur,40500.0,2023-02-20
C01608,22,F,Hyderabad,62700.0,2025-09-13
C01609,64,F,Bengaluru,100000.0,2025-07-17
C01610,40,F,Lucknow,42200.0,2024-10-23
C01611,26,M,Lucknow,37300.0,2024-01-01
C01612,52,M,Delhi,57500.0,2025-06-26
C01613,37,M,Bengaluru,49700.0,2025-09-24
C01614,59,M,Mumbai,73700.0,2025-05-03
C01615,52,M,Lucknow,44900.0,2023-09-15
C01616,35,M,Ahmedabad,119200.0,2023-02-14
C01617,34,M,Mumbai,30800.0,2023-09-26
C01618,41,F,Bengaluru,96700.0,2024-11-02
C01619,20,F,Bengaluru,39000.0,2025-10-15
C01620,49,F,Delhi,24500.0,2025-05-06
C01621,52,F,Pune,61200.0,2023-05-25
C01622,55,F,Lucknow,49000.0,2023-08-23
C01623,30,F,Bengaluru,33400.0,2024-11-21
C01624,64,M,Bengaluru,25800.0,2024-12-20
C01625,42,M,Ahmedabad,54800.0,2026-03-05
C01626,26,F,Hyderabad,85300.0,2023-12-19
C01627,21,F,Hyderabad,71600.0,2025-09-20
C01628,31,F,Bengaluru,56400.0,2023-10-02
C01629,54,M,Mumbai,68200.0,2025-06-28
C01630,51,M,Ahmedabad,54300.0,2026-04-21
C01631,28,F,Mumbai,28900.0,2024-03-15
C01632,58,F,Kolkata,29000.0,2025-12-22
C01633,20,M,Pune,50200.0,2025-05-21
C01634,45,M,Hyderabad,51200.0,2024-10-12
C01635,46,F,Hyderabad,80700.0,2025-07-31
C01636,26,F,Ahmedabad,77300.0,2023-02-03
C01637,20,M,Chennai,72200.0,2024-12-05
C01638,42,F,Mumbai,48500.0,2025-05-16
C01639,51,M,Lucknow,29500.0,2025-09-11
C01640,29,M,Ahmedabad,66200.0,2025-04-11
C01641,59,F,Delhi,69700.0,2026-01-15
C01642,26,M,Chennai,18800.0,2026-05-18
C01643,32,F,Jaipur,37800.0,2024-04-06
C01644,57,F,Mumbai,40300.0,2023-03-22
C01645,42,F,Chennai,58000.0,2023-11-18
C01646,22,M,Ahmedabad,38300.0,2024-02-19
C01647,28,M,Lucknow,54100.0,2025-09-18
C01648,51,M,Delhi,50000.0,2023-07-09
C01649,41,F,Pune,51200.0,2026-06-10
C01650,32,F,Chennai,39800.0,2024-01-27
C01651,55,F,Pune,41300.0,2026-04-07
C01652,25,F,Bengaluru,33800.0,2023-06-17
C01653,22,F,Hyderabad,65300.0,2026-06-08
C01654,65,F,Kolkata,71100.0,2026-03-19
C01655,43,M,Hyderabad,38900.0,2024-10-25
C01656,35,M,Jaipur,109000.0,2024-01-16
C01657,23,F,Lucknow,47700.0,2025-06-16
C01658,54,M,Delhi,109500.0,2025-05-13
C01659,65,M,Pune,41200.0,2023-03-03
C01660,30,F,Ahmedabad,22100.0,2024-06-11
C01661,45,F,Pune,65900.0,2025-05-11
C01662,22,M,Lucknow,61500.0,2023-05-30
C01663,30,F,Ahmedabad,55900.0,2026-03-11
C01664,34,F,Ahmedabad,41200.0,2023-04-26
C01665,57,F,Jaipur,54200.0,2025-04-03
C01666,62,M,Lucknow,43700.0,2023-03-06
C01667,49,M,Chennai,48000.0,2023-11-06
C01668,46,F,Hyderabad,80300.0,2024-12-06
C01669,20,F,Bengaluru,59800.0,2025-05-03
C01670,57,F,Pune,72400.0,2025-10-20
C01671,51,F,Chennai,49600.0,2026-03-30
C01672,57,M,Bengaluru,47200.0,2023-11-02
C01673,44,M,Delhi,32700.0,2025-05-22
C01674,30,F,Kolkata,46600.0,2023-06-18
C01675,62,M,Pune,12300.0,2025-10-27
C01676,50,M,Jaipur,42200.0,2026-03-01
C01677,23,F,Bengaluru,53000.0,2024-08-10
C01678,41,M,Ahmedabad,70900.0,2025-01-31
C01679,36,M,Chennai,48700.0,2023-12-13
C01680,33,M,Hyderabad,64300.0,2025-08-12
C01681,57,M,Jaipur,20600.0,2025-01-04
C01682,45,M,Pune,53600.0,2026-06-30
C01683,50,F,Lucknow,25800.0,2024-02-14
C01684,65,F,Chennai,31900.0,2024-06-26
C01685,58,M,Jaipur,50600.0,2023-12-21
C01686,30,F,Kolkata,97700.0,2024-12-13
C01687,60,M,Pune,65000.0,2024-08-06
C01688,62,F,Delhi,55500.0,2024-05-25
C01689,42,F,Hyderabad,54500.0,2024-06-16
C01690,59,F,Delhi,39900.0,2024-06-11
C01691,53,F,Bengaluru,43100.0,2025-08-04
C01692,44,M,Lucknow,66700.0,2026-04-13
C01693,55,M,Bengaluru,,2025-04-03
C01694,24,F,Hyderabad,71800.0,2023-03-19
C01695,22,M,Chennai,46200.0,2024-03-15
C01696,60,M,Bengaluru,79700.0,2024-07-02
C01697,62,F,Lucknow,84800.0,2026-06-09
C01698,48,F,Mumbai,25900.0,2024-02-04
C01699,40,F,Mumbai,42300.0,2026-05-21
C01700,59,M,Jaipur,37400.0,2026-05-01
C01701,27,F,Jaipur,,2024-12-01
C01702,49,M,Pune,34600.0,2023-05-06
C01703,60,M,Jaipur,165000.0,2025-04-13
C01704,47,F,Kolkata,72400.0,2024-06-27
C01705,56,M,Jaipur,130300.0,2024-05-16
C01706,48,M,Kolkata,79900.0,2025-04-03
C01707,35,F,Jaipur,39400.0,2024-01-22
C01708,53,M,Delhi,46300.0,2024-02-16
C01709,19,M,Ahmedabad,71700.0,2026-01-22
C01710,31,M,Kolkata,67000.0,2023-11-24
C01711,30,M,Chennai,42400.0,2023-04-10
C01712,46,M,Pune,27900.0,2024-04-05
C01713,29,F,Hyderabad,241500.0,2023-01-25
C01714,56,F,Kolkata,51600.0,2024-05-08
C01715,19,M,Bengaluru,47500.0,2023-12-19
C01716,49,F,Ahmedabad,57900.0,2025-05-18
C01717,30,M,Delhi,49300.0,2026-02-14
C01718,63,M,Mumbai,58100.0,2023-07-18
C01719,44,F,Delhi,98100.0,2025-04-26
C01720,58,M,Jaipur,52000.0,2026-01-07
C01721,34,Other,Pune,32600.0,2024-06-09
C01722,57,M,Ahmedabad,51100.0,2024-06-24
C01723,48,F,Bengaluru,44600.0,2024-04-21
C01724,51,M,Kolkata,104400.0,2023-01-10
C01725,41,M,Delhi,93200.0,2024-06-07
C01726,62,M,Ahmedabad,57700.0,2025-03-20
C01727,52,F,Kolkata,30900.0,2025-02-10
C01728,65,F,Pune,31700.0,2025-05-09
C01729,23,F,Hyderabad,55400.0,2025-10-26
C01730,36,M,Mumbai,64000.0,2025-11-24
C01731,47,M,Pune,46500.0,2023-06-24
C01732,24,M,Jaipur,44300.0,2024-03-17
C01733,27,F,Lucknow,42100.0,2026-03-16
C01734,58,F,Hyderabad,54400.0,2026-05-01
C01735,49,M,Jaipur,18800.0,2025-11-02
C01736,51,F,Delhi,33500.0,2023-09-03
C01737,45,M,Hyderabad,41500.0,2024-11-05
C01738,32,F,Jaipur,94700.0,2023-04-24
C01739,47,F,Hyderabad,38100.0,2025-10-08
C01740,54,M,Pune,59700.0,2025-03-04
C01741,46,M,Ahmedabad,60900.0,2023-08-21
C01742,39,Other,Mumbai,98600.0,2025-09-06
C01743,21,F,Mumbai,97100.0,2023-05-06
C01744,37,F,Jaipur,53600.0,2024-05-25
C01745,49,F,Jaipur,44400.0,2023-10-08
C01746,53,M,Hyderabad,40800.0,2025-03-08
C01747,21,F,Delhi,49300.0,2025-09-04
C01748,44,F,Jaipur,45200.0,2025-06-21
C01749,34,F,Hyderabad,70600.0,2024-10-12
C01750,29,M,Chennai,66500.0,2024-01-27
C01751,39,M,Mumbai,71800.0,2024-01-17
C01752,34,M,Jaipur,96900.0,2023-08-04
C01753,27,M,Pune,127200.0,2024-06-25
C01754,18,M,Bengaluru,58200.0,2024-08-28
C01755,39,M,Hyderabad,90200.0,2023-04-26
C01756,43,M,Mumbai,47000.0,2024-05-23
C01757,35,M,Jaipur,93700.0,2023-09-28
C01758,31,F,Ahmedabad,88700.0,2025-11-28
C01759,64,M,Hyderabad,86600.0,2025-11-13
C01760,46,M,Delhi,57400.0,2025-02-14
C01761,29,M,Jaipur,40700.0,2025-12-02
C01762,53,M,Hyderabad,29400.0,2026-04-08
C01763,52,F,Jaipur,54000.0,2023-12-06
C01764,29,M,Lucknow,109600.0,2023-06-18
C01765,24,F,Bengaluru,47800.0,2024-10-23
C01766,46,F,Kolkata,78300.0,2023-05-23
C01767,28,F,Kolkata,80400.0,2026-01-29
C01768,50,F,Lucknow,48400.0,2024-07-28
C01769,23,F,Hyderabad,99500.0,2024-04-19
C01770,64,F,Delhi,14900.0,2023-11-07
C01771,32,M,Jaipur,31700.0,2025-12-19
C01772,49,M,Hyderabad,36400.0,2025-11-18
C01773,28,F,Ahmedabad,38000.0,2024-06-14
C01774,40,M,Delhi,64000.0,2025-09-17
C01775,43,M,Ahmedabad,62700.0,2023-03-14
C01776,51,F,Lucknow,65700.0,2025-05-18
C01777,63,F,Pune,71900.0,2024-01-29
C01778,51,M,Kolkata,35900.0,2024-04-25
C01779,46,F,Kolkata,31800.0,2024-04-17
C01780,21,M,Jaipur,65700.0,2023-11-09
C01781,34,F,Bengaluru,41400.0,2025-08-09
C01782,52,M,Lucknow,27100.0,2023-11-20
C01783,30,M,Hyderabad,85200.0,2025-10-09
C01784,58,F,Lucknow,103000.0,2025-08-22
C01785,56,M,Hyderabad,110800.0,2023-03-28
C01786,32,F,Lucknow,59800.0,2023-12-25
C01787,46,M,Pune,72900.0,2024-11-25
C01788,46,M,Chennai,101900.0,2023-07-16
C01789,28,F,Bengaluru,41200.0,2025-01-25
C01790,49,M,Hyderabad,90700.0,2025-09-03
C01791,19,M,Bengaluru,,2026-02-15
C01792,64,M,Delhi,83000.0,2024-05-12
C01793,31,F,Lucknow,59800.0,2025-06-26
C01794,37,F,Jaipur,98600.0,2025-07-19
C01795,39,Other,Mumbai,60800.0,2024-04-06
C01796,28,M,Delhi,28200.0,2025-08-27
C01797,44,M,Ahmedabad,105700.0,2026-06-24
C01798,20,M,Kolkata,35900.0,2023-08-22
C01799,34,F,Mumbai,96700.0,2024-02-21
C01800,61,M,Pune,52800.0,2023-06-02
C01801,45,F,Lucknow,93400.0,2023-09-29
C01802,46,M,Chennai,91700.0,2024-01-27
C01803,38,Other,Pune,66700.0,2024-06-30
C01804,64,F,Hyderabad,69100.0,2024-12-25
C01805,33,F,Mumbai,66500.0,2023-07-08
C01806,54,M,Kolkata,22200.0,2025-03-22
C01807,37,M,Jaipur,58000.0,2026-06-29
C01808,23,M,Chennai,33300.0,2024-01-30
C01809,36,M,Bengaluru,59400.0,2024-10-23
C01810,22,M,Lucknow,32900.0,2025-05-02
C01811,20,F,Hyderabad,32300.0,2026-05-27
C01812,18,M,Lucknow,113200.0,2024-08-16
C01813,55,F,Pune,89000.0,2023-07-09
C01814,32,F,Mumbai,54900.0,2023-08-22
C01815,51,M,Pune,59800.0,2023-08-20
C01816,52,Other,Mumbai,49200.0,2023-12-24
C01817,42,M,Jaipur,71100.0,2024-04-22
C01818,41,M,Kolkata,40600.0,2023-08-25
C01819,29,F,Bengaluru,86000.0,2025-11-22
C01820,35,F,Jaipur,49100.0,2023-08-01
C01821,32,M,Delhi,45500.0,2024-01-14
C01822,61,M,Kolkata,55500.0,2025-10-22
C01823,33,F,Jaipur,42200.0,2025-06-27
C01824,44,M,Chennai,63800.0,2024-03-25
C01825,25,F,Lucknow,43200.0,2024-07-22
C01826,63,F,Pune,67900.0,2025-03-23
C01827,42,Other,Kolkata,,2023-10-06
C01828,34,M,Chennai,39800.0,2023-08-02
C01829,46,M,Pune,51900.0,2024-12-18
C01830,25,M,Delhi,67700.0,2025-08-27
C01831,32,M,Ahmedabad,45200.0,2025-10-31
C01832,44,M,Kolkata,67800.0,2025-05-20
C01833,63,M,Chennai,70600.0,2025-12-06
C01834,24,F,Pune,89600.0,2024-03-13
C01835,20,F,Pune,41900.0,2024-11-01
C01836,46,M,Jaipur,36000.0,2025-06-22
C01837,61,M,Mumbai,47900.0,2026-02-27
C01838,41,M,Jaipur,35600.0,2025-11-11
C01839,20,M,Chennai,70900.0,2025-06-10
C01840,37,F,Hyderabad,32600.0,2024-01-24
C01841,63,F,Lucknow,157100.0,2023-05-15
C01842,32,F,Kolkata,98500.0,2024-06-15
C01843,42,F,Jaipur,55300.0,2023-08-08
C01844,47,F,Pune,81300.0,2023-11-29
C01845,31,F,Pune,26300.0,2026-02-27
C01846,24,M,Ahmedabad,171200.0,2025-11-21
C01847,34,F,Kolkata,42200.0,2023-12-23
C01848,61,F,Ahmedabad,52100.0,2024-02-05
C01849,37,M,Lucknow,23900.0,2025-06-14
C01850,53,M,Delhi,68500.0,2025-09-16
C01851,26,M,Jaipur,33400.0,2024-12-09
C01852,55,F,Bengaluru,57600.0,2025-11-23
C01853,65,M,Chennai,43100.0,2023-09-05
C01854,39,M,Chennai,33900.0,2025-08-03
C01855,19,M,Delhi,38300.0,2023-02-11
C01856,41,F,Kolkata,60900.0,2025-03-11
C01857,25,M,Jaipur,30900.0,2023-05-03
C01858,28,F,Lucknow,39300.0,2023-01-27
C01859,30,F,Mumbai,74100.0,2024-07-24
C01860,34,F,Ahmedabad,177400.0,2026-03-16
C01861,25,F,Delhi,68200.0,2024-05-10
C01862,38,M,Mumbai,36400.0,2024-04-30
C01863,35,M,Ahmedabad,46600.0,2025-06-17
C01864,47,F,Delhi,55800.0,2024-12-11
C01865,35,M,Chennai,47000.0,2026-02-25
C01866,63,M,Chennai,82600.0,2024-01-11
C01867,64,F,Pune,60700.0,2024-10-26
C01868,48,M,Ahmedabad,82800.0,2025-02-21
C01869,55,F,Bengaluru,47700.0,2025-04-30
C01870,49,M,Lucknow,99900.0,2026-01-11
C01871,28,F,Hyderabad,51000.0,2024-11-04
C01872,62,F,Kolkata,35500.0,2026-01-31
C01873,42,F,Kolkata,146500.0,2023-12-28
C01874,50,M,Ahmedabad,24200.0,2024-11-14
C01875,55,F,Delhi,39400.0,2023-09-04
C01876,58,F,Delhi,41500.0,2026-04-30
C01877,25,M,Hyderabad,170000.0,2024-06-18
C01878,28,M,Lucknow,124000.0,2023-11-10
C01879,39,F,Jaipur,107700.0,2024-03-19
C01880,41,F,Lucknow,47400.0,2025-05-18
C01881,58,M,Jaipur,163900.0,2026-05-03
C01882,34,F,Hyderabad,64900.0,2024-08-04
C01883,29,M,Jaipur,85400.0,2025-05-20
C01884,63,M,Bengaluru,59600.0,2024-07-01
C01885,49,F,Pune,53800.0,2026-02-05
C01886,32,F,Lucknow,49100.0,2025-11-13
C01887,33,F,Jaipur,50000.0,2024-04-09
C01888,39,Other,Chennai,72300.0,2025-11-11
C01889,45,M,Bengaluru,64900.0,2024-05-16
C01890,37,M,Lucknow,54200.0,2025-04-30
C01891,50,M,Jaipur,108500.0,2024-12-16
C01892,27,F,Chennai,14500.0,2025-06-10
C01893,57,F,Hyderabad,69200.0,2024-05-15
C01894,49,M,Hyderabad,76000.0,2025-01-04
C01895,50,M,Ahmedabad,92200.0,2024-08-15
C01896,19,M,Kolkata,53400.0,2024-02-11
C01897,50,F,Mumbai,60400.0,2024-12-03
C01898,50,M,Chennai,85700.0,2023-10-13
C01899,58,M,Ahmedabad,107600.0,2023-05-27
C01900,30,F,Bengaluru,48000.0,2025-03-04
C01901,47,F,Jaipur,62000.0,2024-01-19
C01902,50,F,Lucknow,117100.0,2023-01-11
C01903,30,F,Delhi,21100.0,2023-10-03
C01904,43,M,Chennai,40300.0,2025-06-04
C01905,39,F,Mumbai,106400.0,2025-08-21
C01906,56,F,Delhi,89900.0,2023-10-30
C01907,19,Other,Pune,69600.0,2023-07-23
C01908,55,M,Mumbai,44900.0,2023-12-11
C01909,56,M,Ahmedabad,37000.0,2025-04-05
C01910,43,M,Mumbai,42200.0,2023-01-22
C01911,63,M,Jaipur,110400.0,2025-04-18
C01912,32,F,Lucknow,41500.0,2024-06-19
C01913,51,M,Bengaluru,57600.0,2026-01-24
C01914,59,M,Delhi,39200.0,2025-09-07
C01915,61,M,Mumbai,80400.0,2023-09-20
C01916,57,M,Jaipur,43200.0,2024-08-06
C01917,28,M,Hyderabad,52600.0,2025-10-09
C01918,20,M,Mumbai,25800.0,2024-01-18
C01919,23,M,Mumbai,26600.0,2025-07-05
C01920,26,F,Kolkata,55200.0,2024-01-27
C01921,23,F,Delhi,30300.0,2025-06-07
C01922,26,M,Kolkata,141800.0,2024-06-23
C01923,56,Other,Kolkata,21800.0,2026-01-20
C01924,48,F,Lucknow,38400.0,2024-07-19
C01925,49,F,Jaipur,55400.0,2026-03-28
C01926,58,M,Kolkata,46700.0,2025-06-02
C01927,29,M,Mumbai,33500.0,2023-08-16
C01928,25,M,Ahmedabad,35700.0,2024-04-17
C01929,25,M,Ahmedabad,35200.0,2024-01-07
C01930,45,M,Hyderabad,48300.0,2023-02-06
C01931,37,F,Ahmedabad,132400.0,2024-11-21
C01932,64,M,Hyderabad,57000.0,2025-04-23
C01933,24,M,Ahmedabad,93700.0,2025-11-26
C01934,28,F,Pune,69100.0,2023-04-11
C01935,37,M,Hyderabad,90800.0,2026-04-28
C01936,33,F,Chennai,15600.0,2024-10-19
C01937,21,F,Delhi,48000.0,2023-03-31
C01938,23,F,Delhi,99000.0,2025-10-26
C01939,39,Other,Delhi,42500.0,2025-06-23
C01940,43,M,Jaipur,121600.0,2026-03-08
C01941,20,F,Lucknow,107200.0,2023-04-05
C01942,58,F,Bengaluru,44500.0,2024-09-23
C01943,59,F,Lucknow,43900.0,2023-05-03
C01944,31,F,Hyderabad,34900.0,2024-01-01
C01945,28,F,Lucknow,41400.0,2024-11-21
C01946,35,M,Ahmedabad,31600.0,2023-11-21
C01947,29,F,Hyderabad,66700.0,2024-02-11
C01948,40,M,Lucknow,28600.0,2025-09-22
C01949,29,F,Lucknow,72200.0,2024-06-02
C01950,30,F,Kolkata,73000.0,2025-06-14
C01951,42,M,Pune,26000.0,2023-03-18
C01952,62,M,Jaipur,110500.0,2023-08-22
C01953,36,M,Hyderabad,69300.0,2025-04-09
C01954,63,F,Bengaluru,77100.0,2024-08-08
C01955,53,F,Delhi,39100.0,2024-04-28
C01956,62,F,Mumbai,72800.0,2023-09-28
C01957,25,F,Chennai,91300.0,2025-07-27
C01958,46,F,Lucknow,52600.0,2024-04-13
C01959,49,M,Delhi,135400.0,2024-09-23
C01960,61,M,Ahmedabad,56100.0,2024-06-30
C01961,35,F,Chennai,91900.0,2024-12-19
C01962,23,M,Pune,62800.0,2025-10-04
C01963,35,M,Delhi,71600.0,2023-09-27
C01964,36,M,Kolkata,25900.0,2024-08-27
C01965,39,M,Delhi,65000.0,2025-08-22
C01966,54,F,Pune,39500.0,2024-01-13
C01967,49,M,Delhi,37600.0,2023-06-26
C01968,58,F,Lucknow,120600.0,2023-10-01
C01969,20,M,Delhi,50000.0,2024-09-28
C01970,45,M,Kolkata,35000.0,2023-01-27
C01971,27,M,Jaipur,46800.0,2024-07-29
C01972,52,F,Pune,30600.0,2023-03-01
C01973,46,F,Kolkata,104900.0,2024-12-31
C01974,32,F,Hyderabad,40200.0,2026-05-25
C01975,50,F,Delhi,69800.0,2024-10-22
C01976,24,F,Bengaluru,101200.0,2023-09-27
C01977,29,F,Delhi,43900.0,2026-02-13
C01978,47,F,Pune,69900.0,2023-09-02
C01979,38,F,Chennai,34600.0,2024-10-21
C01980,48,M,Kolkata,165300.0,2023-03-26
C01981,41,F,Bengaluru,83800.0,2025-06-25
C01982,37,F,Hyderabad,50400.0,2024-06-19
C01983,54,F,Ahmedabad,38800.0,2023-03-30
C01984,21,M,Hyderabad,52200.0,2024-07-02
C01985,45,F,Kolkata,47200.0,2025-05-03
C01986,61,F,Chennai,132400.0,2025-06-13
C01987,37,M,Kolkata,31700.0,2024-05-21
C01988,41,F,Mumbai,58400.0,2024-02-12
C01989,49,M,Bengaluru,54500.0,2024-06-07
C01990,58,M,Chennai,52200.0,2024-08-29
C01991,53,M,Bengaluru,52400.0,2025-09-29
C01992,51,M,Kolkata,52200.0,2024-03-23
C01993,53,F,Jaipur,81500.0,2024-06-26
C01994,19,M,Bengaluru,72300.0,2025-08-06
C01995,32,M,Mumbai,66400.0,2023-12-16
C01996,51,M,Lucknow,14000.0,2025-05-01
C01997,53,M,Chennai,62900.0,2023-11-24
C01998,23,M,Mumbai,26100.0,2025-11-24
C01999,56,F,Mumbai,73600.0,2024-09-14
C02000,59,M,Ahmedabad,106800.0,2024-05-02
C02001,29,F,Jaipur,36300.0,2024-05-01
C02002,20,F,Delhi,48900.0,2023-05-25
C02003,62,M,Jaipur,42000.0,2025-01-25
C02004,35,F,Pune,95900.0,2023-05-26
C02005,57,M,Ahmedabad,57400.0,2025-10-17
C02006,38,M,Kolkata,119700.0,2025-04-07
C02007,32,M,Kolkata,66300.0,2024-09-18
C02008,50,M,Hyderabad,61300.0,2024-06-17
C02009,52,F,Delhi,56700.0,2024-09-21
C02010,43,F,Pune,79500.0,2025-05-30
C02011,25,M,Bengaluru,25200.0,2026-01-23
C02012,53,F,Jaipur,57200.0,2024-02-19
C02013,65,M,Chennai,53300.0,2023-09-14
C02014,47,F,Mumbai,76200.0,2023-03-28
C02015,40,M,Bengaluru,50500.0,2025-06-23
C02016,59,M,Hyderabad,34500.0,2024-07-23
C02017,61,M,Jaipur,55200.0,2025-01-11
C02018,31,M,Chennai,33800.0,2023-04-18
C02019,31,F,Hyderabad,23100.0,2025-11-08
C02020,19,F,Mumbai,76300.0,2023-06-09
C02021,54,M,Ahmedabad,71400.0,2023-04-10
C02022,22,F,Delhi,67900.0,2023-09-22
C02023,55,F,Ahmedabad,98900.0,2025-01-19
C02024,62,F,Chennai,40800.0,2025-12-08
C02025,58,M,Ahmedabad,28900.0,2024-11-07
C02026,64,M,Chennai,53300.0,2025-03-09
C02027,31,F,Pune,47000.0,2025-12-18
C02028,56,F,Pune,37600.0,2023-07-02
C02029,42,M,Lucknow,53100.0,2024-10-20
C02030,37,M,Lucknow,41800.0,2024-08-30
C02031,19,M,Ahmedabad,24100.0,2026-05-21
C02032,56,F,Kolkata,45100.0,2026-04-27
C02033,23,F,Ahmedabad,33000.0,2024-10-04
C02034,34,M,Ahmedabad,61000.0,2023-12-13
C02035,42,F,Kolkata,40900.0,2025-03-22
C02036,45,F,Delhi,90700.0,2025-03-11
C02037,19,F,Jaipur,113200.0,2026-03-06
C02038,52,F,Kolkata,74700.0,2025-11-19
C02039,54,F,Chennai,27400.0,2023-05-26
C02040,22,M,Jaipur,108300.0,2024-05-17
C02041,18,F,Mumbai,111800.0,2025-03-09
C02042,57,M,Delhi,55500.0,2025-08-25
C02043,29,M,Mumbai,99700.0,2026-04-29
C02044,53,M,Lucknow,42900.0,2024-04-15
C02045,62,M,Bengaluru,23700.0,2024-11-20
C02046,40,M,Pune,39100.0,2023-01-01
C02047,64,M,Mumbai,119800.0,2023-04-20
C02048,48,F,Hyderabad,28100.0,2025-06-12
C02049,28,M,Ahmedabad,55000.0,2025-12-23
C02050,27,F,Chennai,55900.0,2025-01-25
C02051,20,M,Mumbai,43700.0,2023-02-22
C02052,31,F,Mumbai,45000.0,2023-09-19
C02053,33,F,Bengaluru,56800.0,2025-06-04
C02054,27,M,Lucknow,42700.0,2023-08-22
C02055,46,F,Ahmedabad,29000.0,2023-03-14
C02056,27,F,Ahmedabad,60600.0,2025-08-08
C02057,29,F,Bengaluru,89200.0,2024-04-28
C02058,47,F,Kolkata,81300.0,2025-10-26
C02059,58,F,Bengaluru,38200.0,2025-05-26
C02060,18,F,Hyderabad,31300.0,2025-05-08
C02061,22,M,Jaipur,48400.0,2023-05-17
C02062,37,M,Hyderabad,111400.0,2025-02-17
C02063,25,F,Bengaluru,73500.0,2024-09-19
C02064,60,M,Pune,75500.0,2024-07-08
C02065,29,F,Kolkata,82100.0,2025-01-12
C02066,18,M,Pune,66500.0,2024-07-23
C02067,37,F,Hyderabad,58100.0,2026-05-14
C02068,45,Other,Ahmedabad,74100.0,2024-02-14
C02069,60,M,Hyderabad,43000.0,2025-11-25
C02070,54,M,Delhi,,2023-08-18
C02071,64,F,Lucknow,76100.0,2026-06-04
C02072,54,F,Chennai,96000.0,2023-09-19
C02073,29,M,Delhi,33300.0,2026-02-28
C02074,54,M,Bengaluru,79600.0,2025-06-10
C02075,61,F,Mumbai,117200.0,2024-03-23
C02076,45,F,Pune,54900.0,2023-07-05
C02077,64,M,Jaipur,38100.0,2026-04-24
C02078,32,M,Delhi,58100.0,2023-12-18
C02079,23,F,Kolkata,42900.0,2026-03-20
C02080,61,M,Pune,41700.0,2024-01-19
C02081,37,M,Delhi,66800.0,2025-11-25
C02082,31,F,Ahmedabad,26700.0,2023-11-22
C02083,19,M,Chennai,28700.0,2024-04-09
C02084,26,F,Hyderabad,55500.0,2024-04-10
C02085,54,M,Hyderabad,54500.0,2026-01-23
C02086,37,F,Delhi,64200.0,2026-03-03
C02087,43,F,Bengaluru,127900.0,2023-06-11
C02088,46,M,Kolkata,57600.0,2024-07-09
C02089,18,F,Bengaluru,72000.0,2023-10-27
C02090,52,M,Pune,35500.0,2023-12-22
C02091,23,F,Lucknow,77700.0,2026-06-17
C02092,54,F,Chennai,43400.0,2024-07-17
C02093,22,M,Chennai,56800.0,2025-03-03
C02094,50,M,Hyderabad,52400.0,2025-10-19
C02095,31,M,Chennai,87500.0,2024-08-08
C02096,29,F,Bengaluru,30500.0,2025-01-19
C02097,59,M,Kolkata,19700.0,2026-04-05
C02098,37,M,Kolkata,50000.0,2023-05-20
C02099,41,M,Hyderabad,67900.0,2026-03-08
C02100,60,M,Delhi,58900.0,2023-08-23
C02101,51,F,Kolkata,95800.0,2025-10-23
C02102,42,M,Bengaluru,67000.0,2023-09-13
C02103,46,F,Mumbai,42700.0,2024-01-06
C02104,56,M,Delhi,19300.0,2023-10-05
C02105,48,M,Lucknow,49400.0,2024-05-30
C02106,64,F,Jaipur,87300.0,2025-06-22
C02107,60,Other,Ahmedabad,46100.0,2026-05-20
C02108,40,F,Chennai,55700.0,2026-05-24
C02109,61,M,Chennai,66500.0,2023-09-27
C02110,55,M,Mumbai,34800.0,2024-04-20
C02111,37,F,Delhi,72800.0,2025-07-16
C02112,40,M,Hyderabad,114900.0,2023-03-05
C02113,62,M,Bengaluru,50900.0,2024-04-04
C02114,33,F,Mumbai,33100.0,2025-11-05
C02115,59,F,Ahmedabad,53400.0,2024-07-17
C02116,25,Other,Kolkata,20200.0,2025-11-08
C02117,38,F,Hyderabad,64000.0,2025-06-26
C02118,18,F,Jaipur,67400.0,2023-04-03
C02119,25,M,Hyderabad,116900.0,2025-02-11
C02120,46,M,Mumbai,50400.0,2025-03-20
C02121,49,F,Lucknow,66100.0,2025-11-06
C02122,55,F,Mumbai,37300.0,2025-04-19
C02123,22,M,Mumbai,46800.0,2024-05-02
C02124,64,M,Mumbai,27700.0,2026-01-22
C02125,39,M,Hyderabad,50400.0,2025-10-30
C02126,64,F,Mumbai,47900.0,2025-01-18
C02127,51,M,Delhi,62900.0,2024-06-11
C02128,18,M,Hyderabad,41500.0,2026-03-13
C02129,43,F,Kolkata,57100.0,2024-07-07
C02130,60,F,Delhi,47300.0,2024-05-29
C02131,27,M,Ahmedabad,,2024-01-12
C02132,47,F,Kolkata,57000.0,2024-04-28
C02133,35,F,Jaipur,56000.0,2024-03-27
C02134,34,M,Chennai,77500.0,2025-02-25
C02135,43,M,Hyderabad,52100.0,2026-01-03
C02136,25,M,Chennai,47000.0,2025-11-29
C02137,64,M,Hyderabad,50700.0,2023-10-29
C02138,57,F,Kolkata,39900.0,2025-12-21
C02139,29,M,Jaipur,46800.0,2025-09-25
C02140,44,F,Bengaluru,137200.0,2026-06-22
C02141,25,M,Bengaluru,36500.0,2023-01-18
C02142,42,M,Delhi,48500.0,2024-02-02
C02143,63,F,Mumbai,46200.0,2025-10-03
C02144,21,M,Mumbai,49200.0,2024-08-16
C02145,50,M,Bengaluru,47400.0,2023-07-08
C02146,18,M,Kolkata,62400.0,2023-04-14
C02147,36,M,Jaipur,25500.0,2023-02-02
C02148,48,F,Delhi,87700.0,2025-01-18
C02149,33,M,Kolkata,73100.0,2024-01-09
C02150,31,F,Mumbai,31400.0,2026-04-16
C02151,65,F,Delhi,19800.0,2025-11-01
C02152,22,M,Chennai,35400.0,2025-01-10
C02153,58,M,Pune,49300.0,2025-06-08
C02154,43,F,Ahmedabad,175600.0,2024-03-31
C02155,45,F,Delhi,70200.0,2023-09-06
C02156,19,M,Mumbai,24400.0,2024-03-23
C02157,23,F,Kolkata,40300.0,2025-10-14
C02158,26,M,Chennai,53700.0,2025-09-06
C02159,50,F,Ahmedabad,61700.0,2025-10-24
C02160,58,M,Ahmedabad,30400.0,2026-06-13
C02161,42,F,Delhi,51800.0,2023-06-22
C02162,65,F,Ahmedabad,39800.0,2024-01-06
C02163,30,M,Chennai,33500.0,2025-03-01
C02164,26,M,Jaipur,61800.0,2025-01-18
C02165,30,M,Kolkata,77900.0,2025-02-25
C02166,48,Other,Delhi,80300.0,2025-04-19
C02167,58,M,Ahmedabad,71200.0,2024-02-04
C02168,28,M,Jaipur,44000.0,2025-12-17
C02169,21,F,Kolkata,75900.0,2024-07-01
C02170,51,F,Hyderabad,63200.0,2024-02-12
C02171,55,F,Jaipur,58400.0,2024-10-02
C02172,63,F,Hyderabad,41800.0,2023-03-05
C02173,21,M,Hyderabad,44000.0,2024-07-27
C02174,55,F,Jaipur,56900.0,2024-02-24
C02175,36,M,Ahmedabad,164900.0,2023-05-26
C02176,23,M,Hyderabad,63000.0,2023-01-17
C02177,51,F,Ahmedabad,41800.0,2023-04-08
C02178,35,F,Ahmedabad,37800.0,2024-03-27
C02179,30,M,Kolkata,44100.0,2025-09-01
C02180,58,F,Lucknow,146500.0,2025-06-16
C02181,40,M,Chennai,46000.0,2025-10-12
C02182,36,M,Ahmedabad,82700.0,2026-06-20
C02183,62,F,Kolkata,46400.0,2024-04-23
C02184,28,M,Pune,61900.0,2023-07-20
C02185,18,M,Hyderabad,78500.0,2023-06-28
C02186,41,F,Delhi,42500.0,2024-05-22
C02187,24,Other,Ahmedabad,41200.0,2024-03-28
C02188,42,M,Jaipur,116000.0,2023-09-27
C02189,38,F,Hyderabad,85700.0,2026-06-11
C02190,32,F,Hyderabad,78500.0,2024-04-30
C02191,18,F,Pune,78400.0,2024-07-31
C02192,29,F,Delhi,67600.0,2023-12-04
C02193,24,M,Kolkata,136400.0,2025-05-10
C02194,32,M,Pune,56100.0,2025-01-26
C02195,38,M,Chennai,71300.0,2025-01-26
C02196,36,F,Hyderabad,28600.0,2024-08-06
C02197,46,F,Ahmedabad,37900.0,2025-12-08
C02198,42,F,Ahmedabad,32000.0,2023-12-12
C02199,50,Other,Pune,97600.0,2024-12-02
C02200,49,M,Chennai,17400.0,2023-10-20
C02201,52,M,Bengaluru,45900.0,2026-03-19
C02202,61,M,Mumbai,14300.0,2025-03-06
C02203,55,M,Jaipur,37800.0,2025-10-18
C02204,43,M,Jaipur,44100.0,2023-03-18
C02205,28,M,Bengaluru,102600.0,2026-02-07
C02206,52,F,Hyderabad,65700.0,2025-03-27
C02207,25,F,Kolkata,37800.0,2025-06-14
C02208,63,F,Delhi,88900.0,2024-10-12
C02209,31,F,Bengaluru,,2024-06-30
C02210,27,M,Chennai,,2024-01-29
C02211,19,F,Ahmedabad,32000.0,2026-06-12
C02212,63,F,Mumbai,35200.0,2023-11-21
C02213,26,F,Hyderabad,37900.0,2023-05-31
C02214,20,M,Mumbai,56200.0,2025-05-28
C02215,38,M,Delhi,57000.0,2025-11-21
C02216,43,M,Ahmedabad,110200.0,2023-09-29
C02217,25,F,Chennai,65400.0,2025-04-15
C02218,65,F,Jaipur,16300.0,2024-01-03
C02219,19,F,Delhi,61900.0,2024-08-12
C02220,23,M,Bengaluru,28600.0,2024-08-10
C02221,45,F,Jaipur,35600.0,2024-07-25
C02222,46,F,Jaipur,38200.0,2023-03-21
C02223,43,M,Chennai,40800.0,2026-04-10
C02224,42,M,Bengaluru,29600.0,2023-09-15
C02225,29,F,Pune,60300.0,2023-10-06
C02226,22,M,Delhi,29200.0,2024-05-18
C02227,51,F,Kolkata,64600.0,2024-07-11
C02228,65,Other,Lucknow,150500.0,2024-05-05
C02229,54,F,Ahmedabad,30200.0,2024-07-19
C02230,32,F,Chennai,48400.0,2024-06-04
C02231,61,F,Ahmedabad,17700.0,2023-11-22
C02232,53,F,Delhi,48000.0,2026-04-10
C02233,32,M,Bengaluru,73400.0,2023-03-25
C02234,60,M,Kolkata,76100.0,2025-04-20
C02235,65,M,Lucknow,56900.0,2023-11-16
C02236,40,F,Mumbai,82100.0,2023-10-31
C02237,23,M,Kolkata,173000.0,2024-11-20
C02238,63,M,Chennai,118900.0,2026-02-11
C02239,61,M,Ahmedabad,43500.0,2024-02-11
C02240,60,F,Kolkata,28600.0,2025-11-15
C02241,62,Other,Hyderabad,45800.0,2026-06-14
C02242,38,Other,Bengaluru,35900.0,2024-11-14
C02243,40,F,Bengaluru,67400.0,2023-08-21
C02244,60,F,Hyderabad,32300.0,2025-10-18
C02245,33,F,Jaipur,53200.0,2024-07-02
C02246,64,F,Jaipur,80200.0,2025-11-02
C02247,32,F,Delhi,52600.0,2024-05-10
C02248,42,M,Pune,35900.0,2024-09-09
C02249,53,F,Mumbai,93300.0,2025-04-27
C02250,28,M,Hyderabad,23600.0,2025-10-02
C02251,32,M,Delhi,47500.0,2024-01-19
C02252,21,F,Ahmedabad,54000.0,2025-10-13
C02253,38,M,Hyderabad,55400.0,2024-10-03
C02254,30,M,Pune,59700.0,2023-11-12
C02255,39,F,Hyderabad,72400.0,2023-09-13
C02256,36,M,Pune,54100.0,2024-03-16
C02257,51,F,Pune,46600.0,2026-02-12
C02258,31,F,Pune,45800.0,2023-10-26
C02259,21,F,Bengaluru,41800.0,2025-07-03
C02260,65,F,Kolkata,78400.0,2026-02-21
C02261,63,F,Bengaluru,41100.0,2023-09-13
C02262,44,F,Delhi,80500.0,2024-10-12
C02263,46,F,Bengaluru,55500.0,2023-02-16
C02264,64,F,Bengaluru,43500.0,2025-06-21
C02265,45,F,Ahmedabad,72600.0,2024-04-07
C02266,52,F,Hyderabad,39600.0,2026-02-20
C02267,25,M,Bengaluru,73300.0,2023-01-31
C02268,33,M,Lucknow,60500.0,2023-02-24
C02269,59,F,Pune,42100.0,2023-06-02
C02270,53,M,Hyderabad,69800.0,2024-03-31
C02271,47,M,Jaipur,70300.0,2023-10-13
C02272,35,F,Ahmedabad,92600.0,2023-02-05
C02273,19,M,Kolkata,85000.0,2025-03-28
C02274,30,M,Ahmedabad,68600.0,2023-09-13
C02275,21,Other,Pune,33100.0,2023-06-27
C02276,43,F,Hyderabad,165500.0,2024-05-22
C02277,42,M,Kolkata,29200.0,2023-01-21
C02278,47,Other,Mumbai,84300.0,2023-03-16
C02279,28,Other,Chennai,66800.0,2024-12-19
C02280,24,M,Ahmedabad,32400.0,2024-04-04
C02281,48,M,Kolkata,52000.0,2026-04-16
C02282,61,F,Delhi,53100.0,2025-11-26
C02283,27,F,Kolkata,99000.0,2026-02-17
C02284,56,F,Chennai,39900.0,2024-09-21
C02285,30,F,Pune,48900.0,2023-01-01
C02286,48,F,Hyderabad,19200.0,2025-07-24
C02287,24,M,Mumbai,120100.0,2023-11-07
C02288,59,F,Delhi,34000.0,2026-05-16
C02289,59,M,Kolkata,63700.0,2026-03-23
C02290,53,F,Lucknow,52500.0,2025-01-31
C02291,37,F,Bengaluru,52600.0,2024-11-13
C02292,21,M,Pune,79200.0,2023-11-11
C02293,24,F,Ahmedabad,116700.0,2023-11-03
C02294,18,M,Ahmedabad,61600.0,2024-09-10
C02295,61,M,Chennai,73900.0,2026-01-25
C02296,62,F,Pune,63800.0,2023-01-07
C02297,59,M,Delhi,,2025-11-01
C02298,64,F,Jaipur,44700.0,2024-05-28
C02299,30,M,Mumbai,89200.0,2023-12-15
C02300,39,F,Delhi,90700.0,2025-07-05
C02301,38,F,Mumbai,89500.0,2025-10-27
C02302,39,F,Hyderabad,40900.0,2024-05-14
C02303,45,F,Hyderabad,51000.0,2024-04-19
C02304,26,F,Pune,61300.0,2024-06-07
C02305,43,M,Pune,29700.0,2025-12-16
C02306,26,M,Ahmedabad,112700.0,2024-08-12
C02307,32,M,Bengaluru,54700.0,2023-08-21
C02308,27,M,Chennai,62500.0,2025-03-01
C02309,41,F,Bengaluru,42400.0,2025-11-19
C02310,59,M,Delhi,30300.0,2024-01-02
C02311,25,F,Ahmedabad,41900.0,2023-02-25
C02312,41,F,Mumbai,60700.0,2023-01-10
C02313,33,M,Jaipur,74500.0,2023-05-27
C02314,43,F,Kolkata,59200.0,2023-12-30
C02315,44,M,Lucknow,64300.0,2023-09-10
C02316,54,F,Hyderabad,47300.0,2025-07-28
C02317,21,M,Bengaluru,68800.0,2026-06-30
C02318,41,F,Chennai,107200.0,2025-01-05
C02319,36,Other,Jaipur,75500.0,2023-12-06
C02320,53,M,Jaipur,79200.0,2024-09-15
C02321,56,M,Hyderabad,62800.0,2024-12-05
C02322,27,F,Lucknow,28000.0,2023-11-19
C02323,42,M,Pune,34400.0,2026-03-09
C02324,35,F,Jaipur,67500.0,2025-05-10
C02325,36,F,Delhi,54700.0,2023-04-05
C02326,53,M,Delhi,67000.0,2024-07-06
C02327,27,F,Pune,116900.0,2025-02-28
C02328,50,F,Mumbai,76300.0,2026-03-19
C02329,22,F,Ahmedabad,96900.0,2024-07-06
C02330,64,F,Pune,57400.0,2023-04-26
C02331,52,M,Lucknow,38200.0,2024-09-23
C02332,61,M,Delhi,53600.0,2026-06-14
C02333,51,Other,Jaipur,38300.0,2023-09-27
C02334,50,F,Delhi,110900.0,2025-05-10
C02335,38,M,Kolkata,78500.0,2023-10-18
C02336,34,F,Ahmedabad,69500.0,2023-01-09
C02337,39,M,Chennai,95900.0,2024-09-21
C02338,65,M,Kolkata,22200.0,2025-05-13
C02339,54,F,Mumbai,71700.0,2024-04-19
C02340,32,M,Hyderabad,30500.0,2024-06-20
C02341,52,F,Kolkata,54800.0,2024-11-15
C02342,45,M,Mumbai,47800.0,2025-10-31
C02343,24,F,Mumbai,74100.0,2024-09-04
C02344,49,M,Chennai,60900.0,2025-02-15
C02345,28,F,Hyderabad,100700.0,2024-08-17
C02346,27,F,Bengaluru,42000.0,2023-10-03
C02347,26,M,Pune,75700.0,2024-01-05
C02348,31,F,Jaipur,59200.0,2023-12-11
C02349,30,M,Lucknow,26300.0,2024-01-03
C02350,42,M,Lucknow,36400.0,2024-12-31
C02351,19,F,Lucknow,51400.0,2023-01-15
C02352,52,M,Bengaluru,90700.0,2025-01-27
C02353,24,F,Pune,67800.0,2024-11-18
C02354,38,F,Lucknow,32500.0,2023-01-04
C02355,35,F,Pune,51600.0,2024-06-16
C02356,20,M,Jaipur,136400.0,2025-09-12
C02357,59,M,Lucknow,57800.0,2026-03-06
C02358,56,M,Hyderabad,47500.0,2025-04-13
C02359,58,F,Mumbai,68600.0,2023-12-29
C02360,28,F,Lucknow,77500.0,2026-05-24
C02361,56,F,Pune,44800.0,2023-04-27
C02362,41,M,Mumbai,69000.0,2026-04-17
C02363,63,M,Chennai,47400.0,2026-06-23
C02364,36,M,Lucknow,76000.0,2023-05-08
C02365,21,M,Lucknow,59400.0,2023-03-19
C02366,43,M,Kolkata,68300.0,2025-01-10
C02367,55,M,Mumbai,39100.0,2025-02-12
C02368,59,M,Lucknow,38000.0,2023-03-23
C02369,49,M,Hyderabad,84200.0,2023-12-08
C02370,56,M,Jaipur,53100.0,2025-03-29
C02371,62,M,Mumbai,62500.0,2024-07-31
C02372,63,M,Jaipur,47900.0,2023-04-06
C02373,53,M,Ahmedabad,82400.0,2026-03-14
C02374,57,F,Pune,41800.0,2024-07-30
C02375,54,M,Chennai,51700.0,2024-06-04
C02376,50,M,Kolkata,78300.0,2025-09-22
C02377,53,M,Hyderabad,93200.0,2023-12-23
C02378,20,M,Chennai,43500.0,2023-07-05
C02379,26,M,Kolkata,132800.0,2024-06-26
C02380,25,M,Chennai,63300.0,2023-05-31
C02381,50,F,Chennai,34400.0,2025-12-18
C02382,23,M,Delhi,64900.0,2023-01-10
C02383,58,M,Pune,46300.0,2025-05-06
C02384,56,F,Bengaluru,66900.0,2026-02-21
C02385,21,M,Kolkata,53900.0,2023-12-22
C02386,30,M,Hyderabad,56900.0,2025-03-04
C02387,19,F,Mumbai,36500.0,2023-08-25
C02388,22,F,Chennai,85900.0,2023-11-29
C02389,61,M,Chennai,32700.0,2023-01-17
C02390,44,F,Kolkata,33400.0,2023-11-20
C02391,49,M,Ahmedabad,64900.0,2023-01-23
C02392,38,M,Bengaluru,113100.0,2025-07-19
C02393,25,F,Chennai,46900.0,2024-04-03
C02394,55,M,Lucknow,75400.0,2024-06-04
C02395,25,M,Delhi,89200.0,2024-12-19
C02396,20,F,Jaipur,79400.0,2024-07-10
C02397,61,F,Delhi,47800.0,2024-02-07
C02398,20,M,Bengaluru,33700.0,2024-04-01
C02399,39,F,Lucknow,20400.0,2025-11-16
C02400,23,M,Delhi,48900.0,2024-02-01
C02401,19,F,Jaipur,93500.0,2026-04-26
C02402,40,M,Mumbai,33200.0,2023-05-20
C02403,61,M,Pune,75400.0,2024-06-04
C02404,19,M,Mumbai,35900.0,2025-01-15
C02405,55,M,Pune,57700.0,2023-04-02
C02406,34,M,Ahmedabad,75600.0,2023-03-18
C02407,52,F,Ahmedabad,40900.0,2025-05-01
C02408,51,F,Ahmedabad,59400.0,2026-06-21
C02409,40,M,Delhi,45600.0,2025-04-24
C02410,47,M,Ahmedabad,75500.0,2024-10-28
C02411,25,M,Pune,61100.0,2025-08-16
C02412,39,F,Mumbai,56400.0,2025-09-15
C02413,61,F,Kolkata,110900.0,2025-03-07
C02414,53,Other,Chennai,74100.0,2023-03-29
C02415,22,F,Pune,40300.0,2025-07-03
C02416,30,M,Mumbai,52900.0,2023-04-05
C02417,46,M,Mumbai,53200.0,2026-06-30
C02418,48,F,Chennai,57000.0,2024-07-04
C02419,64,F,Lucknow,171300.0,2024-02-03
C02420,33,M,Kolkata,65000.0,2025-02-05
C02421,59,M,Lucknow,22000.0,2025-12-13
C02422,47,F,Lucknow,43100.0,2023-08-31
C02423,33,M,Mumbai,23100.0,2026-02-07
C02424,29,M,Jaipur,47400.0,2024-09-15
C02425,34,F,Hyderabad,22500.0,2024-12-01
C02426,33,M,Pune,37200.0,2026-05-29
C02427,29,M,Delhi,27700.0,2024-07-17
C02428,25,F,Lucknow,65400.0,2023-06-11
C02429,37,F,Ahmedabad,55000.0,2023-02-04
C02430,20,Other,Delhi,63000.0,2025-08-23
C02431,33,M,Bengaluru,52500.0,2023-02-06
C02432,47,M,Jaipur,29400.0,2025-04-25
C02433,62,F,Delhi,,2025-04-08
C02434,40,F,Chennai,130600.0,2024-09-14
C02435,45,M,Hyderabad,66100.0,2026-04-15
C02436,57,F,Kolkata,45400.0,2024-06-04
C02437,22,M,Chennai,28900.0,2023-04-15
C02438,37,M,Lucknow,36600.0,2023-06-05
C02439,57,M,Jaipur,67400.0,2023-12-02
C02440,61,M,Jaipur,89100.0,2025-11-15
C02441,18,M,Lucknow,61900.0,2023-10-23
C02442,47,F,Hyderabad,78800.0,2025-06-04
C02443,38,F,Mumbai,75600.0,2023-03-10
C02444,37,F,Delhi,69100.0,2023-05-31
C02445,23,M,Ahmedabad,40900.0,2025-05-06
C02446,39,M,Lucknow,59500.0,2024-07-30
C02447,35,M,Ahmedabad,37500.0,2024-10-23
C02448,25,M,Delhi,55400.0,2025-01-26
C02449,56,F,Hyderabad,63800.0,2024-03-27
C02450,49,F,Mumbai,117100.0,2024-07-23
C02451,50,F,Kolkata,30500.0,2026-02-09
C02452,33,M,Hyderabad,68300.0,2024-09-26
C02453,29,M,Ahmedabad,107100.0,2023-12-28
C02454,55,F,Jaipur,77400.0,2023-07-22
C02455,51,M,Jaipur,80000.0,2024-05-01
C02456,31,F,Bengaluru,71700.0,2023-01-04
C02457,53,Other,Pune,98700.0,2026-02-26
C02458,50,M,Chennai,33700.0,2025-11-15
C02459,40,F,Chennai,29500.0,2025-03-11
C02460,62,F,Lucknow,54800.0,2025-09-03
C02461,19,M,Ahmedabad,20800.0,2023-01-27
C02462,58,F,Chennai,95700.0,2025-12-01
C02463,38,M,Chennai,95300.0,2025-08-22
C02464,19,M,Hyderabad,45300.0,2023-03-05
C02465,44,F,Kolkata,46500.0,2025-11-14
C02466,26,F,Ahmedabad,53200.0,2023-03-13
C02467,18,M,Bengaluru,56300.0,2025-06-18
C02468,28,M,Kolkata,58200.0,2023-09-25
C02469,20,F,Bengaluru,70700.0,2023-04-05
C02470,40,F,Ahmedabad,50900.0,2024-01-30
C02471,43,F,Mumbai,84100.0,2025-05-18
C02472,21,M,Mumbai,67200.0,2023-12-30
C02473,35,F,Chennai,41900.0,2023-04-27
C02474,23,M,Lucknow,100300.0,2023-06-13
C02475,52,F,Jaipur,29800.0,2025-05-26
C02476,39,M,Hyderabad,52800.0,2025-02-28
C02477,60,F,Chennai,85000.0,2024-07-30
C02478,32,M,Pune,39700.0,2023-11-02
C02479,39,M,Mumbai,63200.0,2025-02-10
C02480,54,M,Chennai,70200.0,2023-07-19
C02481,59,M,Jaipur,37300.0,2023-06-29
C02482,29,F,Bengaluru,53200.0,2023-12-24
C02483,64,F,Bengaluru,51300.0,2025-01-09
C02484,59,F,Delhi,42900.0,2026-06-29
C02485,55,M,Hyderabad,154900.0,2024-03-05
C02486,35,F,Lucknow,39000.0,2025-10-24
C02487,62,F,Bengaluru,86400.0,2024-10-14
C02488,52,M,Delhi,46100.0,2024-11-08
C02489,47,M,Mumbai,33700.0,2023-09-11
C02490,41,F,Bengaluru,57600.0,2025-07-29
C02491,59,F,Lucknow,73700.0,2026-01-24
C02492,47,F,Chennai,83200.0,2023-06-16
C02493,31,M,Jaipur,111100.0,2025-08-22
C02494,23,F,Pune,207000.0,2025-05-03
C02495,20,M,Bengaluru,61600.0,2025-12-21
C02496,33,F,Pune,40800.0,2023-06-23
C02497,24,F,Pune,67400.0,2026-06-30
C02498,31,M,Pune,48800.0,2024-09-15
C02499,26,F,Kolkata,83400.0,2026-05-23
C02500,32,M,Pune,30700.0,2026-06-16
C02501,38,Other,Kolkata,159700.0,2024-02-19
C02502,52,M,Jaipur,80800.0,2025-01-08
C02503,19,M,Pune,25800.0,2024-11-05
C02504,44,M,Delhi,40000.0,2023-05-06
C02505,19,M,Pune,79400.0,2025-07-29
C02506,52,M,Ahmedabad,93400.0,2023-09-10
C02507,35,F,Hyderabad,31000.0,2023-07-16
C02508,31,F,Delhi,75800.0,2024-02-17
C02509,37,F,Lucknow,22900.0,2025-02-14
C02510,35,M,Bengaluru,52800.0,2025-12-13
C02511,27,F,Jaipur,90700.0,2026-03-20
C02512,42,M,Jaipur,42900.0,2026-01-28
C02513,19,F,Ahmedabad,27900.0,2023-08-22
C02514,42,M,Ahmedabad,58700.0,2025-12-21
C02515,50,F,Ahmedabad,41900.0,2023-07-15
C02516,53,F,Ahmedabad,73000.0,2024-06-25
C02517,48,F,Ahmedabad,36900.0,2026-02-03
C02518,31,M,Mumbai,38800.0,2023-10-22
C02519,18,M,Chennai,22200.0,2024-10-06
C02520,63,M,Jaipur,59400.0,2023-06-05
C02521,33,F,Ahmedabad,51200.0,2024-02-10
C02522,63,F,Bengaluru,32200.0,2025-06-14
C02523,20,M,Mumbai,60000.0,2024-12-26
C02524,52,F,Delhi,87300.0,2025-01-07
C02525,58,F,Delhi,49900.0,2025-03-07
C02526,23,F,Kolkata,62100.0,2024-07-07
C02527,42,M,Chennai,62200.0,2024-01-10
C02528,30,M,Delhi,32000.0,2024-03-30
C02529,51,M,Ahmedabad,138800.0,2023-07-21
C02530,25,F,Jaipur,44500.0,2026-04-25
C02531,38,M,Kolkata,73900.0,2025-05-03
C02532,51,F,Hyderabad,77700.0,2024-12-24
C02533,21,F,Mumbai,51700.0,2023-12-06
C02534,42,F,Hyderabad,72300.0,2023-09-19
C02535,32,F,Hyderabad,61400.0,2024-06-26
C02536,21,M,Ahmedabad,29100.0,2024-07-04
C02537,62,M,Hyderabad,47400.0,2024-09-29
C02538,29,F,Hyderabad,41700.0,2023-06-14
C02539,49,M,Delhi,44700.0,2025-01-27
C02540,49,M,Lucknow,30600.0,2024-09-12
C02541,45,M,Kolkata,91300.0,2026-01-16
C02542,30,M,Hyderabad,113100.0,2026-05-08
C02543,48,M,Chennai,85400.0,2023-02-20
C02544,31,F,Bengaluru,97400.0,2024-05-03
C02545,37,F,Kolkata,47100.0,2023-07-17
C02546,35,F,Chennai,41300.0,2025-11-12
C02547,46,M,Bengaluru,38700.0,2024-10-26
C02548,23,M,Hyderabad,73500.0,2026-05-31
C02549,49,M,Lucknow,60900.0,2026-05-29
C02550,46,F,Pune,53100.0,2024-10-24
C02551,60,M,Jaipur,98500.0,2023-09-23
C02552,19,F,Chennai,66000.0,2023-03-14
C02553,40,F,Hyderabad,37700.0,2023-03-18
C02554,36,M,Kolkata,40500.0,2024-06-27
C02555,48,M,Delhi,74800.0,2025-05-30
C02556,22,Other,Hyderabad,87900.0,2024-03-10
C02557,36,Other,Pune,70500.0,2025-12-24
C02558,51,M,Hyderabad,129100.0,2023-12-23
C02559,27,M,Hyderabad,114800.0,2025-07-24
C02560,42,Other,Jaipur,67100.0,2023-01-18
C02561,19,M,Delhi,37700.0,2024-11-06
C02562,28,M,Chennai,30500.0,2024-07-28
C02563,48,M,Ahmedabad,46200.0,2025-01-20
C02564,32,F,Ahmedabad,77200.0,2025-09-22
C02565,26,M,Kolkata,125100.0,2025-10-29
C02566,40,M,Lucknow,66400.0,2024-09-23
C02567,36,M,Hyderabad,93100.0,2024-01-07
C02568,26,F,Kolkata,49300.0,2025-08-27
C02569,52,Other,Lucknow,72800.0,2026-04-13
C02570,38,F,Chennai,79700.0,2026-02-27
C02571,26,F,Chennai,22600.0,2023-12-19
C02572,45,F,Delhi,45700.0,2023-08-12
C02573,63,M,Ahmedabad,84300.0,2025-08-11
C02574,24,M,Ahmedabad,62200.0,2024-01-03
C02575,33,F,Kolkata,32100.0,2026-01-18
C02576,33,M,Jaipur,18400.0,2024-10-17
C02577,50,M,Ahmedabad,46700.0,2025-12-31
C02578,21,F,Jaipur,53300.0,2024-03-08
C02579,21,M,Jaipur,37000.0,2024-05-23
C02580,56,M,Chennai,58700.0,2024-05-22
C02581,57,Other,Delhi,69100.0,2024-09-08
C02582,34,F,Kolkata,74400.0,2024-02-24
C02583,54,M,Unknown,19100.0,2025-12-31
C02584,56,Other,Kolkata,30400.0,2023-03-15
C02585,46,F,Jaipur,48000.0,2024-07-27
C02586,53,F,Lucknow,71200.0,2023-05-26
C02587,55,M,Lucknow,68500.0,2023-02-15
C02588,56,M,Delhi,68000.0,2026-02-02
C02589,54,F,Chennai,46300.0,2026-02-06
C02590,52,F,Chennai,47500.0,2023-05-01
C02591,24,F,Jaipur,39600.0,2025-12-02
C02592,44,M,Jaipur,77700.0,2023-04-09
C02593,45,M,Pune,36300.0,2024-12-06
C02594,39,F,Pune,80600.0,2023-11-07
C02595,31,M,Jaipur,60400.0,2026-05-22
C02596,24,F,Ahmedabad,53900.0,2024-02-27
C02597,54,M,Kolkata,40900.0,2026-02-09
C02598,39,M,Ahmedabad,29900.0,2023-09-29
C02599,22,F,Chennai,41100.0,2025-04-04
C02600,19,F,Bengaluru,47400.0,2026-01-30
C02601,44,M,Kolkata,18900.0,2023-07-29
C02602,38,M,Ahmedabad,50300.0,2025-01-08
C02603,55,F,Ahmedabad,83400.0,2025-03-03
C02604,32,M,Mumbai,71000.0,2025-11-11
C02605,38,F,Kolkata,44000.0,2025-01-29
C02606,27,Other,Bengaluru,56200.0,2023-06-08
C02607,40,M,Delhi,42800.0,2025-01-10
C02608,56,F,Delhi,58800.0,2023-12-09
C02609,22,M,Ahmedabad,110000.0,2024-11-29
C02610,18,F,Jaipur,85000.0,2026-03-12
C02611,30,M,Bengaluru,69500.0,2024-02-01
C02612,38,Other,Bengaluru,44100.0,2024-06-19
C02613,43,M,Chennai,77100.0,2023-05-21
C02614,62,M,Lucknow,25700.0,2025-08-18
C02615,38,Other,Mumbai,49100.0,2023-08-28
C02616,35,F,Chennai,71500.0,2023-10-19
C02617,54,F,Bengaluru,76700.0,2025-03-27
C02618,62,M,Hyderabad,74300.0,2023-03-23
C02619,49,F,Jaipur,62800.0,2024-07-13
C02620,53,M,Bengaluru,50400.0,2025-05-19
C02621,34,M,Mumbai,70100.0,2023-06-20
C02622,52,F,Bengaluru,35800.0,2025-09-03
C02623,28,M,Kolkata,37600.0,2024-08-02
C02624,38,F,Kolkata,56500.0,2024-06-09
C02625,43,F,Pune,59500.0,2024-06-25
C02626,21,F,Mumbai,24200.0,2023-04-20
C02627,51,F,Ahmedabad,67500.0,2026-05-20
C02628,65,F,Lucknow,77900.0,2023-11-18
C02629,35,M,Ahmedabad,53100.0,2025-06-18
C02630,57,F,Lucknow,160100.0,2024-12-14
C02631,52,M,Lucknow,40400.0,2023-03-25
C02632,58,M,Lucknow,46800.0,2025-08-13
C02633,46,F,Delhi,46000.0,2024-01-11
C02634,46,F,Lucknow,53100.0,2025-12-12
C02635,55,F,Bengaluru,47400.0,2024-08-08
C02636,59,M,Hyderabad,29200.0,2026-05-28
C02637,38,F,Mumbai,43000.0,2023-04-10
C02638,59,M,Hyderabad,52600.0,2023-05-09
C02639,30,F,Pune,95600.0,2025-07-06
C02640,58,F,Bengaluru,148200.0,2023-08-07
C02641,34,F,Lucknow,100300.0,2024-04-21
C02642,26,M,Delhi,38800.0,2023-01-22
C02643,58,M,Chennai,40200.0,2024-07-13
C02644,18,M,Ahmedabad,51200.0,2024-09-20
C02645,19,F,Kolkata,122800.0,2025-10-15
C02646,65,F,Mumbai,51100.0,2023-12-05
C02647,46,M,Hyderabad,30300.0,2023-06-28
C02648,50,F,Bengaluru,43900.0,2024-02-25
C02649,27,F,Chennai,77300.0,2025-10-03
C02650,57,F,Jaipur,75000.0,2023-02-18
C02651,38,F,Jaipur,50300.0,2025-02-05
C02652,45,F,Kolkata,74800.0,2023-01-30
C02653,28,M,Jaipur,19800.0,2023-03-26
C02654,51,M,Ahmedabad,57600.0,2025-02-27
C02655,25,M,Pune,81000.0,2023-11-25
C02656,39,Other,Jaipur,37800.0,2024-09-01
C02657,25,F,Kolkata,37700.0,2024-03-09
C02658,32,F,Pune,23700.0,2024-08-10
C02659,34,M,Ahmedabad,112500.0,2026-06-26
C02660,40,M,Kolkata,39800.0,2026-03-03
C02661,41,M,Jaipur,61300.0,2024-11-20
C02662,62,M,Lucknow,72200.0,2024-02-29
C02663,36,F,Mumbai,108600.0,2025-02-08
C02664,22,Other,Jaipur,51300.0,2024-05-26
C02665,49,F,Kolkata,43100.0,2025-10-08
C02666,61,F,Mumbai,59500.0,2024-07-17
C02667,18,M,Mumbai,98000.0,2023-10-30
C02668,40,M,Pune,50900.0,2023-04-09
C02669,54,M,Ahmedabad,35800.0,2024-07-10
C02670,25,F,Jaipur,27500.0,2023-02-11
C02671,30,F,Chennai,31700.0,2025-09-17
C02672,25,M,Lucknow,81200.0,2024-04-12
C02673,40,M,Ahmedabad,47600.0,2024-03-15
C02674,60,M,Chennai,41800.0,2023-11-23
C02675,18,M,Chennai,39900.0,2024-07-22
C02676,62,M,Hyderabad,57100.0,2023-02-02
C02677,41,M,Pune,49400.0,2024-02-16
C02678,52,M,Delhi,48600.0,2025-03-22
C02679,41,F,Bengaluru,100900.0,2026-02-11
C02680,34,F,Bengaluru,109900.0,2024-05-22
C02681,22,M,Pune,26700.0,2023-02-25
C02682,37,M,Pune,63700.0,2024-06-29
C02683,38,M,Chennai,38800.0,2023-07-15
C02684,57,M,Pune,49200.0,2024-02-17
C02685,48,M,Chennai,63200.0,2024-09-28
C02686,63,F,Ahmedabad,50000.0,2026-01-07
C02687,53,F,Delhi,61000.0,2026-01-11
C02688,28,F,Hyderabad,74500.0,2025-01-11
C02689,32,M,Chennai,62800.0,2023-05-17
C02690,36,F,Pune,41100.0,2024-06-22
C02691,24,M,Mumbai,41400.0,2024-11-19
C02692,45,M,Jaipur,28800.0,2024-12-19
C02693,60,F,Bengaluru,37500.0,2025-07-21
C02694,22,F,Delhi,133000.0,2023-11-02
C02695,22,F,Jaipur,38500.0,2024-01-23
C02696,47,F,Kolkata,32100.0,2024-12-25
C02697,49,F,Pune,63500.0,2025-07-03
C02698,25,F,Chennai,52300.0,2024-07-02
C02699,27,F,Hyderabad,50400.0,2024-05-20
C02700,55,F,Mumbai,103700.0,2024-01-23
C02701,64,F,Hyderabad,70400.0,2023-10-20
C02702,49,Other,Jaipur,43300.0,2023-06-28
C02703,65,F,Mumbai,45400.0,2024-11-02
C02704,45,M,Lucknow,43900.0,2023-03-21
C02705,34,F,Bengaluru,81500.0,2025-11-03
C02706,48,M,Pune,47900.0,2025-12-13
C02707,25,M,Kolkata,24500.0,2024-03-22
C02708,57,M,Jaipur,53800.0,2025-02-04
C02709,42,F,Chennai,27500.0,2025-12-24
C02710,26,F,Bengaluru,147000.0,2024-05-17
C02711,19,M,Kolkata,35600.0,2024-07-23
C02712,32,M,Hyderabad,51100.0,2023-04-06
C02713,20,M,Bengaluru,61800.0,2024-08-07
C02714,53,F,Kolkata,48300.0,2023-09-05
C02715,21,M,Kolkata,48300.0,2023-05-07
C02716,31,M,Hyderabad,66500.0,2024-05-13
C02717,58,M,Kolkata,109300.0,2023-02-15
C02718,58,F,Delhi,77700.0,2025-09-08
C02719,42,M,Mumbai,107000.0,2023-09-25
C02720,27,F,Delhi,34300.0,2023-04-04
C02721,38,M,Hyderabad,63400.0,2025-01-05
C02722,53,F,Ahmedabad,59000.0,2024-09-03
C02723,29,M,Bengaluru,64400.0,2023-03-12
C02724,44,F,Lucknow,102200.0,2024-08-15
C02725,57,M,Chennai,49800.0,2024-03-24
C02726,19,F,Chennai,45800.0,2024-09-11
C02727,30,F,Jaipur,69900.0,2024-09-05
C02728,49,F,Jaipur,24700.0,2023-04-01
C02729,48,F,Hyderabad,49400.0,2025-05-26
C02730,33,M,Jaipur,51800.0,2024-06-11
C02731,49,F,Chennai,36300.0,2026-02-07
C02732,49,F,Delhi,88500.0,2025-02-13
C02733,51,M,Lucknow,34100.0,2024-11-02
C02734,28,F,Chennai,51700.0,2025-02-03
C02735,27,M,Delhi,62800.0,2026-01-17
C02736,32,M,Ahmedabad,101100.0,2026-06-24
C02737,34,M,Hyderabad,54700.0,2023-12-27
C02738,57,M,Pune,83800.0,2024-01-13
C02739,35,F,Ahmedabad,75400.0,2026-05-14
C02740,26,M,Ahmedabad,58100.0,2023-12-11
C02741,42,M,Chennai,33700.0,2025-03-08
C02742,57,M,Hyderabad,28800.0,2024-03-30
C02743,31,F,Mumbai,57700.0,2025-06-26
C02744,42,F,Kolkata,43100.0,2023-03-08
C02745,39,M,Ahmedabad,83200.0,2025-09-13
C02746,47,M,Jaipur,76900.0,2025-09-05
C02747,37,M,Delhi,50600.0,2023-02-12
C02748,38,F,Mumbai,32700.0,2023-08-17
C02749,61,F,Hyderabad,69200.0,2023-08-22
C02750,49,M,Pune,34800.0,2026-05-07
C02751,63,M,Lucknow,39100.0,2024-05-11
C02752,38,F,Mumbai,35400.0,2025-04-27
C02753,52,F,Pune,51700.0,2025-11-21
C02754,49,M,Chennai,93100.0,2023-04-23
C02755,47,M,Bengaluru,54900.0,2025-08-30
C02756,56,M,Kolkata,45100.0,2024-04-03
C02757,29,F,Chennai,27700.0,2026-03-15
C02758,58,F,Hyderabad,70500.0,2023-01-06
C02759,64,F,Bengaluru,38700.0,2025-09-18
C02760,35,F,Pune,58000.0,2024-05-08
C02761,38,M,Bengaluru,46900.0,2026-02-05
C02762,30,F,Lucknow,80200.0,2023-03-12
C02763,38,F,Jaipur,51200.0,2025-07-27
C02764,25,M,Jaipur,53600.0,2024-11-04
C02765,63,F,Chennai,68400.0,2026-01-28
C02766,57,M,Chennai,141900.0,2025-11-22
C02767,63,M,Hyderabad,82000.0,2023-05-23
C02768,24,F,Hyderabad,52900.0,2026-06-21
C02769,40,F,Delhi,55100.0,2025-01-05
C02770,61,F,Lucknow,43400.0,2024-12-26
C02771,49,M,Hyderabad,35900.0,2023-08-05
C02772,28,F,Ahmedabad,42900.0,2024-03-09
C02773,39,F,Lucknow,38900.0,2025-04-13
C02774,39,M,Delhi,73800.0,2025-12-13
C02775,60,Other,Jaipur,34000.0,2024-12-20
C02776,42,F,Mumbai,100200.0,2025-07-30
C02777,39,M,Delhi,77200.0,2025-06-25
C02778,45,F,Delhi,55500.0,2025-09-21
C02779,46,M,Chennai,55000.0,2026-03-20
C02780,30,M,Kolkata,42800.0,2023-02-24
C02781,35,M,Bengaluru,62100.0,2025-11-24
C02782,19,Other,Jaipur,89700.0,2025-05-10
C02783,46,M,Pune,40100.0,2025-10-03
C02784,38,F,Pune,27600.0,2026-02-16
C02785,32,M,Hyderabad,75500.0,2026-05-05
C02786,44,F,Jaipur,63600.0,2024-07-19
C02787,48,F,Ahmedabad,33200.0,2025-02-09
C02788,32,F,Hyderabad,39500.0,2025-05-27
C02789,40,M,Hyderabad,37400.0,2025-04-03
C02790,41,F,Delhi,39700.0,2024-05-28
C02791,61,Other,Jaipur,47500.0,2025-05-11
C02792,30,F,Bengaluru,48800.0,2024-02-26
C02793,39,F,Hyderabad,41000.0,2024-05-31
C02794,60,F,Kolkata,39100.0,2026-03-08
C02795,54,M,Lucknow,49600.0,2024-12-05
C02796,50,F,Ahmedabad,59300.0,2025-03-19
C02797,20,F,Ahmedabad,47700.0,2023-02-13
C02798,36,M,Hyderabad,92600.0,2025-05-07
C02799,40,M,Kolkata,69100.0,2025-03-11
C02800,46,M,Lucknow,26900.0,2023-08-07
C02801,47,F,Mumbai,69600.0,2024-07-21
C02802,56,F,Chennai,72200.0,2025-06-26
C02803,61,M,Chennai,45200.0,2023-09-15
C02804,64,M,Chennai,28100.0,2025-08-18
C02805,42,M,Delhi,55200.0,2025-06-11
C02806,54,M,Ahmedabad,54800.0,2023-10-16
C02807,64,M,Pune,33200.0,2025-08-29
C02808,25,F,Pune,28600.0,2023-04-13
C02809,59,M,Delhi,52900.0,2025-03-14
C02810,33,F,Hyderabad,49500.0,2026-03-18
C02811,25,F,Jaipur,45600.0,2026-01-12
C02812,18,M,Jaipur,53000.0,2025-11-15
C02813,61,F,Chennai,33500.0,2026-04-13
C02814,22,F,Jaipur,45200.0,2023-10-29
C02815,20,F,Hyderabad,69900.0,2026-03-04
C02816,18,M,Mumbai,47000.0,2025-12-14
C02817,21,M,Delhi,25900.0,2023-02-25
C02818,57,M,Mumbai,44500.0,2025-10-11
C02819,52,M,Ahmedabad,34000.0,2024-01-09
C02820,49,M,Jaipur,62000.0,2025-04-10
C02821,59,M,Lucknow,63500.0,2025-07-08
C02822,51,M,Chennai,26100.0,2024-04-01
C02823,60,M,Delhi,77400.0,2023-05-12
C02824,42,M,Chennai,33300.0,2024-05-07
C02825,27,M,Jaipur,110900.0,2023-04-20
C02826,38,Other,Bengaluru,53800.0,2024-08-04
C02827,63,M,Jaipur,31400.0,2025-03-06
C02828,56,F,Delhi,32900.0,2026-02-23
C02829,44,M,Pune,64300.0,2026-04-17
C02830,44,F,Delhi,46100.0,2025-03-20
C02831,19,M,Kolkata,52700.0,2025-06-04
C02832,58,F,Lucknow,113600.0,2026-05-05
C02833,65,F,Jaipur,40200.0,2025-02-11
C02834,30,M,Kolkata,56500.0,2026-01-29
C02835,26,F,Pune,104200.0,2025-07-25
C02836,53,F,Hyderabad,,2024-07-26
C02837,39,M,Hyderabad,,2026-04-21
C02838,59,F,Lucknow,69000.0,2025-03-19
C02839,43,F,Ahmedabad,32600.0,2025-05-28
C02840,29,F,Lucknow,103600.0,2025-10-29
C02841,34,M,Lucknow,38000.0,2024-02-17
C02842,31,F,Lucknow,209300.0,2025-04-09
C02843,31,F,Lucknow,106400.0,2024-07-19
C02844,51,F,Lucknow,38400.0,2023-04-14
C02845,37,F,Mumbai,55500.0,2026-02-23
C02846,28,M,Pune,77200.0,2024-11-07
C02847,33,F,Delhi,78300.0,2025-08-02
C02848,48,M,Jaipur,67100.0,2023-09-27
C02849,23,M,Kolkata,96600.0,2024-04-10
C02850,36,F,Lucknow,52000.0,2025-03-11
C02851,54,F,Ahmedabad,46600.0,2026-02-15
C02852,21,M,Chennai,47100.0,2026-01-20
C02853,64,F,Jaipur,80900.0,2025-10-01
C02854,21,M,Chennai,64800.0,2026-01-15
C02855,37,M,Kolkata,62700.0,2023-08-22
C02856,27,F,Kolkata,78700.0,2025-07-01
C02857,41,M,Jaipur,21900.0,2026-02-21
C02858,52,M,Ahmedabad,63200.0,2026-05-11
C02859,43,M,Mumbai,60700.0,2025-11-21
C02860,54,F,Hyderabad,116500.0,2023-12-23
C02861,55,M,Kolkata,27600.0,2025-08-21
C02862,38,M,Ahmedabad,,2023-04-04
C02863,57,F,Kolkata,56900.0,2026-01-28
C02864,56,F,Bengaluru,68500.0,2023-09-01
C02865,38,M,Hyderabad,116900.0,2023-02-27
C02866,27,F,Kolkata,70800.0,2025-08-22
C02867,55,M,Ahmedabad,65900.0,2023-11-16
C02868,63,Other,Kolkata,61300.0,2025-11-08
C02869,21,M,Chennai,44200.0,2023-12-23
C02870,62,M,Jaipur,54300.0,2023-04-27
C02871,37,M,Jaipur,39900.0,2026-03-05
C02872,34,M,Kolkata,53900.0,2023-10-23
C02873,24,F,Ahmedabad,19200.0,2024-06-08
C02874,21,M,Chennai,66700.0,2026-01-29
C02875,46,M,Mumbai,52100.0,2026-03-24
C02876,31,F,Mumbai,47300.0,2026-02-02
C02877,20,F,Chennai,60700.0,2026-02-25
C02878,41,M,Delhi,28900.0,2024-02-05
C02879,54,M,Ahmedabad,131000.0,2025-01-08
C02880,33,M,Mumbai,52500.0,2024-06-12
C02881,21,M,Delhi,51500.0,2024-07-10
C02882,41,M,Ahmedabad,35600.0,2024-07-03
C02883,51,F,Chennai,55600.0,2026-02-21
C02884,47,F,Lucknow,102700.0,2023-12-26
C02885,35,M,Delhi,87700.0,2023-03-05
C02886,36,M,Delhi,80800.0,2025-02-03
C02887,48,M,Kolkata,70300.0,2025-02-12
C02888,36,M,Pune,46800.0,2024-09-15
C02889,63,M,Pune,28600.0,2023-04-12
C02890,36,F,Ahmedabad,50200.0,2024-07-14
C02891,39,F,Kolkata,49500.0,2026-06-04
C02892,41,Other,Jaipur,88200.0,2025-11-12
C02893,62,F,Hyderabad,63200.0,2025-04-23
C02894,29,M,Lucknow,113600.0,2025-12-23
C02895,47,F,Hyderabad,94300.0,2026-03-26
C02896,55,M,Delhi,44800.0,2026-03-18
C02897,48,M,Bengaluru,24500.0,2025-04-18
C02898,53,F,Mumbai,102600.0,2024-11-11
C02899,36,M,Mumbai,101400.0,2024-10-06
C02900,65,F,Kolkata,29700.0,2024-02-03
C02901,62,M,Pune,108500.0,2024-02-09
C02902,53,F,Bengaluru,65300.0,2025-04-05
C02903,47,F,Kolkata,59100.0,2026-03-01
C02904,50,F,Delhi,113700.0,2026-05-05
C02905,35,F,Bengaluru,100700.0,2024-10-08
C02906,45,M,Mumbai,73700.0,2023-02-04
C02907,64,F,Ahmedabad,68100.0,2024-02-24
C02908,28,Other,Delhi,72600.0,2024-01-12
C02909,62,F,Kolkata,45900.0,2023-08-08
C02910,50,F,Jaipur,53700.0,2024-11-27
C02911,34,F,Chennai,36600.0,2023-12-08
C02912,23,F,Unknown,47300.0,2025-01-22
C02913,21,F,Delhi,46600.0,2024-02-20
C02914,37,F,Jaipur,41300.0,2025-07-26
C02915,65,F,Lucknow,58500.0,2025-10-03
C02916,64,M,Ahmedabad,47500.0,2024-11-10
C02917,44,M,Jaipur,68900.0,2025-01-17
C02918,32,M,Hyderabad,26500.0,2025-03-16
C02919,23,M,Hyderabad,52300.0,2023-11-08
C02920,64,M,Delhi,58400.0,2023-02-24
C02921,31,F,Lucknow,47800.0,2024-11-24
C02922,28,M,Mumbai,50900.0,2024-06-17
C02923,56,M,Lucknow,26900.0,2023-04-15
C02924,26,F,Hyderabad,64600.0,2026-04-13
C02925,43,Other,Lucknow,73600.0,2023-10-21
C02926,33,F,Lucknow,68700.0,2025-05-29
C02927,22,Other,Ahmedabad,87800.0,2024-07-04
C02928,27,F,Delhi,60200.0,2025-06-29
C02929,20,M,Ahmedabad,68200.0,2024-01-10
C02930,30,F,Mumbai,59000.0,2024-03-25
C02931,60,F,Mumbai,74900.0,2025-12-19
C02932,47,M,Hyderabad,27000.0,2025-03-22
C02933,62,M,Kolkata,36800.0,2024-01-25
C02934,23,F,Jaipur,112300.0,2026-05-20
C02935,34,M,Pune,18200.0,2024-10-28
C02936,62,F,Delhi,51600.0,2026-06-17
C02937,36,M,Kolkata,93200.0,2026-02-19
C02938,59,F,Delhi,52700.0,2026-06-30
C02939,52,F,Jaipur,45800.0,2023-05-21
C02940,63,M,Jaipur,58300.0,2025-05-23
C02941,43,M,Bengaluru,,2026-03-22
C02942,22,F,Ahmedabad,55800.0,2025-04-22
C02943,46,F,Hyderabad,40400.0,2024-08-19
C02944,54,F,Bengaluru,90600.0,2026-05-16
C02945,37,F,Mumbai,104400.0,2025-08-09
C02946,38,F,Pune,51800.0,2024-07-05
C02947,27,M,Hyderabad,29500.0,2026-01-24
C02948,22,M,Unknown,43400.0,2024-01-08
C02949,53,M,Lucknow,50600.0,2024-10-09
C02950,23,F,Ahmedabad,69000.0,2026-01-01
C02951,43,M,Ahmedabad,34900.0,2023-11-29
C02952,21,M,Ahmedabad,38900.0,2024-01-28
C02953,56,F,Bengaluru,69200.0,2026-02-03
C02954,56,F,Chennai,83900.0,2026-01-29
C02955,52,M,Kolkata,41600.0,2024-01-30
C02956,18,M,Jaipur,30200.0,2023-02-04
C02957,41,M,Pune,241100.0,2023-06-06
C02958,53,M,Jaipur,78200.0,2025-06-22
C02959,23,F,Chennai,48800.0,2025-08-24
C02960,58,M,Lucknow,81300.0,2024-01-31
C02961,63,F,Lucknow,52000.0,2023-07-26
C02962,61,F,Lucknow,81300.0,2024-09-12
C02963,48,M,Hyderabad,59100.0,2025-03-15
C02964,37,Other,Mumbai,57300.0,2024-04-06
C02965,41,M,Mumbai,52300.0,2023-09-09
C02966,42,M,Lucknow,28700.0,2025-05-16
C02967,53,M,Pune,131600.0,2023-07-28
C02968,38,M,Bengaluru,36000.0,2025-08-12
C02969,47,M,Pune,29800.0,2024-06-22
C02970,41,M,Pune,50000.0,2025-04-14
C02971,61,F,Mumbai,35700.0,2024-05-17
C02972,59,F,Ahmedabad,53700.0,2025-08-13
C02973,47,F,Pune,75000.0,2024-05-28
C02974,39,M,Pune,86100.0,2024-08-02
C02975,45,F,Jaipur,79400.0,2026-03-17
C02976,24,F,Ahmedabad,47900.0,2025-04-19
C02977,52,F,Mumbai,56200.0,2025-09-12
C02978,45,F,Bengaluru,66100.0,2023-03-24
C02979,31,F,Kolkata,24900.0,2025-12-01
C02980,27,M,Mumbai,71100.0,2023-06-05
C02981,33,F,Mumbai,28500.0,2024-03-28
C02982,33,M,Pune,137800.0,2026-04-26
C02983,48,Other,Jaipur,45800.0,2024-09-08
C02984,59,M,Chennai,50600.0,2024-09-15
C02985,42,M,Lucknow,38900.0,2024-05-21
C02986,30,M,Delhi,41400.0,2026-03-02
C02987,23,F,Jaipur,153000.0,2024-09-13
C02988,61,M,Chennai,84000.0,2026-01-01
C02989,26,M,Pune,27400.0,2023-10-20
C02990,62,F,Pune,108200.0,2024-10-16
C02991,53,F,Bengaluru,94100.0,2025-07-25
C02992,60,M,Chennai,48500.0,2025-01-26
C02993,37,M,Hyderabad,63100.0,2025-09-22
C02994,35,F,Lucknow,54600.0,2024-10-28
C02995,60,F,Delhi,133600.0,2023-03-01
C02996,38,F,Bengaluru,38400.0,2023-11-23
C02997,21,F,Jaipur,58700.0,2026-04-20
C02998,50,M,Jaipur,45400.0,2025-03-09
C02999,44,F,Chennai,28900.0,2025-02-23
C03000,24,F,Lucknow,147500.0,2025-02-05
C03001,23,F,Lucknow,32300.0,2024-06-02
C03002,32,M,Jaipur,60700.0,2024-09-29
C03003,35,F,Hyderabad,25100.0,2023-03-24
C03004,49,F,Pune,46000.0,2023-01-28
C03005,28,M,Lucknow,66500.0,2023-09-23
C03006,37,F,Chennai,37900.0,2024-02-01
C03007,41,F,Jaipur,71600.0,2025-08-19
C03008,32,F,Pune,48700.0,2025-02-01
C03009,65,F,Ahmedabad,92700.0,2025-09-06
C03010,24,F,Mumbai,101500.0,2025-03-21
C03011,38,F,Pune,42200.0,2024-08-03
C03012,59,M,Lucknow,56900.0,2024-09-02
C03013,43,M,Mumbai,59700.0,2023-07-12
C03014,61,M,Lucknow,72700.0,2023-08-15
C03015,31,F,Chennai,55400.0,2024-03-26
C03016,54,F,Kolkata,59900.0,2026-04-20
C03017,38,F,Pune,,2025-07-20
C03018,35,F,Mumbai,57900.0,2024-10-16
C03019,22,F,Chennai,98600.0,2023-07-22
C03020,20,Other,Lucknow,73600.0,2024-02-06
C03021,40,M,Pune,75400.0,2024-04-16
C03022,43,F,Chennai,76200.0,2025-06-08
C03023,54,M,Lucknow,51300.0,2023-06-28
C03024,41,F,Kolkata,63500.0,2025-11-07
C03025,36,F,Kolkata,33800.0,2024-04-07
C03026,42,F,Delhi,97300.0,2025-04-14
C03027,38,M,Bengaluru,15700.0,2024-08-31
C03028,29,M,Chennai,52900.0,2025-07-14
C03029,58,F,Bengaluru,91900.0,2025-07-24
C03030,50,F,Delhi,29800.0,2023-10-27
C03031,21,M,Hyderabad,65800.0,2023-12-17
C03032,59,F,Pune,40500.0,2023-07-06
C03033,24,M,Lucknow,46600.0,2024-09-14
C03034,39,F,Jaipur,84200.0,2023-03-12
C03035,50,F,Bengaluru,60100.0,2026-05-20
C03036,34,F,Bengaluru,22000.0,2023-11-05
C03037,41,Other,Chennai,35400.0,2026-02-05
C03038,51,F,Pune,85300.0,2023-06-26
C03039,45,F,Chennai,67300.0,2024-03-02
C03040,60,M,Kolkata,120800.0,2025-01-09
C03041,58,M,Bengaluru,117300.0,2024-06-14
C03042,56,M,Pune,47100.0,2024-02-22
C03043,39,F,Ahmedabad,169700.0,2023-09-05
C03044,34,M,Hyderabad,55600.0,2023-07-28
C03045,51,M,Lucknow,35700.0,2023-08-04
C03046,23,M,Delhi,41400.0,2024-12-13
C03047,63,M,Hyderabad,19900.0,2024-03-13
C03048,23,M,Delhi,113400.0,2023-11-07
C03049,51,F,Bengaluru,112700.0,2024-01-18
C03050,18,F,Hyderabad,34800.0,2025-09-07
C03051,27,F,Hyderabad,49600.0,2023-05-01
C03052,38,F,Lucknow,57400.0,2024-02-11
C03053,22,M,Jaipur,35700.0,2023-09-02
C03054,19,F,Lucknow,25000.0,2023-03-07
C03055,39,M,Chennai,50000.0,2025-07-30
C03056,65,M,Jaipur,47600.0,2023-08-16
C03057,19,F,Hyderabad,46200.0,2025-05-31
C03058,27,M,Jaipur,,2023-05-17
C03059,51,F,Jaipur,104600.0,2023-07-13
C03060,33,M,Chennai,48000.0,2024-12-06
C03061,65,F,Pune,59400.0,2024-10-19
C03062,56,F,Bengaluru,76300.0,2024-10-18
C03063,39,M,Pune,70600.0,2025-07-18
C03064,29,F,Bengaluru,41700.0,2024-07-09
C03065,41,M,Pune,57400.0,2026-03-26
C03066,64,F,Pune,70400.0,2025-08-15
C03067,57,M,Delhi,33100.0,2025-11-05
C03068,55,F,Jaipur,97100.0,2026-01-06
C03069,27,F,Kolkata,104700.0,2023-02-21
C03070,52,M,Chennai,39700.0,2024-05-28
C03071,49,F,Pune,60000.0,2025-01-13
C03072,24,F,Hyderabad,73400.0,2025-12-20
C03073,38,F,Ahmedabad,43000.0,2026-03-01
C03074,37,F,Delhi,68300.0,2024-11-22
C03075,43,M,Ahmedabad,59200.0,2024-06-26
C03076,21,F,Mumbai,28400.0,2024-02-14
C03077,63,M,Lucknow,67600.0,2023-06-04
C03078,39,M,Mumbai,33500.0,2024-09-24
C03079,32,Other,Bengaluru,83900.0,2023-02-20
C03080,57,F,Pune,40700.0,2025-10-20
C03081,38,M,Chennai,51100.0,2025-09-20
C03082,32,M,Hyderabad,102000.0,2026-01-23
C03083,39,F,Kolkata,68800.0,2024-06-07
C03084,45,M,Kolkata,33800.0,2023-12-21
C03085,31,M,Delhi,34800.0,2025-12-04
C03086,44,M,Delhi,42000.0,2025-03-12
C03087,58,F,Delhi,65700.0,2026-05-13
C03088,57,F,Delhi,64600.0,2025-04-19
C03089,45,M,Jaipur,37600.0,2023-09-13
C03090,43,F,Pune,32500.0,2023-09-05
C03091,19,M,Ahmedabad,62400.0,2024-06-16
C03092,42,F,Pune,50700.0,2023-02-10
C03093,20,Other,Pune,145200.0,2025-02-28
C03094,25,F,Mumbai,55900.0,2023-07-14
C03095,61,F,Chennai,124400.0,2025-12-30
C03096,50,F,Hyderabad,32500.0,2023-11-04
C03097,59,F,Bengaluru,27100.0,2026-05-07
C03098,52,F,Chennai,33200.0,2023-03-17
C03099,23,F,Delhi,93900.0,2025-02-25
C03100,56,M,Ahmedabad,121200.0,2025-03-05
C03101,40,M,Mumbai,38700.0,2023-08-18
C03102,42,F,Jaipur,44700.0,2023-03-26
C03103,60,F,Ahmedabad,32500.0,2026-03-31
C03104,36,M,Mumbai,24300.0,2024-02-01
C03105,22,M,Lucknow,76000.0,2023-08-03
C03106,28,F,Jaipur,60800.0,2025-10-21
C03107,29,F,Delhi,55300.0,2024-01-12
C03108,27,F,Bengaluru,29300.0,2024-02-16
C03109,25,F,Delhi,115000.0,2025-03-10
C03110,41,F,Ahmedabad,43900.0,2026-05-08
C03111,45,F,Delhi,69900.0,2026-04-21
C03112,58,F,Lucknow,28600.0,2024-02-14
C03113,53,F,Delhi,50500.0,2023-08-04
C03114,54,F,Mumbai,62700.0,2025-01-21
C03115,38,M,Kolkata,63700.0,2023-12-15
C03116,25,M,Delhi,59000.0,2025-04-10
C03117,26,Other,Lucknow,68700.0,2024-10-15
C03118,64,M,Pune,33100.0,2025-10-18
C03119,32,M,Pune,60100.0,2025-11-30
C03120,65,F,Bengaluru,57900.0,2023-01-03
C03121,63,F,Bengaluru,61000.0,2026-01-22
C03122,57,M,Bengaluru,56800.0,2025-12-18
C03123,35,M,Chennai,31000.0,2025-01-09
C03124,59,M,Hyderabad,30400.0,2024-02-11
C03125,37,F,Bengaluru,20300.0,2023-01-18
C03126,23,M,Delhi,79500.0,2025-01-20
C03127,29,M,Bengaluru,79800.0,2024-08-08
C03128,19,M,Hyderabad,80400.0,2025-06-06
C03129,24,F,Chennai,63100.0,2023-11-28
C03130,33,M,Hyderabad,21100.0,2025-10-09
C03131,20,M,Ahmedabad,34700.0,2023-06-18
C03132,62,F,Bengaluru,59400.0,2025-02-14
C03133,20,Other,Bengaluru,58500.0,2025-04-28
C03134,44,F,Bengaluru,49800.0,2025-07-29
C03135,60,Other,Ahmedabad,64900.0,2023-07-25
C03136,57,F,Hyderabad,55300.0,2024-06-04
C03137,55,M,Mumbai,58100.0,2025-10-14
C03138,50,F,Delhi,41300.0,2023-10-31
C03139,45,M,Lucknow,85600.0,2023-04-25
C03140,18,F,Delhi,45300.0,2024-10-25
C03141,25,M,Bengaluru,,2023-03-28
C03142,54,M,Chennai,38900.0,2026-01-23
C03143,49,F,Ahmedabad,47000.0,2025-01-12
C03144,65,M,Mumbai,86000.0,2024-03-03
C03145,60,F,Jaipur,54000.0,2024-03-25
C03146,54,M,Mumbai,50600.0,2025-02-24
C03147,21,M,Lucknow,31400.0,2024-12-15
C03148,47,F,Delhi,78300.0,2023-01-02
C03149,23,F,Bengaluru,41000.0,2026-01-06
C03150,63,F,Kolkata,52600.0,2025-01-12
C03151,36,M,Jaipur,107100.0,2026-01-26
C03152,49,F,Bengaluru,69100.0,2023-04-20
C03153,26,F,Ahmedabad,26400.0,2024-11-09
C03154,29,F,Jaipur,24800.0,2024-01-06
C03155,28,M,Lucknow,53400.0,2025-06-08
C03156,63,F,Kolkata,31900.0,2024-08-21
C03157,33,F,Hyderabad,73600.0,2025-11-11
C03158,18,F,Hyderabad,56100.0,2024-12-22
C03159,62,F,Hyderabad,59200.0,2023-11-01
C03160,38,F,Chennai,40000.0,2025-07-12
C03161,47,M,Hyderabad,120400.0,2025-04-15
C03162,30,M,Pune,197700.0,2024-03-21
C03163,51,F,Jaipur,48500.0,2025-07-20
C03164,21,M,Kolkata,64500.0,2023-10-05
C03165,45,M,Ahmedabad,57500.0,2024-01-12
C03166,55,M,Pune,48900.0,2023-08-20
C03167,48,M,Pune,37800.0,2024-08-14
C03168,44,F,Kolkata,33800.0,2024-03-01
C03169,22,F,Ahmedabad,33000.0,2025-12-14
C03170,42,F,Unknown,66000.0,2024-03-16
C03171,20,M,Delhi,43500.0,2023-02-03
C03172,50,F,Bengaluru,17200.0,2023-11-25
C03173,21,F,Delhi,67200.0,2025-04-24
C03174,42,Other,Lucknow,54100.0,2024-03-29
C03175,37,F,Kolkata,100800.0,2025-02-02
C03176,51,M,Delhi,65100.0,2026-02-22
C03177,43,F,Delhi,28300.0,2024-06-06
C03178,22,Other,Delhi,20200.0,2024-04-26
C03179,52,F,Hyderabad,39800.0,2023-11-13
C03180,45,F,Mumbai,41500.0,2023-05-02
C03181,46,M,Delhi,84100.0,2024-08-03
C03182,26,F,Bengaluru,54800.0,2024-05-01
C03183,55,F,Kolkata,91600.0,2025-11-01
C03184,23,M,Lucknow,30300.0,2023-05-05
C03185,36,F,Mumbai,84900.0,2024-10-20
C03186,61,M,Chennai,76100.0,2026-01-05
C03187,28,M,Bengaluru,22200.0,2024-08-02
C03188,19,M,Bengaluru,99700.0,2024-12-18
C03189,64,M,Hyderabad,57400.0,2026-06-13
C03190,61,F,Hyderabad,65600.0,2025-02-08
C03191,61,M,Kolkata,37300.0,2025-06-22
C03192,26,M,Bengaluru,97600.0,2024-02-10
C03193,38,F,Ahmedabad,32300.0,2026-06-20
C03194,41,F,Ahmedabad,80000.0,2023-10-04
C03195,51,F,Kolkata,79600.0,2026-05-28
C03196,39,M,Delhi,35500.0,2026-06-02
C03197,20,F,Unknown,134300.0,2025-07-13
C03198,29,M,Chennai,61000.0,2026-01-29
C03199,45,F,Lucknow,73800.0,2025-05-03
C03200,47,M,Hyderabad,27700.0,2024-05-21
C03201,43,F,Lucknow,142600.0,2023-08-25
C03202,65,M,Pune,31700.0,2025-09-20
C03203,38,F,Jaipur,87200.0,2025-01-21
C03204,45,F,Kolkata,35200.0,2024-05-20
C03205,43,M,Delhi,41600.0,2023-06-14
C03206,50,M,Mumbai,78400.0,2025-04-25
C03207,38,F,Delhi,87300.0,2024-12-28
C03208,52,Other,Bengaluru,31000.0,2026-05-26
C03209,51,F,Delhi,89800.0,2024-01-11
C03210,58,M,Bengaluru,88000.0,2025-11-01
C03211,64,M,Lucknow,36100.0,2023-03-24
C03212,35,F,Jaipur,112900.0,2024-03-06
C03213,28,F,Hyderabad,28600.0,2024-04-22
C03214,40,F,Jaipur,41500.0,2025-02-21
C03215,65,F,Bengaluru,68200.0,2024-01-04
C03216,39,F,Mumbai,37500.0,2025-08-12
C03217,34,F,Pune,61900.0,2023-05-21
C03218,22,M,Lucknow,61300.0,2024-12-20
C03219,61,M,Lucknow,50600.0,2025-10-12
C03220,28,F,Delhi,80000.0,2023-10-15
C03221,47,M,Hyderabad,49600.0,2023-12-21
C03222,32,M,Delhi,61000.0,2023-12-09
C03223,44,M,Delhi,92100.0,2023-05-29
C03224,52,M,Bengaluru,78500.0,2023-07-29
C03225,50,F,Pune,78300.0,2026-02-09
C03226,37,F,Hyderabad,32800.0,2024-10-15
C03227,33,F,Delhi,69700.0,2025-09-02
C03228,51,M,Lucknow,37000.0,2024-06-19
C03229,19,F,Delhi,30900.0,2025-12-08
C03230,52,M,Chennai,53300.0,2023-11-27
C03231,57,F,Kolkata,36600.0,2023-12-31
C03232,45,F,Lucknow,78500.0,2023-01-11
C03233,64,M,Chennai,79400.0,2026-04-26
C03234,56,F,Kolkata,23400.0,2024-05-23
C03235,23,F,Mumbai,37900.0,2024-08-02
C03236,26,M,Chennai,28500.0,2026-01-18
C03237,37,F,Bengaluru,44700.0,2024-09-13
C03238,18,M,Mumbai,67500.0,2025-06-19
C03239,25,M,Ahmedabad,49300.0,2024-12-18
C03240,40,F,Hyderabad,42200.0,2025-11-21
C03241,20,F,Lucknow,98700.0,2023-11-23
C03242,21,F,Ahmedabad,19500.0,2023-03-15
C03243,42,M,Lucknow,96000.0,2023-09-08
C03244,64,M,Hyderabad,43100.0,2024-03-25
C03245,55,F,Hyderabad,53100.0,2025-06-24
C03246,32,M,Lucknow,43400.0,2023-12-21
C03247,38,F,Hyderabad,110100.0,2024-06-16
C03248,52,F,Chennai,31600.0,2023-10-23
C03249,63,F,Jaipur,55300.0,2023-10-25
C03250,31,F,Pune,69700.0,2023-10-29
C03251,53,M,Lucknow,26600.0,2024-05-26
C03252,29,M,Ahmedabad,36400.0,2024-08-07
C03253,34,M,Ahmedabad,51500.0,2024-01-09
C03254,56,F,Hyderabad,36900.0,2026-01-22
C03255,26,F,Lucknow,38100.0,2023-05-12
C03256,52,F,Jaipur,47000.0,2025-06-28
C03257,30,F,Jaipur,73700.0,2023-02-22
C03258,32,Other,Pune,47100.0,2023-08-17
C03259,35,M,Chennai,89400.0,2024-10-01
C03260,50,M,Pune,35100.0,2026-05-20
C03261,23,M,Bengaluru,31300.0,2025-03-07
C03262,44,F,Ahmedabad,130900.0,2025-03-01
C03263,40,M,Jaipur,40900.0,2024-05-09
C03264,44,F,Hyderabad,30500.0,2025-05-02
C03265,51,F,Jaipur,25100.0,2024-11-01
C03266,63,F,Jaipur,89200.0,2026-06-10
C03267,55,F,Kolkata,47200.0,2025-12-30
C03268,31,M,Ahmedabad,49100.0,2023-07-08
C03269,53,M,Bengaluru,51200.0,2024-10-24
C03270,25,F,Pune,86800.0,2023-01-08
C03271,52,M,Bengaluru,50700.0,2023-11-28
C03272,36,M,Kolkata,157900.0,2025-11-05
C03273,47,F,Chennai,58400.0,2024-10-27
C03274,31,M,Bengaluru,88700.0,2024-10-30
C03275,37,F,Jaipur,79000.0,2026-01-21
C03276,42,F,Mumbai,54100.0,2023-06-10
C03277,57,M,Lucknow,42200.0,2023-12-17
C03278,41,F,Bengaluru,63900.0,2026-04-12
C03279,31,M,Lucknow,69200.0,2023-11-13
C03280,43,F,Kolkata,42500.0,2025-07-25
C03281,55,M,Bengaluru,59300.0,2023-01-18
C03282,40,F,Bengaluru,95900.0,2024-04-30
C03283,39,M,Delhi,139600.0,2024-01-02
C03284,65,M,Jaipur,80800.0,2023-12-17
C03285,36,M,Hyderabad,127200.0,2024-06-11
C03286,63,M,Lucknow,41400.0,2025-05-21
C03287,20,M,Chennai,75400.0,2025-07-21
C03288,59,F,Delhi,100500.0,2023-09-27
C03289,36,F,Jaipur,36700.0,2025-05-20
C03290,26,M,Kolkata,44200.0,2025-12-27
C03291,45,M,Lucknow,120200.0,2025-11-19
C03292,37,F,Pune,35500.0,2023-11-12
C03293,62,F,Kolkata,30100.0,2025-01-06
C03294,24,M,Hyderabad,109400.0,2023-06-13
C03295,31,F,Lucknow,94200.0,2025-07-14
C03296,26,M,Kolkata,66800.0,2023-11-16
C03297,36,F,Delhi,53900.0,2025-11-03
C03298,64,M,Kolkata,45200.0,2023-10-06
C03299,31,M,Hyderabad,62400.0,2024-03-07
C03300,55,F,Hyderabad,112000.0,2024-10-29
C03301,53,M,Mumbai,61200.0,2024-09-25
C03302,57,F,Bengaluru,145800.0,2024-06-05
C03303,34,M,Pune,36700.0,2025-08-21
C03304,47,F,Pune,54500.0,2026-04-10
C03305,26,F,Delhi,46500.0,2023-12-24
C03306,50,M,Hyderabad,33800.0,2025-11-02
C03307,42,F,Mumbai,51300.0,2024-12-25
C03308,31,F,Jaipur,66400.0,2024-11-03
C03309,28,F,Mumbai,69600.0,2023-08-20
C03310,52,F,Chennai,146100.0,2024-04-15
C03311,58,F,Kolkata,67800.0,2026-03-29
C03312,31,M,Bengaluru,92300.0,2024-09-30
C03313,47,M,Mumbai,56700.0,2024-07-13
C03314,58,F,Kolkata,117000.0,2024-07-26
C03315,21,F,Bengaluru,161800.0,2024-08-24
C03316,21,M,Lucknow,69800.0,2023-09-12
C03317,45,F,Chennai,35200.0,2024-08-24
C03318,25,F,Chennai,43000.0,2023-10-07
C03319,19,M,Hyderabad,62400.0,2023-04-27
C03320,58,M,Chennai,67500.0,2024-09-01
C03321,63,F,Lucknow,75300.0,2026-03-31
C03322,39,M,Hyderabad,67700.0,2025-05-01
C03323,58,F,Ahmedabad,55200.0,2023-10-25
C03324,33,F,Jaipur,41300.0,2025-07-04
C03325,46,M,Delhi,65900.0,2024-06-01
C03326,65,M,Kolkata,126700.0,2024-01-13
C03327,47,M,Jaipur,87000.0,2024-03-01
C03328,29,F,Jaipur,70000.0,2024-06-20
C03329,52,F,Pune,87400.0,2024-07-06
C03330,28,M,Mumbai,46500.0,2023-06-18
C03331,63,F,Chennai,43800.0,2024-05-29
C03332,38,M,Ahmedabad,39300.0,2024-03-05
C03333,38,M,Mumbai,52000.0,2024-07-22
C03334,22,M,Delhi,45500.0,2023-03-24
C03335,65,M,Mumbai,94700.0,2023-11-26
C03336,37,M,Pune,44400.0,2024-11-21
C03337,54,M,Delhi,38300.0,2026-03-02
C03338,20,F,Lucknow,131800.0,2024-04-01
C03339,61,F,Lucknow,44900.0,2023-12-19
C03340,50,M,Hyderabad,58900.0,2023-12-10
C03341,26,M,Mumbai,67400.0,2026-01-22
C03342,26,M,Kolkata,33000.0,2025-01-31
C03343,21,M,Ahmedabad,95900.0,2023-07-17
C03344,52,F,Pune,73300.0,2023-03-20
C03345,34,M,Delhi,110900.0,2024-11-08
C03346,51,M,Ahmedabad,40500.0,2024-07-04
C03347,41,M,Mumbai,57500.0,2025-03-30
C03348,49,M,Kolkata,56000.0,2023-08-02
C03349,18,M,Mumbai,61900.0,2024-10-30
C03350,25,F,Chennai,28600.0,2025-09-15
C03351,62,M,Chennai,57800.0,2025-06-12
C03352,40,M,Pune,28900.0,2023-06-08
C03353,64,F,Delhi,64600.0,2025-01-08
C03354,57,F,Delhi,21100.0,2024-07-10
C03355,29,F,Jaipur,23900.0,2023-07-20
C03356,29,F,Pune,79500.0,2023-01-22
C03357,63,M,Pune,43000.0,2026-06-19
C03358,64,F,Kolkata,35300.0,2026-06-15
C03359,32,F,Chennai,97400.0,2026-03-18
C03360,58,M,Delhi,63700.0,2025-02-23
C03361,36,F,Mumbai,81400.0,2023-01-07
C03362,43,F,Pune,51000.0,2026-06-10
C03363,46,M,Hyderabad,183700.0,2025-03-14
C03364,39,M,Bengaluru,41900.0,2025-02-06
C03365,57,M,Delhi,120600.0,2024-08-01
C03366,38,M,Lucknow,53500.0,2026-01-05
C03367,55,M,Delhi,26100.0,2024-05-03
C03368,37,F,Hyderabad,68300.0,2025-07-14
C03369,46,F,Delhi,63400.0,2023-03-28
C03370,21,M,Hyderabad,34300.0,2023-08-10
C03371,24,F,Bengaluru,36300.0,2024-02-17
C03372,45,M,Jaipur,54400.0,2024-08-06
C03373,45,M,Kolkata,64400.0,2023-07-21
C03374,21,F,Bengaluru,18100.0,2024-07-24
C03375,39,F,Ahmedabad,88300.0,2023-08-09
C03376,29,F,Jaipur,44000.0,2023-06-06
C03377,62,F,Kolkata,30200.0,2026-04-19
C03378,20,F,Chennai,84000.0,2023-05-09
C03379,39,F,Hyderabad,54400.0,2026-06-20
C03380,61,M,Pune,95100.0,2026-04-10
C03381,19,F,Ahmedabad,67000.0,2025-05-26
C03382,41,Other,Bengaluru,55000.0,2023-09-27
C03383,51,F,Delhi,51300.0,2023-06-12
C03384,44,M,Bengaluru,68300.0,2025-08-12
C03385,58,F,Kolkata,45700.0,2023-01-24
C03386,18,F,Ahmedabad,37500.0,2024-05-11
C03387,25,M,Mumbai,72400.0,2023-07-12
C03388,40,Other,Kolkata,51500.0,2025-05-27
C03389,55,M,Jaipur,55800.0,2024-01-25
C03390,23,M,Bengaluru,89800.0,2024-05-11
C03391,39,F,Bengaluru,52300.0,2025-08-21
C03392,42,M,Ahmedabad,55400.0,2025-03-16
C03393,35,M,Hyderabad,42000.0,2023-05-09
C03394,34,F,Ahmedabad,66800.0,2025-10-17
C03395,29,F,Pune,64400.0,2024-07-06
C03396,23,M,Bengaluru,82500.0,2025-11-25
C03397,43,Other,Hyderabad,42400.0,2023-12-27
C03398,44,F,Hyderabad,44800.0,2025-02-03
C03399,25,F,Ahmedabad,78600.0,2026-05-23
C03400,36,F,Chennai,61600.0,2023-10-14
C03401,59,F,Kolkata,36600.0,2025-02-06
C03402,18,M,Jaipur,99000.0,2025-07-13
C03403,46,M,Chennai,25600.0,2024-01-04
C03404,62,F,Bengaluru,78300.0,2025-06-17
C03405,52,F,Bengaluru,31100.0,2026-04-24
C03406,57,M,Bengaluru,128500.0,2025-12-20
C03407,31,F,Lucknow,27400.0,2023-09-19
C03408,52,F,Delhi,92400.0,2025-02-26
C03409,65,M,Mumbai,53000.0,2023-04-21
C03410,62,M,Lucknow,46600.0,2025-07-30
C03411,37,M,Mumbai,59800.0,2023-05-21
C03412,30,F,Hyderabad,73100.0,2025-01-14
C03413,55,M,Bengaluru,36600.0,2024-06-18
C03414,63,M,Pune,38100.0,2023-03-20
C03415,25,F,Jaipur,73700.0,2025-11-20
C03416,60,F,Ahmedabad,25500.0,2024-05-23
C03417,37,M,Jaipur,42300.0,2025-08-28
C03418,50,M,Pune,216100.0,2023-03-07
C03419,43,F,Ahmedabad,35600.0,2023-10-14
C03420,56,F,Hyderabad,92200.0,2026-04-14
C03421,38,F,Pune,42300.0,2023-05-03
C03422,59,F,Bengaluru,69200.0,2026-06-08
C03423,60,M,Pune,73800.0,2024-07-08
C03424,58,M,Bengaluru,91400.0,2025-09-30
C03425,26,M,Pune,50300.0,2023-01-04
C03426,41,M,Pune,134600.0,2024-02-16
C03427,54,F,Chennai,42200.0,2023-09-07
C03428,58,M,Jaipur,61100.0,2024-03-28
C03429,34,M,Mumbai,61400.0,2023-06-07
C03430,41,Other,Lucknow,33200.0,2025-04-16
C03431,38,M,Chennai,48400.0,2025-10-10
C03432,56,M,Mumbai,59100.0,2025-11-18
C03433,58,M,Chennai,45300.0,2025-09-04
C03434,56,F,Delhi,165000.0,2023-12-01
C03435,30,F,Ahmedabad,37700.0,2026-06-15
C03436,28,M,Bengaluru,93500.0,2023-06-02
C03437,63,F,Lucknow,80900.0,2025-01-18
C03438,36,F,Chennai,54700.0,2025-04-13
C03439,28,F,Chennai,37300.0,2026-02-12
C03440,30,F,Hyderabad,38900.0,2025-03-18
C03441,63,F,Pune,43600.0,2025-01-27
C03442,62,F,Delhi,24600.0,2025-11-21
C03443,18,M,Lucknow,35000.0,2024-06-15
C03444,57,M,Lucknow,28200.0,2023-02-22
C03445,61,M,Ahmedabad,100800.0,2024-12-18
C03446,36,F,Lucknow,72600.0,2026-05-03
C03447,29,F,Kolkata,78300.0,2023-12-11
C03448,25,F,Lucknow,71700.0,2026-01-10
C03449,25,M,Unknown,59300.0,2023-01-01
C03450,62,F,Kolkata,106100.0,2023-06-16
C03451,29,F,Mumbai,41800.0,2023-11-13
C03452,65,F,Pune,57700.0,2026-04-21
C03453,50,F,Kolkata,77000.0,2025-08-22
C03454,62,F,Mumbai,30300.0,2025-06-16
C03455,43,F,Delhi,221600.0,2023-09-30
C03456,56,F,Jaipur,55700.0,2024-01-08
C03457,45,F,Bengaluru,58600.0,2025-06-18
C03458,22,M,Chennai,96800.0,2023-07-20
C03459,25,M,Kolkata,83000.0,2026-04-30
C03460,42,F,Jaipur,56000.0,2023-05-20
C03461,44,M,Pune,58300.0,2023-11-02
C03462,63,Other,Hyderabad,28000.0,2026-05-04
C03463,40,M,Delhi,42800.0,2025-12-20
C03464,47,F,Bengaluru,69400.0,2023-12-26
C03465,62,M,Pune,67200.0,2023-11-03
C03466,64,M,Delhi,95300.0,2023-11-29
C03467,40,F,Hyderabad,52100.0,2026-01-11
C03468,64,M,Mumbai,29500.0,2023-11-30
C03469,37,M,Hyderabad,88500.0,2024-05-31
C03470,35,M,Kolkata,105000.0,2024-12-31
C03471,35,F,Bengaluru,82400.0,2025-07-12
C03472,19,M,Lucknow,51100.0,2025-02-04
C03473,21,F,Ahmedabad,88000.0,2025-02-23
C03474,47,F,Chennai,257300.0,2023-01-21
C03475,50,F,Chennai,57900.0,2025-05-28
C03476,53,F,Mumbai,30500.0,2023-06-26
C03477,35,F,Pune,42200.0,2023-01-22
C03478,54,M,Bengaluru,72900.0,2025-04-16
C03479,36,F,Lucknow,26700.0,2025-08-17
C03480,64,M,Mumbai,59400.0,2024-07-01
C03481,45,F,Ahmedabad,65300.0,2023-09-07
C03482,57,M,Kolkata,109700.0,2024-10-22
C03483,37,F,Kolkata,99200.0,2025-08-09
C03484,50,M,Lucknow,81200.0,2026-01-01
C03485,29,M,Lucknow,20800.0,2026-01-19
C03486,32,F,Lucknow,83200.0,2026-04-14
C03487,58,F,Hyderabad,75600.0,2023-05-06
C03488,56,M,Chennai,61700.0,2026-05-12
C03489,19,F,Jaipur,25200.0,2026-06-23
C03490,46,F,Bengaluru,38800.0,2024-09-02
C03491,58,Other,Jaipur,32500.0,2025-10-06
C03492,27,F,Hyderabad,22200.0,2023-02-13
C03493,19,M,Pune,54900.0,2024-07-01
C03494,28,M,Kolkata,38400.0,2026-04-06
C03495,30,F,Chennai,179200.0,2024-03-10
C03496,27,F,Lucknow,51000.0,2025-11-19
C03497,31,M,Ahmedabad,98400.0,2025-03-04
C03498,35,M,Ahmedabad,27100.0,2023-12-23
C03499,26,F,Ahmedabad,43300.0,2026-06-25
C03500,56,M,Bengaluru,57500.0,2023-09-10
C03501,45,M,Lucknow,36500.0,2025-02-23
C03502,20,M,Chennai,45500.0,2024-12-21
C03503,37,M,Kolkata,49900.0,2025-01-06
C03504,23,M,Jaipur,49500.0,2025-06-18
C03505,44,F,Lucknow,126700.0,2023-05-03
C03506,19,M,Lucknow,65200.0,2024-11-15
C03507,46,M,Hyderabad,68200.0,2023-05-23
C03508,55,M,Pune,70100.0,2025-09-29
C03509,20,M,Ahmedabad,72500.0,2025-07-26
C03510,33,M,Mumbai,53000.0,2024-05-25
C03511,47,F,Chennai,47600.0,2023-02-26
C03512,57,F,Hyderabad,59300.0,2023-02-11
C03513,19,M,Pune,92600.0,2025-03-31
C03514,34,M,Pune,91300.0,2026-02-18
C03515,58,M,Delhi,49400.0,2023-12-09
C03516,29,F,Ahmedabad,77700.0,2023-11-28
C03517,52,F,Delhi,50400.0,2023-12-07
C03518,60,M,Hyderabad,55800.0,2023-12-07
C03519,18,F,Pune,44400.0,2025-04-28
C03520,62,M,Mumbai,50700.0,2023-07-01
C03521,32,F,Chennai,100600.0,2025-09-10
C03522,43,F,Delhi,57300.0,2026-05-18
C03523,54,F,Pune,58500.0,2024-06-06
C03524,38,F,Chennai,28700.0,2023-07-01
C03525,48,M,Ahmedabad,47900.0,2023-09-08
C03526,42,F,Jaipur,49300.0,2023-05-18
C03527,40,F,Chennai,37900.0,2026-05-26
C03528,41,F,Pune,55500.0,2025-01-20
C03529,55,M,Hyderabad,45300.0,2024-03-29
C03530,45,M,Delhi,57000.0,2025-06-01
C03531,38,F,Delhi,58100.0,2023-03-28
C03532,60,F,Kolkata,35800.0,2023-10-20
C03533,35,F,Pune,46000.0,2023-04-02
C03534,53,F,Kolkata,56900.0,2023-07-27
C03535,52,F,Mumbai,93700.0,2026-05-12
C03536,62,F,Mumbai,61700.0,2023-07-05
C03537,26,F,Pune,40800.0,2026-01-13
C03538,55,F,Delhi,65800.0,2023-06-05
C03539,47,M,Ahmedabad,118600.0,2023-10-20
C03540,61,M,Bengaluru,83100.0,2024-06-16
C03541,51,F,Mumbai,70400.0,2023-06-10
C03542,49,M,Delhi,76200.0,2025-04-30
C03543,20,F,Lucknow,105100.0,2023-06-05
C03544,20,M,Lucknow,89200.0,2023-05-23
C03545,45,M,Kolkata,71000.0,2024-07-15
C03546,61,F,Chennai,89000.0,2023-02-04
C03547,32,F,Ahmedabad,33800.0,2023-08-12
C03548,58,M,Kolkata,28000.0,2024-10-29
C03549,40,F,Lucknow,59000.0,2024-01-28
C03550,57,F,Ahmedabad,56700.0,2024-02-12
C03551,28,F,Bengaluru,43100.0,2023-10-24
C03552,65,M,Chennai,79800.0,2023-11-19
C03553,49,F,Kolkata,23800.0,2023-02-08
C03554,53,F,Lucknow,43200.0,2024-05-19
C03555,50,M,Mumbai,44200.0,2025-01-22
C03556,41,F,Mumbai,26300.0,2026-02-14
C03557,56,F,Kolkata,107800.0,2023-08-28
C03558,51,F,Bengaluru,29800.0,2024-11-17
C03559,45,F,Bengaluru,42200.0,2025-01-09
C03560,54,M,Pune,82800.0,2025-09-23
C03561,24,M,Chennai,73600.0,2024-05-01
C03562,21,F,Delhi,33400.0,2025-02-03
C03563,54,F,Bengaluru,74800.0,2024-09-14
C03564,18,F,Chennai,62700.0,2025-01-05
C03565,18,F,Bengaluru,157100.0,2023-10-25
C03566,64,M,Pune,66000.0,2025-12-11
C03567,37,M,Jaipur,51600.0,2025-01-02
C03568,36,M,Bengaluru,37400.0,2025-09-27
C03569,46,M,Chennai,39300.0,2023-10-31
C03570,27,F,Pune,37900.0,2024-10-25
C03571,35,M,Pune,101900.0,2025-06-17
C03572,45,F,Chennai,55400.0,2026-02-15
C03573,52,M,Chennai,70900.0,2025-03-01
C03574,60,F,Mumbai,108700.0,2024-10-08
C03575,64,F,Jaipur,19000.0,2023-07-28
C03576,48,M,Pune,97800.0,2026-02-24
C03577,44,M,Mumbai,56400.0,2024-06-02
C03578,28,M,Ahmedabad,66900.0,2026-05-30
C03579,55,F,Kolkata,37900.0,2023-03-18
C03580,22,M,Kolkata,39200.0,2023-12-04
C03581,25,F,Pune,68500.0,2025-05-12
C03582,51,Other,Mumbai,160800.0,2025-07-01
C03583,65,F,Jaipur,86400.0,2025-03-17
C03584,29,M,Jaipur,97200.0,2026-02-14
C03585,55,F,Ahmedabad,50400.0,2026-03-26
C03586,18,M,Pune,42000.0,2024-07-25
C03587,48,M,Bengaluru,38700.0,2026-04-22
C03588,21,F,Ahmedabad,44200.0,2024-02-28
C03589,62,F,Mumbai,21800.0,2024-11-03
C03590,22,M,Bengaluru,39700.0,2025-11-05
C03591,47,M,Kolkata,42700.0,2025-07-14
C03592,41,M,Hyderabad,50800.0,2023-04-08
C03593,20,F,Kolkata,58400.0,2023-10-27
C03594,28,M,Pune,64700.0,2025-01-16
C03595,62,Other,Chennai,54600.0,2023-10-01
C03596,21,F,Kolkata,42300.0,2023-09-18
C03597,43,F,Lucknow,22700.0,2026-06-16
C03598,44,M,Kolkata,42500.0,2025-07-24
C03599,63,F,Kolkata,35500.0,2023-11-28
C03600,60,F,Kolkata,67800.0,2023-04-25
C03601,44,F,Kolkata,82800.0,2023-09-25
C03602,59,M,Unknown,83900.0,2023-01-12
C03603,23,M,Bengaluru,77300.0,2023-03-14
C03604,32,M,Kolkata,51800.0,2025-10-12
C03605,47,F,Delhi,43500.0,2025-05-23
C03606,59,F,Delhi,39300.0,2024-02-10
C03607,54,F,Bengaluru,27900.0,2023-06-27
C03608,54,M,Hyderabad,85900.0,2025-02-10
C03609,59,M,Chennai,50800.0,2025-08-03
C03610,54,M,Ahmedabad,31400.0,2024-02-04
C03611,52,M,Lucknow,37900.0,2023-09-27
C03612,40,M,Lucknow,37200.0,2024-04-30
C03613,23,F,Kolkata,56100.0,2023-02-28
C03614,21,F,Hyderabad,88900.0,2024-10-03
C03615,35,F,Delhi,47000.0,2025-06-05
C03616,26,M,Delhi,20000.0,2023-09-23
C03617,46,M,Hyderabad,50500.0,2023-03-16
C03618,30,M,Chennai,51300.0,2026-01-18
C03619,64,F,Bengaluru,49700.0,2024-05-19
C03620,34,M,Chennai,41500.0,2023-12-23
C03621,62,F,Pune,60700.0,2023-06-03
C03622,49,M,Pune,56700.0,2026-05-26
C03623,65,F,Delhi,54400.0,2024-04-30
C03624,39,F,Ahmedabad,66200.0,2026-02-27
C03625,21,M,Pune,45300.0,2023-03-07
C03626,22,F,Delhi,44200.0,2026-03-13
C03627,54,M,Kolkata,102300.0,2024-01-15
C03628,58,F,Jaipur,70700.0,2024-02-11
C03629,30,M,Jaipur,79800.0,2023-10-04
C03630,51,M,Mumbai,95500.0,2024-09-06
C03631,62,F,Kolkata,69700.0,2023-11-10
C03632,39,F,Jaipur,83500.0,2024-07-02
C03633,40,M,Chennai,27000.0,2026-06-26
C03634,20,F,Mumbai,60300.0,2024-04-05
C03635,59,M,Delhi,50700.0,2024-02-03
C03636,51,M,Hyderabad,117000.0,2024-03-26
C03637,49,F,Hyderabad,83500.0,2024-04-15
C03638,62,M,Delhi,41400.0,2025-08-13
C03639,38,M,Ahmedabad,65000.0,2024-12-07
C03640,63,F,Delhi,59300.0,2023-04-13
C03641,61,M,Bengaluru,67500.0,2023-11-24
C03642,38,F,Hyderabad,34800.0,2024-08-23
C03643,61,M,Jaipur,64700.0,2023-09-03
C03644,28,M,Lucknow,49600.0,2025-12-17
C03645,56,M,Mumbai,62500.0,2023-04-15
C03646,21,F,Ahmedabad,39700.0,2024-11-22
C03647,18,F,Pune,42300.0,2025-08-29
C03648,45,M,Kolkata,93300.0,2025-12-28
C03649,41,M,Ahmedabad,34300.0,2025-09-19
C03650,52,F,Pune,35400.0,2023-06-02
C03651,30,M,Ahmedabad,53700.0,2025-11-24
C03652,64,F,Lucknow,38900.0,2025-08-14
C03653,51,M,Ahmedabad,36900.0,2025-11-04
C03654,28,F,Jaipur,57700.0,2026-02-03
C03655,53,M,Delhi,27900.0,2024-12-30
C03656,34,F,Bengaluru,34900.0,2023-03-15
C03657,52,F,Mumbai,138600.0,2025-05-05
C03658,35,M,Hyderabad,67600.0,2023-10-12
C03659,57,M,Pune,39300.0,2026-05-05
C03660,39,F,Mumbai,66400.0,2023-10-07
C03661,41,F,Ahmedabad,71000.0,2025-02-25
C03662,36,M,Delhi,86000.0,2024-11-16
C03663,54,M,Mumbai,51900.0,2025-08-26
C03664,56,F,Delhi,85300.0,2026-03-22
C03665,38,M,Pune,22000.0,2023-10-18
C03666,25,F,Jaipur,34200.0,2025-07-20
C03667,45,M,Jaipur,59200.0,2026-03-11
C03668,22,F,Delhi,63800.0,2025-02-06
C03669,34,F,Delhi,36500.0,2023-11-08
C03670,54,Other,Bengaluru,61800.0,2024-10-07
C03671,53,M,Kolkata,41500.0,2025-11-21
C03672,36,F,Bengaluru,48600.0,2023-01-26
C03673,44,M,Mumbai,87200.0,2023-09-12
C03674,51,F,Chennai,82800.0,2025-12-15
C03675,28,F,Bengaluru,35100.0,2023-10-20
C03676,62,M,Mumbai,34200.0,2024-09-28
C03677,64,F,Hyderabad,45700.0,2023-08-18
C03678,29,M,Mumbai,54300.0,2023-02-22
C03679,38,F,Mumbai,40900.0,2025-08-11
C03680,28,F,Delhi,87800.0,2023-04-11
C03681,56,F,Lucknow,64300.0,2025-03-14
C03682,45,M,Ahmedabad,66000.0,2025-05-18
C03683,22,M,Delhi,31100.0,2023-09-24
C03684,34,F,Delhi,93000.0,2023-01-02
C03685,37,M,Lucknow,15500.0,2023-01-22
C03686,58,M,Lucknow,80100.0,2024-07-31
C03687,63,M,Ahmedabad,83700.0,2023-07-31
C03688,29,M,Chennai,45300.0,2026-06-13
C03689,23,F,Hyderabad,97500.0,2024-06-12
C03690,34,M,Bengaluru,53500.0,2024-01-23
C03691,36,F,Mumbai,56600.0,2023-01-14
C03692,43,M,Bengaluru,64100.0,2024-06-02
C03693,65,M,Jaipur,230700.0,2026-05-30
C03694,61,M,Pune,100700.0,2024-09-07
C03695,61,M,Chennai,75400.0,2025-08-19
C03696,49,M,Pune,36500.0,2024-02-07
C03697,23,F,Mumbai,58700.0,2023-10-14
C03698,53,M,Lucknow,38100.0,2024-01-19
C03699,55,M,Mumbai,79600.0,2026-06-24
C03700,28,M,Hyderabad,58600.0,2026-01-19
C03701,50,M,Bengaluru,33200.0,2025-04-05
C03702,41,F,Ahmedabad,57000.0,2023-11-08
C03703,40,F,Unknown,37500.0,2024-12-26
C03704,32,M,Kolkata,58900.0,2023-02-12
C03705,44,M,Ahmedabad,37400.0,2026-01-02
C03706,28,Other,Lucknow,55700.0,2025-01-23
C03707,34,M,Kolkata,77100.0,2025-09-19
C03708,31,F,Lucknow,53700.0,2025-05-25
C03709,44,M,Delhi,46100.0,2025-01-03
C03710,35,F,Hyderabad,60300.0,2023-05-24
C03711,45,F,Chennai,75300.0,2023-07-28
C03712,64,F,Bengaluru,33400.0,2026-01-27
C03713,64,M,Bengaluru,61800.0,2024-11-30
C03714,21,M,Chennai,99500.0,2023-04-24
C03715,24,M,Mumbai,71200.0,2023-06-24
C03716,62,M,Mumbai,56400.0,2023-09-28
C03717,52,M,Pune,73300.0,2023-03-04
C03718,65,M,Mumbai,67400.0,2025-10-04
C03719,26,F,Lucknow,77200.0,2025-03-06
C03720,25,F,Ahmedabad,22100.0,2023-08-13
C03721,62,M,Delhi,27300.0,2023-06-10
C03722,34,M,Chennai,86400.0,2025-11-25
C03723,34,Other,Lucknow,27900.0,2024-01-16
C03724,50,F,Lucknow,65900.0,2023-11-14
C03725,49,F,Pune,46900.0,2024-12-08
C03726,25,M,Lucknow,35100.0,2024-03-31
C03727,36,M,Hyderabad,64400.0,2023-12-10
C03728,55,M,Mumbai,60200.0,2025-11-29
C03729,20,M,Bengaluru,142200.0,2024-02-18
C03730,22,F,Hyderabad,41500.0,2026-05-30
C03731,30,F,Delhi,105100.0,2023-08-13
C03732,64,M,Delhi,64500.0,2026-03-23
C03733,63,Other,Delhi,40800.0,2023-10-07
C03734,48,M,Mumbai,78800.0,2025-11-28
C03735,33,Other,Lucknow,70900.0,2024-12-29
C03736,49,Other,Delhi,55900.0,2024-09-12
C03737,39,M,Chennai,62000.0,2025-09-01
C03738,46,M,Bengaluru,42000.0,2024-07-26
C03739,39,F,Lucknow,37900.0,2024-05-03
C03740,60,F,Pune,77400.0,2025-10-04
C03741,20,F,Mumbai,49700.0,2025-07-25
C03742,27,Other,Ahmedabad,53100.0,2026-05-06
C03743,59,F,Hyderabad,62400.0,2026-04-10
C03744,38,M,Jaipur,62000.0,2025-02-22
C03745,33,M,Hyderabad,28900.0,2024-05-22
C03746,29,F,Delhi,98100.0,2024-02-09
C03747,19,M,Bengaluru,58100.0,2025-02-10
C03748,58,F,Pune,50200.0,2024-10-25
C03749,41,M,Lucknow,66800.0,2023-05-11
C03750,52,M,Chennai,61200.0,2023-10-08
C03751,47,M,Kolkata,77700.0,2024-02-24
C03752,47,F,Hyderabad,70100.0,2026-04-30
C03753,64,M,Kolkata,76000.0,2024-09-28
C03754,52,F,Lucknow,101000.0,2025-03-18
C03755,36,F,Bengaluru,81900.0,2023-12-14
C03756,25,F,Kolkata,51200.0,2024-03-04
C03757,43,F,Hyderabad,33200.0,2024-06-30
C03758,57,M,Ahmedabad,116500.0,2025-07-28
C03759,24,F,Jaipur,49400.0,2024-02-06
C03760,47,M,Kolkata,44500.0,2025-12-06
C03761,24,M,Ahmedabad,25200.0,2024-10-26
C03762,20,M,Ahmedabad,64000.0,2025-01-19
C03763,18,F,Delhi,58800.0,2025-08-17
C03764,53,F,Jaipur,27800.0,2024-09-28
C03765,42,F,Chennai,67400.0,2025-05-28
C03766,54,F,Hyderabad,44000.0,2023-03-28
C03767,18,F,Pune,184600.0,2024-05-29
C03768,32,M,Lucknow,42600.0,2025-09-30
C03769,54,F,Pune,45200.0,2026-04-03
C03770,30,M,Kolkata,37100.0,2026-05-31
C03771,57,Other,Jaipur,97700.0,2025-05-10
C03772,25,F,Kolkata,46500.0,2025-07-04
C03773,22,F,Jaipur,39700.0,2024-03-26
C03774,26,F,Hyderabad,75600.0,2023-12-07
C03775,18,M,Lucknow,29600.0,2024-02-25
C03776,53,F,Lucknow,72900.0,2024-01-16
C03777,52,M,Hyderabad,122600.0,2023-01-05
C03778,19,F,Chennai,71000.0,2024-10-09
C03779,57,F,Ahmedabad,73300.0,2025-10-24
C03780,40,F,Jaipur,81400.0,2023-11-12
C03781,26,F,Mumbai,118700.0,2026-01-06
C03782,51,M,Mumbai,94800.0,2024-06-14
C03783,63,M,Ahmedabad,67000.0,2023-12-21
C03784,31,F,Kolkata,82600.0,2025-11-22
C03785,21,M,Jaipur,36900.0,2024-10-23
C03786,47,M,Bengaluru,78000.0,2026-03-08
C03787,48,F,Lucknow,35000.0,2026-05-04
C03788,55,F,Pune,46600.0,2023-05-07
C03789,28,F,Bengaluru,13700.0,2023-12-15
C03790,52,M,Pune,65900.0,2025-12-03
C03791,25,F,Lucknow,41200.0,2025-01-11
C03792,20,M,Mumbai,90700.0,2024-12-28
C03793,31,F,Hyderabad,65600.0,2023-09-01
C03794,30,M,Chennai,91200.0,2023-01-09
C03795,62,F,Delhi,33800.0,2024-12-12
C03796,49,F,Kolkata,87800.0,2025-04-25
C03797,51,M,Ahmedabad,141900.0,2026-01-07
C03798,62,F,Mumbai,77600.0,2026-04-28
C03799,36,F,Hyderabad,78500.0,2023-03-27
C03800,55,M,Hyderabad,59400.0,2023-09-28
C03801,33,F,Pune,43400.0,2024-05-27
C03802,19,M,Hyderabad,77500.0,2025-11-09
C03803,57,F,Jaipur,27900.0,2023-05-10
C03804,34,F,Kolkata,45600.0,2025-04-17
C03805,51,M,Delhi,24800.0,2025-02-08
C03806,59,F,Mumbai,40100.0,2025-10-27
C03807,33,M,Jaipur,73400.0,2025-05-01
C03808,55,M,Mumbai,69000.0,2025-07-25
C03809,19,Other,Chennai,56300.0,2025-06-19
C03810,19,F,Delhi,59400.0,2024-04-17
C03811,43,M,Hyderabad,23500.0,2026-01-30
C03812,30,M,Chennai,46500.0,2023-12-04
C03813,64,M,Pune,40500.0,2023-11-15
C03814,48,Other,Chennai,40900.0,2025-11-14
C03815,51,M,Bengaluru,72000.0,2024-12-21
C03816,56,M,Pune,37300.0,2023-05-23
C03817,20,F,Delhi,41900.0,2024-10-18
C03818,25,M,Kolkata,21500.0,2026-03-18
C03819,40,M,Bengaluru,48200.0,2025-12-14
C03820,31,M,Mumbai,33700.0,2024-04-15
C03821,44,M,Ahmedabad,57000.0,2023-12-29
C03822,46,M,Ahmedabad,35800.0,2024-10-11
C03823,56,F,Bengaluru,57600.0,2023-07-28
C03824,56,M,Kolkata,51500.0,2026-04-23
C03825,18,F,Jaipur,116700.0,2025-12-24
C03826,34,F,Ahmedabad,68800.0,2024-07-02
C03827,58,F,Bengaluru,24000.0,2026-02-09
C03828,47,F,Delhi,31100.0,2023-09-20
C03829,30,M,Lucknow,56400.0,2026-01-04
C03830,38,M,Kolkata,36200.0,2026-04-16
C03831,36,M,Kolkata,14500.0,2025-02-04
C03832,36,M,Jaipur,101000.0,2023-01-01
C03833,42,F,Pune,76100.0,2023-05-28
C03834,39,F,Hyderabad,69500.0,2025-05-25
C03835,48,F,Ahmedabad,41800.0,2025-09-12
C03836,34,M,Hyderabad,66700.0,2026-02-26
C03837,40,F,Hyderabad,40100.0,2024-05-27
C03838,49,M,Delhi,60300.0,2024-09-20
C03839,27,F,Mumbai,36300.0,2025-08-29
C03840,27,M,Hyderabad,108800.0,2026-03-18
C03841,53,F,Kolkata,27100.0,2024-10-14
C03842,25,M,Jaipur,95800.0,2026-02-02
C03843,37,F,Jaipur,56000.0,2024-04-10
C03844,49,F,Lucknow,44100.0,2025-02-02
C03845,31,F,Mumbai,59300.0,2025-10-16
C03846,45,M,Pune,76500.0,2025-07-17
C03847,63,F,Kolkata,101700.0,2025-03-04
C03848,41,F,Kolkata,63300.0,2025-06-18
C03849,32,M,Lucknow,36800.0,2024-11-05
C03850,39,M,Chennai,56400.0,2025-10-05
C03851,47,M,Lucknow,124600.0,2026-05-11
C03852,21,M,Hyderabad,100900.0,2023-10-08
C03853,30,F,Bengaluru,82800.0,2025-07-04
C03854,40,Other,Jaipur,78700.0,2026-01-22
C03855,25,M,Lucknow,75300.0,2023-11-20
C03856,35,F,Hyderabad,92600.0,2025-03-01
C03857,29,Other,Ahmedabad,44800.0,2025-12-21
C03858,48,M,Mumbai,29900.0,2023-07-06
C03859,31,F,Kolkata,56700.0,2025-07-03
C03860,51,F,Chennai,38100.0,2024-06-25
C03861,35,F,Mumbai,34200.0,2025-06-15
C03862,51,M,Hyderabad,39800.0,2024-09-30
C03863,28,F,Pune,168300.0,2024-03-11
C03864,58,M,Ahmedabad,58500.0,2023-08-01
C03865,29,F,Hyderabad,64700.0,2025-03-28
C03866,32,M,Bengaluru,31700.0,2025-08-19
C03867,48,F,Delhi,24000.0,2026-03-03
C03868,46,M,Hyderabad,38000.0,2025-08-17
C03869,43,M,Lucknow,105100.0,2025-07-05
C03870,35,F,Hyderabad,63900.0,2025-09-19
C03871,49,M,Lucknow,72000.0,2025-07-03
C03872,39,F,Pune,76700.0,2026-05-27
C03873,55,Other,Kolkata,42100.0,2024-02-25
C03874,34,F,Jaipur,102700.0,2023-11-15
C03875,40,M,Delhi,41400.0,2026-03-26
C03876,41,F,Pune,103600.0,2023-07-07
C03877,25,F,Lucknow,67100.0,2023-06-11
C03878,58,F,Jaipur,24600.0,2023-05-09
C03879,23,M,Bengaluru,39300.0,2023-10-31
C03880,22,F,Mumbai,24600.0,2026-01-17
C03881,61,F,Delhi,92800.0,2025-07-05
C03882,46,M,Chennai,54400.0,2026-03-31
C03883,45,M,Pune,20200.0,2025-07-10
C03884,28,M,Mumbai,65100.0,2025-11-25
C03885,18,F,Mumbai,43200.0,2026-06-04
C03886,60,F,Hyderabad,28200.0,2023-05-31
C03887,36,F,Hyderabad,117000.0,2024-08-15
C03888,26,M,Chennai,57700.0,2023-02-16
C03889,44,M,Chennai,48200.0,2025-07-28
C03890,51,Other,Lucknow,46000.0,2024-10-21
C03891,61,Other,Chennai,27800.0,2023-08-19
C03892,21,F,Mumbai,30600.0,2025-09-28
C03893,53,F,Lucknow,98100.0,2023-06-14
C03894,35,M,Jaipur,44400.0,2024-12-24
C03895,32,F,Kolkata,55500.0,2025-03-30
C03896,30,M,Kolkata,21900.0,2025-12-25
C03897,36,M,Kolkata,30400.0,2026-01-08
C03898,23,F,Delhi,72400.0,2023-05-20
C03899,65,M,Delhi,65200.0,2024-02-04
C03900,29,M,Chennai,,2023-05-10
C03901,54,M,Kolkata,100700.0,2025-09-11
C03902,34,M,Bengaluru,49600.0,2025-02-04
C03903,40,F,Hyderabad,68000.0,2024-03-21
C03904,43,M,Bengaluru,47700.0,2023-01-29
C03905,46,M,Kolkata,138700.0,2026-05-10
C03906,50,M,Kolkata,92200.0,2026-06-14
C03907,44,M,Hyderabad,59400.0,2025-03-09
C03908,42,M,Kolkata,60200.0,2023-10-16
C03909,27,F,Pune,,2026-06-29
C03910,64,M,Mumbai,71400.0,2025-09-03
C03911,40,F,Lucknow,110900.0,2023-04-10
C03912,38,Other,Hyderabad,20500.0,2024-02-26
C03913,38,F,Kolkata,67700.0,2024-10-04
C03914,60,M,Delhi,43600.0,2024-11-24
C03915,30,M,Delhi,121200.0,2024-12-06
C03916,54,F,Mumbai,110300.0,2023-01-18
C03917,50,F,Delhi,55800.0,2024-04-15
C03918,41,F,Lucknow,109800.0,2024-12-23
C03919,61,F,Ahmedabad,122700.0,2025-10-27
C03920,28,F,Ahmedabad,56900.0,2024-02-23
C03921,34,F,Ahmedabad,167300.0,2024-01-15
C03922,21,F,Mumbai,54200.0,2024-05-22
C03923,64,M,Mumbai,49900.0,2023-04-24
C03924,42,Other,Lucknow,81200.0,2025-05-01
C03925,47,F,Hyderabad,46900.0,2024-05-25
C03926,26,M,Chennai,57200.0,2025-04-30
C03927,38,F,Ahmedabad,103700.0,2025-09-02
C03928,37,F,Delhi,55500.0,2024-09-05
C03929,36,F,Bengaluru,25700.0,2024-04-13
C03930,36,F,Chennai,64900.0,2023-04-03
C03931,29,M,Lucknow,40200.0,2026-01-30
C03932,54,Other,Hyderabad,81200.0,2024-05-07
C03933,59,F,Delhi,75200.0,2025-02-01
C03934,34,F,Kolkata,106600.0,2025-09-15
C03935,54,M,Hyderabad,82700.0,2024-04-23
C03936,65,M,Ahmedabad,89800.0,2025-05-26
C03937,56,F,Ahmedabad,40700.0,2023-06-16
C03938,45,M,Kolkata,79000.0,2023-05-20
C03939,58,M,Lucknow,133400.0,2023-04-04
C03940,52,F,Jaipur,40300.0,2026-04-19
C03941,64,F,Hyderabad,123600.0,2024-07-29
C03942,65,M,Kolkata,43000.0,2025-10-24
C03943,35,M,Lucknow,37500.0,2024-08-28
C03944,31,M,Lucknow,62800.0,2026-03-01
C03945,52,F,Mumbai,75900.0,2024-08-06
C03946,61,M,Hyderabad,82900.0,2025-03-26
C03947,58,M,Delhi,35700.0,2024-08-15
C03948,24,F,Jaipur,66900.0,2024-11-16
C03949,58,Other,Pune,40400.0,2025-08-20
C03950,30,F,Bengaluru,28100.0,2025-09-13
C03951,35,M,Hyderabad,36200.0,2025-12-11
C03952,54,M,Chennai,39200.0,2024-03-21
C03953,30,F,Lucknow,69600.0,2023-08-25
C03954,53,M,Mumbai,92400.0,2025-12-03
C03955,48,F,Kolkata,28300.0,2025-05-31
C03956,19,M,Ahmedabad,64400.0,2025-02-04
C03957,33,M,Kolkata,32400.0,2025-07-25
C03958,26,F,Kolkata,73000.0,2023-12-25
C03959,26,F,Jaipur,41600.0,2024-10-07
C03960,55,F,Hyderabad,34300.0,2024-11-20
C03961,28,M,Kolkata,78800.0,2024-04-06
C03962,39,M,Jaipur,42200.0,2023-04-11
C03963,50,F,Pune,47700.0,2024-11-22
C03964,53,F,Delhi,20300.0,2025-09-10
C03965,62,M,Pune,84200.0,2025-02-07
C03966,40,M,Hyderabad,79600.0,2023-09-25
C03967,62,M,Ahmedabad,55100.0,2025-06-01
C03968,62,Other,Pune,27700.0,2024-02-12
C03969,51,F,Jaipur,94800.0,2025-11-26
C03970,26,F,Jaipur,40800.0,2024-04-12
C03971,41,M,Bengaluru,44900.0,2023-09-16
C03972,25,Other,Lucknow,155700.0,2024-05-23
C03973,24,M,Chennai,40100.0,2023-11-05
C03974,53,F,Chennai,76800.0,2024-09-16
C03975,35,F,Hyderabad,70800.0,2023-04-20
C03976,20,M,Lucknow,65600.0,2024-11-09
C03977,45,M,Bengaluru,62400.0,2025-01-11
C03978,23,M,Mumbai,65200.0,2025-06-25
C03979,61,M,Kolkata,62200.0,2023-09-25
C03980,61,F,Pune,53700.0,2025-11-21
C03981,38,F,Lucknow,108600.0,2025-07-28
C03982,45,F,Kolkata,30500.0,2025-03-21
C03983,57,F,Mumbai,87100.0,2026-04-15
C03984,18,F,Ahmedabad,79600.0,2023-04-14
C03985,53,M,Bengaluru,75300.0,2026-06-13
C03986,38,M,Kolkata,90900.0,2026-01-21
C03987,60,Other,Bengaluru,52800.0,2023-07-20
C03988,52,M,Bengaluru,23700.0,2025-06-17
C03989,30,F,Lucknow,53200.0,2025-01-12
C03990,27,M,Jaipur,35200.0,2025-07-13
C03991,61,F,Delhi,39600.0,2024-08-19
C03992,64,F,Hyderabad,31400.0,2025-11-24
C03993,27,M,Chennai,44400.0,2026-02-14
C03994,63,M,Bengaluru,42000.0,2024-11-18
C03995,30,F,Lucknow,18900.0,2025-07-08
C03996,54,M,Lucknow,75400.0,2025-02-26
C03997,55,M,Kolkata,149400.0,2024-02-03
C03998,41,F,Kolkata,72300.0,2024-08-19
C03999,19,M,Pune,50200.0,2023-04-27
C04000,39,F,Bengaluru,53700.0,2023-12-28
C04001,34,F,Delhi,45500.0,2023-07-23
C04002,53,M,Hyderabad,57300.0,2026-03-15
C04003,31,F,Hyderabad,54100.0,2024-03-19
C04004,27,F,Ahmedabad,37700.0,2024-12-27
C04005,52,M,Ahmedabad,117300.0,2025-05-10
C04006,42,M,Pune,28200.0,2025-05-17
C04007,20,M,Chennai,76000.0,2025-02-05
C04008,64,M,Ahmedabad,52600.0,2026-06-08
C04009,55,M,Mumbai,129400.0,2026-05-11
C04010,34,M,Pune,64100.0,2023-12-28
C04011,29,M,Hyderabad,46800.0,2024-01-30
C04012,41,F,Hyderabad,49200.0,2023-09-05
C04013,46,F,Delhi,56000.0,2025-07-02
C04014,60,F,Lucknow,32900.0,2025-01-30
C04015,42,F,Mumbai,38900.0,2024-10-17
C04016,53,F,Chennai,24600.0,2023-12-22
C04017,43,F,Kolkata,36300.0,2023-08-29
C04018,55,F,Pune,57400.0,2023-08-17
C04019,18,M,Ahmedabad,63000.0,2024-09-12
C04020,37,F,Jaipur,22600.0,2025-07-19
C04021,45,M,Delhi,51700.0,2025-05-04
C04022,33,M,Hyderabad,70900.0,2024-06-12
C04023,64,F,Jaipur,51100.0,2023-09-24
C04024,34,M,Pune,41400.0,2026-02-26
C04025,57,M,Bengaluru,45700.0,2023-08-08
C04026,45,F,Chennai,43100.0,2026-01-10
C04027,29,F,Bengaluru,41300.0,2024-07-14
C04028,44,F,Pune,59500.0,2025-11-09
C04029,59,F,Bengaluru,155400.0,2025-11-26
C04030,64,M,Chennai,39400.0,2024-01-17
C04031,47,M,Lucknow,47700.0,2023-02-08
C04032,58,F,Pune,53700.0,2026-02-06
C04033,51,M,Jaipur,40400.0,2024-03-04
C04034,54,F,Bengaluru,90200.0,2025-12-23
C04035,23,M,Chennai,18900.0,2026-04-13
C04036,24,M,Ahmedabad,43300.0,2025-03-01
C04037,49,F,Kolkata,79500.0,2023-02-01
C04038,49,F,Chennai,48200.0,2025-08-02
C04039,42,F,Delhi,38000.0,2024-06-14
C04040,50,F,Kolkata,67100.0,2023-04-16
C04041,24,M,Ahmedabad,82700.0,2024-04-26
C04042,29,M,Mumbai,60500.0,2023-07-25
C04043,33,M,Jaipur,38400.0,2026-06-24
C04044,33,M,Hyderabad,67500.0,2025-04-14
C04045,60,M,Ahmedabad,45900.0,2023-03-30
C04046,53,F,Lucknow,76900.0,2025-10-31
C04047,30,M,Kolkata,107200.0,2025-12-08
C04048,24,F,Lucknow,17000.0,2025-06-14
C04049,53,F,Kolkata,57800.0,2026-04-09
C04050,64,M,Delhi,25200.0,2023-05-23
C04051,26,M,Mumbai,165000.0,2023-07-26
C04052,49,M,Hyderabad,44600.0,2024-05-23
C04053,28,F,Delhi,77000.0,2026-05-09
C04054,25,M,Ahmedabad,54100.0,2023-01-05
C04055,50,M,Lucknow,38300.0,2023-07-30
C04056,40,F,Kolkata,36300.0,2023-01-29
C04057,42,M,Ahmedabad,112300.0,2026-04-28
C04058,25,F,Chennai,84600.0,2023-07-07
C04059,62,F,Mumbai,131900.0,2026-03-19
C04060,39,F,Jaipur,56400.0,2024-06-08
C04061,21,M,Chennai,62600.0,2025-08-03
C04062,57,F,Lucknow,48800.0,2023-06-06
C04063,20,F,Mumbai,48300.0,2023-03-21
C04064,46,M,Mumbai,34400.0,2024-10-21
C04065,58,M,Ahmedabad,57100.0,2024-09-17
C04066,46,M,Chennai,38600.0,2023-08-20
C04067,51,F,Ahmedabad,67100.0,2023-06-09
C04068,51,F,Ahmedabad,59400.0,2023-12-10
C04069,45,F,Ahmedabad,62600.0,2023-07-24
C04070,30,F,Lucknow,116900.0,2025-09-21
C04071,32,M,Kolkata,54100.0,2025-04-17
C04072,40,M,Kolkata,77300.0,2023-11-01
C04073,61,F,Lucknow,138500.0,2024-10-31
C04074,43,F,Hyderabad,99000.0,2024-02-04
C04075,21,M,Jaipur,92400.0,2023-04-16
C04076,43,F,Delhi,47900.0,2026-01-10
C04077,57,F,Jaipur,61000.0,2023-12-08
C04078,26,F,Lucknow,30400.0,2025-09-12
C04079,22,F,Bengaluru,68800.0,2025-08-09
C04080,49,F,Delhi,62200.0,2023-02-18
C04081,37,M,Hyderabad,55600.0,2023-07-25
C04082,28,F,Pune,87300.0,2026-05-26
C04083,32,M,Delhi,31900.0,2025-03-01
C04084,49,F,Mumbai,114800.0,2023-08-19
C04085,45,M,Lucknow,82500.0,2025-06-01
C04086,39,F,Pune,53300.0,2024-12-26
C04087,58,F,Jaipur,51400.0,2023-10-11
C04088,34,M,Pune,68300.0,2023-10-03
C04089,43,M,Lucknow,109000.0,2024-03-08
C04090,61,Other,Jaipur,,2026-04-23
C04091,24,Other,Lucknow,58700.0,2024-09-24
C04092,59,M,Chennai,55500.0,2023-08-04
C04093,43,Other,Bengaluru,122600.0,2023-04-07
C04094,42,F,Hyderabad,46600.0,2025-08-12
C04095,27,F,Hyderabad,54300.0,2026-02-16
C04096,62,M,Mumbai,106300.0,2023-12-31
C04097,36,F,Bengaluru,58800.0,2025-10-04
C04098,28,F,Bengaluru,91700.0,2024-09-09
C04099,30,F,Mumbai,36500.0,2024-02-01
C04100,25,F,Jaipur,50100.0,2024-04-02
C04101,57,F,Mumbai,107300.0,2023-11-14
C04102,21,F,Jaipur,40600.0,2024-01-17
C04103,64,M,Mumbai,51400.0,2023-05-22
C04104,48,M,Delhi,61700.0,2024-04-01
C04105,45,M,Delhi,35200.0,2024-05-15
C04106,28,M,Chennai,45700.0,2023-11-19
C04107,60,F,Kolkata,57900.0,2025-09-26
C04108,18,F,Mumbai,56200.0,2023-09-25
C04109,64,F,Bengaluru,97900.0,2024-05-01
C04110,55,M,Delhi,110100.0,2025-05-27
C04111,41,F,Ahmedabad,37400.0,2024-11-09
C04112,64,M,Jaipur,57800.0,2026-03-29
C04113,48,M,Delhi,74500.0,2023-01-14
C04114,58,M,Delhi,108800.0,2025-09-30
C04115,63,F,Lucknow,76000.0,2024-12-05
C04116,43,M,Jaipur,62700.0,2023-06-04
C04117,22,F,Hyderabad,74200.0,2023-04-11
C04118,37,M,Pune,74500.0,2024-07-25
C04119,58,F,Jaipur,36200.0,2025-12-02
C04120,28,F,Chennai,60000.0,2026-05-01
C04121,50,F,Lucknow,106100.0,2024-09-12
C04122,55,F,Jaipur,50100.0,2025-10-11
C04123,44,F,Jaipur,58300.0,2024-04-09
C04124,51,F,Kolkata,49300.0,2026-04-01
C04125,32,F,Lucknow,19400.0,2023-12-17
C04126,49,M,Jaipur,55500.0,2023-08-22
C04127,38,M,Pune,63000.0,2024-02-07
C04128,63,M,Pune,43700.0,2023-12-17
C04129,22,F,Ahmedabad,32700.0,2026-04-05
C04130,23,F,Lucknow,37000.0,2026-03-17
C04131,55,F,Hyderabad,77600.0,2023-01-28
C04132,39,F,Jaipur,133600.0,2023-09-16
C04133,35,M,Kolkata,102500.0,2024-09-11
C04134,31,F,Kolkata,30000.0,2025-05-25
C04135,27,Other,Bengaluru,80800.0,2026-05-19
C04136,63,M,Hyderabad,40800.0,2024-06-26
C04137,30,F,Kolkata,42300.0,2024-03-28
C04138,48,M,Pune,44700.0,2024-11-27
C04139,47,F,Bengaluru,75600.0,2024-02-08
C04140,20,M,Mumbai,84700.0,2025-10-15
C04141,47,F,Kolkata,52600.0,2025-12-25
C04142,23,F,Chennai,53000.0,2025-06-01
C04143,46,M,Lucknow,67800.0,2024-07-28
C04144,25,M,Kolkata,71000.0,2026-06-05
C04145,61,F,Delhi,93400.0,2026-01-29
C04146,62,Other,Hyderabad,30900.0,2024-02-27
C04147,60,F,Delhi,55500.0,2026-03-08
C04148,61,F,Ahmedabad,34000.0,2026-02-28
C04149,50,M,Kolkata,53800.0,2024-07-02
C04150,34,F,Mumbai,49700.0,2024-04-12
C04151,65,F,Delhi,53900.0,2023-04-21
C04152,28,F,Delhi,38400.0,2023-06-02
C04153,30,M,Hyderabad,28200.0,2025-07-05
C04154,28,F,Bengaluru,21400.0,2025-01-31
C04155,48,F,Mumbai,51800.0,2026-06-19
C04156,45,F,Delhi,45300.0,2024-12-20
C04157,61,F,Jaipur,40600.0,2025-05-29
C04158,23,F,Mumbai,99700.0,2024-11-12
C04159,58,F,Jaipur,37400.0,2025-02-07
C04160,33,M,Kolkata,,2023-10-06
C04161,21,F,Delhi,114200.0,2023-12-29
C04162,52,M,Delhi,22900.0,2026-04-13
C04163,65,M,Pune,57300.0,2024-08-23
C04164,43,M,Pune,45900.0,2026-03-04
C04165,29,F,Hyderabad,14800.0,2023-10-21
C04166,28,M,Lucknow,28700.0,2025-05-20
C04167,54,M,Lucknow,77900.0,2026-05-14
C04168,42,F,Bengaluru,136500.0,2023-03-14
C04169,35,M,Hyderabad,82600.0,2023-09-16
C04170,36,M,Lucknow,63600.0,2026-03-17
C04171,40,F,Hyderabad,54500.0,2026-06-02
C04172,55,F,Delhi,117300.0,2026-02-02
C04173,35,M,Pune,144600.0,2023-12-22
C04174,43,F,Pune,42200.0,2024-07-24
C04175,23,F,Pune,22400.0,2024-07-26
C04176,21,M,Lucknow,21400.0,2025-03-27
C04177,61,F,Mumbai,99700.0,2025-12-29
C04178,46,Other,Chennai,53800.0,2024-03-22
C04179,51,M,Delhi,59700.0,2025-02-21
C04180,34,M,Kolkata,24600.0,2025-06-27
C04181,60,F,Hyderabad,39200.0,2025-08-01
C04182,60,F,Pune,48200.0,2025-06-14
C04183,33,M,Pune,60400.0,2025-07-18
C04184,19,F,Pune,46000.0,2024-09-28
C04185,51,F,Delhi,34500.0,2025-07-14
C04186,25,F,Pune,38600.0,2024-06-14
C04187,30,F,Bengaluru,94700.0,2023-04-29
C04188,59,M,Hyderabad,61400.0,2023-03-07
C04189,25,F,Delhi,72400.0,2023-09-02
C04190,47,F,Hyderabad,36700.0,2023-02-26
C04191,49,M,Jaipur,14600.0,2025-12-03
C04192,53,F,Ahmedabad,43500.0,2024-06-07
C04193,64,F,Bengaluru,37200.0,2024-02-28
C04194,47,M,Mumbai,64400.0,2024-01-30
C04195,18,F,Mumbai,241300.0,2024-03-25
C04196,60,M,Chennai,75200.0,2025-08-11
C04197,56,M,Bengaluru,188400.0,2025-02-01
C04198,34,M,Hyderabad,71000.0,2024-03-18
C04199,37,M,Mumbai,41400.0,2025-08-24
C04200,41,F,Ahmedabad,64300.0,2025-06-10
C04201,39,M,Mumbai,122600.0,2024-06-17
C04202,46,F,Pune,125300.0,2023-06-06
C04203,39,M,Chennai,42500.0,2023-03-30
C04204,61,F,Delhi,61600.0,2023-07-21
C04205,26,F,Kolkata,28900.0,2025-09-06
C04206,54,F,Kolkata,79700.0,2024-04-06
C04207,27,M,Mumbai,110600.0,2024-12-09
C04208,53,M,Hyderabad,56000.0,2024-03-29
C04209,54,M,Hyderabad,40700.0,2024-01-15
C04210,45,F,Pune,64700.0,2024-02-05
C04211,45,F,Mumbai,66400.0,2026-01-07
C04212,59,F,Mumbai,57000.0,2024-07-04
C04213,60,F,Kolkata,59600.0,2025-07-24
C04214,38,M,Jaipur,50900.0,2025-10-09
C04215,41,F,Mumbai,86100.0,2025-09-04
C04216,59,F,Delhi,76600.0,2024-10-22
C04217,57,F,Chennai,35300.0,2025-06-21
C04218,19,F,Chennai,34900.0,2024-03-20
C04219,25,M,Delhi,49100.0,2023-02-21
C04220,65,M,Jaipur,76600.0,2026-06-28
C04221,44,F,Hyderabad,58800.0,2023-11-25
C04222,39,F,Kolkata,41200.0,2025-02-08
C04223,54,M,Chennai,61900.0,2024-05-12
C04224,44,F,Bengaluru,47400.0,2023-05-05
C04225,46,M,Ahmedabad,81700.0,2023-07-23
C04226,20,F,Kolkata,63900.0,2025-02-06
C04227,61,Other,Jaipur,47700.0,2024-10-04
C04228,30,F,Bengaluru,61000.0,2025-11-10
C04229,62,F,Mumbai,99400.0,2024-08-12
C04230,27,M,Delhi,42600.0,2023-12-28
C04231,53,M,Mumbai,65900.0,2023-12-27
C04232,26,F,Pune,53300.0,2026-02-13
C04233,44,M,Lucknow,66700.0,2023-02-24
C04234,51,M,Delhi,41000.0,2023-10-19
C04235,18,F,Bengaluru,57800.0,2025-12-10
C04236,49,M,Ahmedabad,90500.0,2025-04-21
C04237,42,F,Lucknow,36100.0,2025-02-23
C04238,46,F,Pune,30200.0,2023-09-11
C04239,24,F,Hyderabad,30800.0,2024-05-06
C04240,20,F,Pune,32500.0,2025-09-11
C04241,37,F,Lucknow,71900.0,2024-07-26
C04242,37,F,Chennai,29200.0,2025-05-08
C04243,47,F,Kolkata,48100.0,2025-09-19
C04244,52,M,Jaipur,72600.0,2025-08-18
C04245,52,F,Mumbai,66300.0,2023-08-13
C04246,56,F,Hyderabad,46200.0,2023-04-13
C04247,44,M,Jaipur,59900.0,2025-08-27
C04248,43,M,Pune,57700.0,2025-12-07
C04249,31,F,Ahmedabad,49700.0,2025-01-06
C04250,34,M,Mumbai,50000.0,2023-08-21
C04251,35,F,Hyderabad,150400.0,2023-08-16
C04252,62,Other,Jaipur,79200.0,2025-10-03
C04253,46,M,Mumbai,167900.0,2024-06-05
C04254,37,F,Mumbai,44000.0,2023-01-13
C04255,44,M,Hyderabad,52900.0,2024-03-20
C04256,35,F,Bengaluru,30200.0,2023-12-06
C04257,21,M,Kolkata,38200.0,2024-08-20
C04258,18,F,Bengaluru,129400.0,2023-06-06
C04259,18,M,Mumbai,43500.0,2024-10-17
C04260,43,M,Lucknow,130500.0,2025-09-29
C04261,62,M,Delhi,31400.0,2026-03-27
C04262,37,M,Lucknow,34200.0,2026-04-23
C04263,40,F,Hyderabad,,2025-03-08
C04264,27,M,Mumbai,53400.0,2024-05-05
C04265,28,F,Mumbai,83300.0,2025-04-14
C04266,58,F,Ahmedabad,67400.0,2025-08-09
C04267,58,F,Kolkata,45600.0,2023-12-23
C04268,22,F,Ahmedabad,51800.0,2024-12-17
C04269,18,F,Hyderabad,47600.0,2023-12-28
C04270,34,M,Chennai,36400.0,2026-06-01
C04271,39,M,Bengaluru,36900.0,2026-05-12
C04272,51,F,Ahmedabad,87300.0,2023-01-08
C04273,62,F,Hyderabad,24200.0,2024-04-16
C04274,58,Other,Bengaluru,113900.0,2023-06-21
C04275,46,M,Hyderabad,47100.0,2023-04-06
C04276,21,M,Chennai,38800.0,2024-11-04
C04277,22,M,Kolkata,76700.0,2024-08-30
C04278,28,F,Kolkata,107300.0,2024-04-18
C04279,38,F,Hyderabad,90900.0,2024-09-05
C04280,52,M,Ahmedabad,68900.0,2024-11-19
C04281,29,F,Kolkata,89700.0,2025-06-16
C04282,43,F,Delhi,25400.0,2023-04-20
C04283,36,F,Ahmedabad,43500.0,2024-12-10
C04284,62,M,Jaipur,36500.0,2026-02-26
C04285,24,F,Pune,95400.0,2025-08-22
C04286,64,F,Hyderabad,46300.0,2025-05-20
C04287,24,F,Hyderabad,80500.0,2026-03-06
C04288,43,F,Hyderabad,70000.0,2024-10-10
C04289,57,M,Chennai,37300.0,2026-04-02
C04290,22,M,Hyderabad,42200.0,2023-12-15
C04291,38,F,Kolkata,98500.0,2024-04-07
C04292,31,M,Kolkata,38800.0,2025-06-03
C04293,21,F,Pune,58200.0,2026-03-20
C04294,40,F,Pune,38700.0,2023-09-03
C04295,59,F,Lucknow,47800.0,2026-02-07
C04296,37,M,Ahmedabad,53900.0,2025-03-08
C04297,32,M,Kolkata,38700.0,2025-05-19
C04298,62,F,Kolkata,35700.0,2025-12-26
C04299,46,M,Chennai,62600.0,2025-12-09
C04300,25,F,Kolkata,37600.0,2025-03-26
C04301,58,F,Kolkata,38200.0,2024-05-29
C04302,65,M,Lucknow,36000.0,2023-08-14
C04303,36,F,Delhi,53100.0,2024-07-31
C04304,65,M,Lucknow,84100.0,2024-05-20
C04305,56,M,Delhi,108300.0,2023-06-04
C04306,63,Other,Lucknow,39700.0,2023-04-21
C04307,45,Other,Kolkata,144700.0,2024-04-27
C04308,63,F,Lucknow,35000.0,2025-03-18
C04309,44,F,Kolkata,89600.0,2023-10-01
C04310,21,F,Kolkata,39700.0,2023-06-04
C04311,32,M,Pune,37200.0,2026-04-05
C04312,52,M,Mumbai,39300.0,2025-11-08
C04313,54,F,Delhi,53700.0,2023-12-11
C04314,18,M,Jaipur,71400.0,2025-01-04
C04315,20,F,Ahmedabad,74300.0,2024-07-22
C04316,64,F,Ahmedabad,36000.0,2023-10-21
C04317,41,F,Lucknow,35200.0,2024-10-06
C04318,44,F,Mumbai,36400.0,2023-12-04
C04319,57,M,Chennai,52300.0,2024-03-27
C04320,53,M,Jaipur,50000.0,2023-12-10
C04321,51,F,Ahmedabad,35900.0,2024-12-17
C04322,46,F,Bengaluru,62100.0,2024-09-22
C04323,41,F,Hyderabad,152200.0,2025-02-03
C04324,41,F,Bengaluru,43800.0,2023-03-26
C04325,59,M,Chennai,45300.0,2025-01-06
C04326,21,F,Jaipur,70800.0,2024-10-21
C04327,20,F,Ahmedabad,42800.0,2023-08-15
C04328,51,M,Lucknow,74300.0,2023-04-19
C04329,40,M,Hyderabad,39800.0,2023-05-15
C04330,40,F,Delhi,125400.0,2025-07-26
C04331,62,F,Ahmedabad,64200.0,2023-10-18
C04332,22,M,Ahmedabad,41600.0,2025-04-01
C04333,48,F,Chennai,42200.0,2025-11-18
C04334,58,M,Ahmedabad,43600.0,2024-01-29
C04335,23,M,Jaipur,102000.0,2023-01-27
C04336,54,F,Mumbai,31100.0,2023-01-13
C04337,27,F,Jaipur,40700.0,2024-07-07
C04338,57,F,Delhi,42700.0,2025-07-21
C04339,24,M,Mumbai,54600.0,2024-03-20
C04340,56,M,Ahmedabad,48700.0,2023-08-12
C04341,55,M,Ahmedabad,28100.0,2023-01-21
C04342,38,M,Hyderabad,45900.0,2024-04-11
C04343,37,M,Ahmedabad,52600.0,2026-06-02
C04344,20,M,Kolkata,41500.0,2024-10-14
C04345,39,M,Delhi,74900.0,2024-09-09
C04346,64,M,Pune,83200.0,2025-02-18
C04347,21,F,Lucknow,53100.0,2024-04-02
C04348,45,M,Hyderabad,61000.0,2024-10-01
C04349,29,M,Bengaluru,20800.0,2026-05-21
C04350,55,F,Mumbai,45500.0,2024-10-24
C04351,53,M,Pune,86400.0,2025-08-18
C04352,64,F,Lucknow,45500.0,2023-06-29
C04353,58,M,Ahmedabad,39500.0,2024-06-21
C04354,22,M,Jaipur,153300.0,2024-06-10
C04355,30,M,Kolkata,124700.0,2023-01-22
C04356,40,M,Mumbai,67900.0,2024-07-30
C04357,47,F,Mumbai,91800.0,2025-02-01
C04358,54,F,Mumbai,20200.0,2025-07-10
C04359,42,M,Delhi,38600.0,2025-11-10
C04360,65,M,Mumbai,44500.0,2025-01-14
C04361,44,F,Hyderabad,49500.0,2026-05-13
C04362,31,M,Lucknow,44100.0,2024-11-02
C04363,65,F,Jaipur,17500.0,2026-02-05
C04364,64,M,Hyderabad,65400.0,2024-09-28
C04365,53,F,Hyderabad,70200.0,2025-10-20
C04366,56,M,Kolkata,113100.0,2023-06-01
C04367,33,M,Jaipur,38600.0,2023-01-13
C04368,39,F,Kolkata,37200.0,2024-12-15
C04369,38,F,Mumbai,16500.0,2026-01-07
C04370,38,F,Mumbai,48200.0,2025-06-24
C04371,25,F,Hyderabad,82500.0,2026-04-07
C04372,33,F,Hyderabad,41800.0,2023-09-06
C04373,48,M,Mumbai,144300.0,2026-02-18
C04374,59,F,Chennai,49000.0,2024-01-22
C04375,27,M,Lucknow,58800.0,2024-03-14
C04376,49,F,Delhi,29800.0,2023-10-27
C04377,51,Other,Pune,62600.0,2024-12-21
C04378,26,M,Ahmedabad,22600.0,2024-04-17
C04379,34,M,Bengaluru,75200.0,2026-03-27
C04380,28,M,Jaipur,76200.0,2025-10-03
C04381,49,M,Kolkata,101400.0,2024-09-24
C04382,27,F,Jaipur,34800.0,2026-06-04
C04383,39,M,Mumbai,59100.0,2024-02-25
C04384,34,M,Pune,70900.0,2025-08-13
C04385,21,F,Bengaluru,67100.0,2025-08-30
C04386,65,F,Hyderabad,37300.0,2023-01-24
C04387,64,F,Hyderabad,18700.0,2024-06-21
C04388,42,F,Kolkata,64300.0,2025-02-15
C04389,38,F,Lucknow,51400.0,2024-09-29
C04390,54,Other,Ahmedabad,42600.0,2024-06-23
C04391,55,F,Lucknow,77600.0,2025-06-21
C04392,18,F,Pune,53900.0,2026-02-25
C04393,42,M,Lucknow,30400.0,2026-01-22
C04394,53,M,Kolkata,23100.0,2024-02-25
C04395,34,F,Bengaluru,,2024-04-28
C04396,58,F,Bengaluru,161400.0,2025-10-25
C04397,41,F,Bengaluru,76100.0,2023-06-06
C04398,19,Other,Hyderabad,59900.0,2023-02-21
C04399,57,F,Chennai,50700.0,2023-08-31
C04400,32,F,Pune,49200.0,2025-02-12
C04401,49,F,Ahmedabad,93000.0,2024-02-24
C04402,56,F,Pune,44100.0,2024-02-29
C04403,23,M,Pune,71300.0,2023-03-21
C04404,18,M,Lucknow,47000.0,2024-11-25
C04405,64,F,Delhi,131700.0,2023-12-20
C04406,40,M,Pune,76800.0,2023-10-20
C04407,56,F,Kolkata,96300.0,2024-12-17
C04408,34,M,Delhi,42300.0,2026-02-13
C04409,51,F,Chennai,88500.0,2024-06-12
C04410,58,F,Kolkata,47800.0,2024-04-24
C04411,46,F,Pune,57800.0,2024-04-21
C04412,26,M,Jaipur,114800.0,2023-01-25
C04413,30,F,Hyderabad,34400.0,2024-03-06
C04414,23,F,Lucknow,60300.0,2023-11-13
C04415,23,M,Mumbai,67000.0,2024-09-29
C04416,37,F,Ahmedabad,69500.0,2023-12-24
C04417,20,M,Ahmedabad,44900.0,2024-11-20
C04418,34,M,Kolkata,140600.0,2023-12-10
C04419,29,M,Ahmedabad,30700.0,2024-07-12
C04420,65,F,Delhi,106000.0,2024-12-12
C04421,64,F,Bengaluru,95000.0,2024-07-16
C04422,62,F,Jaipur,129400.0,2024-03-14
C04423,18,M,Mumbai,26900.0,2025-11-10
C04424,34,M,Ahmedabad,37200.0,2023-05-23
C04425,20,F,Ahmedabad,107600.0,2025-05-17
C04426,43,F,Kolkata,23600.0,2023-12-19
C04427,32,F,Pune,26700.0,2025-10-13
C04428,53,M,Hyderabad,44200.0,2024-04-12
C04429,49,M,Lucknow,60000.0,2025-05-26
C04430,49,F,Lucknow,112600.0,2025-07-07
C04431,21,F,Lucknow,50600.0,2025-12-17
C04432,35,M,Lucknow,41800.0,2026-02-23
C04433,36,M,Chennai,63300.0,2025-04-20
C04434,60,F,Mumbai,67900.0,2025-05-27
C04435,52,M,Pune,67100.0,2023-02-21
C04436,57,F,Hyderabad,50800.0,2025-10-08
C04437,31,M,Hyderabad,22800.0,2025-03-24
C04438,50,M,Kolkata,36400.0,2023-09-26
C04439,31,Other,Jaipur,104200.0,2023-04-06
C04440,51,M,Ahmedabad,59800.0,2023-09-30
C04441,21,F,Ahmedabad,47600.0,2023-05-13
C04442,41,F,Pune,91000.0,2025-07-16
C04443,46,M,Chennai,33100.0,2023-03-30
C04444,36,M,Delhi,49700.0,2024-11-15
C04445,23,F,Bengaluru,58500.0,2025-04-03
C04446,50,F,Pune,45100.0,2023-01-05
C04447,57,M,Delhi,57600.0,2023-12-23
C04448,36,M,Bengaluru,50500.0,2023-07-23
C04449,18,F,Hyderabad,29300.0,2024-04-15
C04450,22,F,Chennai,59700.0,2024-04-08
C04451,44,F,Pune,30300.0,2024-05-11
C04452,33,M,Lucknow,59300.0,2024-12-02
C04453,23,F,Hyderabad,102100.0,2025-04-16
C04454,57,F,Delhi,48500.0,2023-03-04
C04455,30,F,Pune,32500.0,2023-08-27
C04456,65,F,Pune,51900.0,2024-06-23
C04457,52,F,Kolkata,37800.0,2023-07-17
C04458,36,F,Mumbai,71900.0,2025-02-19
C04459,29,F,Hyderabad,51500.0,2023-01-30
C04460,33,M,Pune,118700.0,2024-10-27
C04461,60,M,Ahmedabad,92800.0,2026-05-17
C04462,27,M,Ahmedabad,51300.0,2025-12-22
C04463,42,M,Mumbai,75900.0,2025-12-16
C04464,37,M,Pune,46100.0,2026-02-04
C04465,48,F,Lucknow,55800.0,2024-08-22
C04466,21,M,Mumbai,46700.0,2025-10-14
C04467,61,F,Mumbai,77700.0,2024-09-11
C04468,40,F,Delhi,104800.0,2025-12-05
C04469,19,M,Delhi,78800.0,2023-03-18
C04470,39,F,Jaipur,83300.0,2024-12-29
C04471,54,F,Hyderabad,83300.0,2026-04-07
C04472,25,M,Bengaluru,70500.0,2025-03-24
C04473,24,M,Mumbai,32900.0,2026-02-26
C04474,31,M,Delhi,118200.0,2024-12-08
C04475,20,F,Chennai,123900.0,2023-09-25
C04476,33,M,Jaipur,49500.0,2025-02-03
C04477,36,F,Pune,46500.0,2024-08-07
C04478,35,F,Hyderabad,72500.0,2024-02-23
C04479,33,M,Pune,70500.0,2025-05-19
C04480,25,F,Jaipur,50200.0,2026-03-30
C04481,50,M,Kolkata,31300.0,2025-12-17
C04482,29,F,Ahmedabad,63100.0,2024-01-19
C04483,28,M,Hyderabad,,2025-03-13
C04484,22,F,Ahmedabad,76200.0,2024-05-24
C04485,44,M,Chennai,64400.0,2024-03-05
C04486,29,F,Pune,48700.0,2024-07-31
C04487,34,F,Kolkata,86000.0,2025-07-28
C04488,23,M,Chennai,56700.0,2025-11-15
C04489,50,F,Bengaluru,44600.0,2024-08-11
C04490,22,M,Pune,50700.0,2025-03-08
C04491,45,F,Jaipur,25100.0,2024-01-07
C04492,31,F,Kolkata,50700.0,2025-07-16
C04493,22,M,Hyderabad,75000.0,2025-11-25
C04494,50,M,Kolkata,64100.0,2025-11-08
C04495,65,M,Pune,109000.0,2023-05-20
C04496,58,F,Delhi,48900.0,2023-03-08
C04497,36,M,Chennai,68500.0,2025-10-11
C04498,39,M,Kolkata,78600.0,2023-09-18
C04499,22,M,Ahmedabad,157800.0,2025-08-31
C04500,19,M,Chennai,58700.0,2024-09-18
C04501,47,Other,Ahmedabad,34400.0,2024-08-01
C04502,64,M,Kolkata,80600.0,2025-10-18
C04503,56,F,Delhi,127300.0,2026-05-11
C04504,21,F,Chennai,47600.0,2024-09-30
C04505,50,F,Jaipur,80300.0,2024-02-14
C04506,30,M,Chennai,95600.0,2025-04-12
C04507,37,F,Hyderabad,86900.0,2026-01-08
C04508,24,F,Kolkata,58200.0,2023-04-23
C04509,32,M,Bengaluru,40200.0,2024-09-14
C04510,40,M,Pune,53000.0,2025-03-31
C04511,31,M,Mumbai,67600.0,2026-03-06
C04512,40,M,Lucknow,82800.0,2025-04-19
C04513,36,M,Bengaluru,63900.0,2023-07-08
C04514,46,F,Ahmedabad,46400.0,2023-10-04
C04515,37,M,Jaipur,70600.0,2023-04-13
C04516,46,F,Jaipur,81000.0,2023-04-17
C04517,41,F,Lucknow,65200.0,2025-01-26
C04518,35,F,Delhi,37800.0,2023-06-22
C04519,27,F,Hyderabad,50700.0,2025-09-25
C04520,58,M,Pune,84300.0,2024-12-22
C04521,25,F,Bengaluru,29500.0,2026-04-29
C04522,43,F,Mumbai,21400.0,2025-04-10
C04523,46,F,Chennai,108400.0,2023-08-13
C04524,27,F,Lucknow,69200.0,2023-05-14
C04525,34,M,Delhi,72300.0,2025-11-26
C04526,19,M,Jaipur,33900.0,2023-04-03
C04527,23,F,Mumbai,76600.0,2023-03-16
C04528,22,F,Jaipur,62300.0,2025-01-25
C04529,45,F,Kolkata,27000.0,2023-07-02
C04530,58,Other,Lucknow,104400.0,2024-12-17
C04531,22,M,Delhi,59100.0,2024-04-03
C04532,35,M,Chennai,46000.0,2024-09-18
C04533,43,M,Ahmedabad,46400.0,2024-02-13
C04534,37,M,Delhi,22200.0,2023-07-26
C04535,58,F,Pune,71800.0,2026-06-22
C04536,44,F,Chennai,61900.0,2024-11-03
C04537,29,M,Bengaluru,50400.0,2025-10-09
C04538,24,M,Delhi,97800.0,2025-01-17
C04539,20,M,Chennai,29500.0,2023-09-30
C04540,27,M,Bengaluru,42000.0,2024-01-14
C04541,51,F,Delhi,37500.0,2024-09-17
C04542,42,M,Mumbai,48500.0,2024-10-25
C04543,52,F,Ahmedabad,56700.0,2025-11-15
C04544,33,F,Mumbai,66700.0,2024-11-10
C04545,19,F,Pune,47000.0,2024-06-27
C04546,41,M,Chennai,37100.0,2025-01-02
C04547,27,F,Bengaluru,117500.0,2023-04-01
C04548,55,F,Kolkata,162800.0,2024-04-20
C04549,39,F,Delhi,58700.0,2024-12-26
C04550,43,M,Kolkata,39100.0,2026-04-26
C04551,60,M,Delhi,106800.0,2026-05-03
C04552,56,F,Pune,28700.0,2024-06-17
C04553,44,M,Kolkata,47300.0,2024-11-28
C04554,46,M,Bengaluru,,2025-05-29
C04555,64,Other,Hyderabad,32600.0,2023-03-26
C04556,55,M,Mumbai,48500.0,2024-08-14
C04557,37,M,Bengaluru,37300.0,2025-04-20
C04558,44,M,Jaipur,55300.0,2023-03-18
C04559,58,F,Lucknow,55700.0,2023-11-26
C04560,37,M,Pune,41600.0,2024-01-18
C04561,61,F,Ahmedabad,46600.0,2024-01-12
C04562,36,M,Delhi,49600.0,2023-12-07
C04563,37,M,Bengaluru,79200.0,2026-04-15
C04564,52,F,Kolkata,51400.0,2024-02-28
C04565,64,M,Lucknow,79700.0,2023-06-23
C04566,19,Other,Hyderabad,71600.0,2024-02-10
C04567,47,M,Jaipur,71100.0,2023-03-23
C04568,51,M,Kolkata,102700.0,2023-01-21
C04569,39,M,Mumbai,33200.0,2024-11-21
C04570,20,M,Hyderabad,44500.0,2025-10-06
C04571,23,Other,Lucknow,121600.0,2024-02-02
C04572,32,F,Chennai,49000.0,2023-11-26
C04573,44,M,Chennai,15500.0,2023-08-13
C04574,27,F,Lucknow,50200.0,2025-02-19
C04575,26,F,Chennai,58400.0,2025-06-12
C04576,50,M,Pune,16900.0,2024-03-13
C04577,49,M,Bengaluru,100200.0,2023-08-11
C04578,65,F,Delhi,39900.0,2024-05-23
C04579,23,Other,Bengaluru,63800.0,2024-09-08
C04580,58,Other,Jaipur,49700.0,2025-12-01
C04581,53,F,Bengaluru,30800.0,2026-04-14
C04582,19,F,Bengaluru,34000.0,2026-06-22
C04583,46,M,Mumbai,36100.0,2026-06-30
C04584,21,M,Delhi,89600.0,2025-08-16
C04585,18,M,Bengaluru,51500.0,2024-08-26
C04586,36,F,Delhi,43500.0,2025-10-31
C04587,43,F,Ahmedabad,36100.0,2023-06-01
C04588,42,F,Chennai,94200.0,2023-07-08
C04589,27,F,Kolkata,106300.0,2025-08-17
C04590,32,F,Mumbai,93700.0,2024-11-06
C04591,39,Other,Chennai,68600.0,2024-09-29
C04592,65,M,Delhi,62700.0,2023-07-30
C04593,38,F,Chennai,31800.0,2026-01-25
C04594,39,F,Bengaluru,49200.0,2023-12-05
C04595,53,M,Kolkata,40400.0,2023-02-16
C04596,51,Other,Bengaluru,24200.0,2025-03-30
C04597,47,F,Jaipur,88500.0,2025-09-01
C04598,42,M,Bengaluru,40200.0,2025-12-16
C04599,62,M,Kolkata,94200.0,2026-01-03
C04600,45,F,Hyderabad,81800.0,2025-04-16
C04601,18,F,Ahmedabad,70700.0,2025-08-09
C04602,62,F,Delhi,72500.0,2024-08-20
C04603,21,M,Ahmedabad,41700.0,2023-06-19
C04604,24,M,Jaipur,126900.0,2026-03-15
C04605,26,M,Ahmedabad,56100.0,2025-04-18
C04606,53,M,Chennai,63000.0,2025-11-22
C04607,36,M,Lucknow,41100.0,2025-03-06
C04608,18,F,Mumbai,36200.0,2026-02-23
C04609,27,M,Kolkata,68200.0,2025-08-16
C04610,53,M,Mumbai,60700.0,2026-02-10
C04611,26,M,Kolkata,38600.0,2025-03-25
C04612,62,M,Delhi,28800.0,2023-12-08
C04613,63,F,Ahmedabad,31100.0,2023-02-17
C04614,59,F,Delhi,94200.0,2023-12-30
C04615,49,F,Bengaluru,41700.0,2026-05-03
C04616,49,M,Bengaluru,47200.0,2024-12-25
C04617,23,M,Mumbai,,2023-05-18
C04618,65,F,Pune,,2023-12-21
C04619,55,M,Pune,39700.0,2025-12-29
C04620,34,F,Lucknow,38900.0,2025-03-21
C04621,27,M,Pune,113900.0,2024-12-12
C04622,44,F,Jaipur,134900.0,2023-02-28
C04623,52,M,Chennai,,2025-02-09
C04624,38,F,Chennai,78200.0,2024-01-24
C04625,42,F,Bengaluru,42400.0,2025-04-25
C04626,45,F,Pune,132100.0,2025-05-18
C04627,64,F,Lucknow,62000.0,2023-12-05
C04628,32,Other,Kolkata,80700.0,2025-01-26
C04629,21,F,Bengaluru,52400.0,2024-08-18
C04630,46,M,Delhi,48800.0,2024-03-11
C04631,26,M,Pune,,2024-01-12
C04632,44,F,Bengaluru,70100.0,2024-01-26
C04633,43,F,Pune,105700.0,2024-04-25
C04634,36,M,Jaipur,61700.0,2025-03-31
C04635,45,M,Lucknow,37500.0,2023-04-24
C04636,34,Other,Mumbai,42300.0,2025-02-12
C04637,60,M,Hyderabad,57600.0,2023-06-21
C04638,58,M,Lucknow,41500.0,2023-01-18
C04639,59,M,Pune,33400.0,2023-08-23
C04640,37,F,Delhi,,2024-12-23
C04641,62,M,Delhi,43000.0,2023-10-08
C04642,57,F,Mumbai,58500.0,2025-04-10
C04643,56,M,Ahmedabad,62800.0,2026-05-04
C04644,40,F,Delhi,42200.0,2026-02-12
C04645,64,F,Bengaluru,105700.0,2024-02-22
C04646,49,M,Delhi,33300.0,2023-10-11
C04647,64,F,Hyderabad,61900.0,2024-08-07
C04648,50,M,Mumbai,61400.0,2024-09-13
C04649,63,M,Bengaluru,53700.0,2023-08-09
C04650,22,F,Pune,30700.0,2023-01-09
C04651,60,M,Lucknow,81400.0,2026-01-10
C04652,65,F,Mumbai,76900.0,2025-04-11
C04653,51,M,Hyderabad,40600.0,2024-01-10
C04654,57,M,Chennai,75600.0,2024-06-17
C04655,28,M,Hyderabad,65100.0,2026-01-27
C04656,20,F,Kolkata,30900.0,2024-12-02
C04657,50,M,Kolkata,37500.0,2025-04-11
C04658,28,F,Chennai,91800.0,2025-02-15
C04659,33,M,Jaipur,63200.0,2025-07-28
C04660,35,M,Delhi,42700.0,2024-03-22
C04661,47,F,Lucknow,37400.0,2024-11-10
C04662,65,F,Ahmedabad,43600.0,2023-12-10
C04663,27,M,Ahmedabad,45000.0,2024-02-29
C04664,35,F,Lucknow,37600.0,2024-09-16
C04665,55,M,Hyderabad,25100.0,2023-11-02
C04666,36,F,Chennai,91900.0,2023-05-28
C04667,53,F,Chennai,85100.0,2025-04-28
C04668,30,F,Pune,31000.0,2025-01-01
C04669,63,F,Mumbai,58500.0,2024-03-29
C04670,20,M,Bengaluru,36600.0,2025-07-26
C04671,27,F,Kolkata,48900.0,2023-02-02
C04672,55,F,Ahmedabad,47100.0,2026-05-01
C04673,18,M,Delhi,45400.0,2026-04-18
C04674,44,M,Bengaluru,135500.0,2025-09-10
C04675,63,F,Hyderabad,45100.0,2024-01-26
C04676,25,F,Pune,38200.0,2023-12-23
C04677,63,M,Bengaluru,39000.0,2024-07-26
C04678,59,F,Pune,88000.0,2024-04-08
C04679,34,F,Ahmedabad,26200.0,2025-07-18
C04680,26,M,Ahmedabad,39000.0,2023-04-09
C04681,23,M,Delhi,105500.0,2023-05-28
C04682,60,F,Chennai,61400.0,2024-07-23
C04683,42,M,Hyderabad,60000.0,2024-12-27
C04684,56,M,Jaipur,143600.0,2025-09-28
C04685,45,F,Lucknow,61400.0,2026-04-20
C04686,50,F,Delhi,40000.0,2023-10-30
C04687,54,F,Ahmedabad,48400.0,2023-01-04
C04688,26,F,Mumbai,33000.0,2025-02-16
C04689,35,M,Chennai,96800.0,2023-04-17
C04690,38,M,Lucknow,71200.0,2023-03-16
C04691,19,F,Mumbai,91200.0,2025-11-29
C04692,60,M,Delhi,94900.0,2024-09-30
C04693,55,F,Bengaluru,45600.0,2024-11-25
C04694,57,M,Jaipur,36000.0,2026-02-16
C04695,53,M,Pune,53700.0,2023-03-14
C04696,60,M,Lucknow,37100.0,2024-07-05
C04697,54,F,Lucknow,59200.0,2026-05-12
C04698,32,M,Delhi,91500.0,2025-09-03
C04699,45,M,Lucknow,51000.0,2023-04-06
C04700,35,M,Pune,58800.0,2026-03-12
C04701,51,F,Pune,52700.0,2026-02-12
C04702,39,M,Mumbai,78900.0,2025-06-02
C04703,28,M,Bengaluru,40700.0,2026-03-02
C04704,30,M,Pune,20500.0,2026-04-06
C04705,21,F,Jaipur,68000.0,2026-06-22
C04706,39,M,Lucknow,85800.0,2023-10-04
C04707,24,M,Mumbai,67200.0,2023-09-16
C04708,60,M,Ahmedabad,41200.0,2023-02-15
C04709,41,F,Mumbai,33000.0,2023-12-12
C04710,21,F,Jaipur,68700.0,2025-04-26
C04711,45,F,Chennai,58600.0,2025-06-13
C04712,32,F,Mumbai,52000.0,2026-06-14
C04713,18,F,Ahmedabad,124900.0,2025-12-12
C04714,20,M,Pune,35900.0,2026-03-17
C04715,31,F,Kolkata,122300.0,2026-01-18
C04716,55,F,Kolkata,55800.0,2023-08-21
C04717,18,F,Kolkata,24100.0,2023-02-20
C04718,55,M,Chennai,50700.0,2024-10-26
C04719,55,F,Ahmedabad,84700.0,2026-05-22
C04720,38,M,Jaipur,46700.0,2024-03-26
C04721,65,F,Delhi,28300.0,2023-12-17
C04722,46,M,Kolkata,51100.0,2024-10-10
C04723,22,M,Delhi,37400.0,2025-05-27
C04724,27,M,Chennai,68600.0,2024-08-05
C04725,45,M,Delhi,77900.0,2023-09-02
C04726,38,F,Lucknow,34200.0,2024-07-03
C04727,24,M,Chennai,40000.0,2024-12-28
C04728,20,M,Delhi,77300.0,2024-09-30
C04729,62,F,Mumbai,37400.0,2024-08-06
C04730,64,M,Kolkata,33800.0,2023-08-14
C04731,37,F,Bengaluru,32400.0,2025-04-06
C04732,36,M,Hyderabad,64400.0,2024-03-16
C04733,52,M,Chennai,63200.0,2024-02-16
C04734,21,F,Pune,40400.0,2025-03-24
C04735,22,F,Hyderabad,55100.0,2023-09-03
C04736,18,M,Jaipur,109300.0,2024-08-05
C04737,21,F,Chennai,35500.0,2024-05-14
C04738,29,F,Chennai,22900.0,2025-09-08
C04739,44,Other,Delhi,67500.0,2024-07-03
C04740,59,M,Chennai,52300.0,2023-04-27
C04741,40,M,Kolkata,40000.0,2023-07-23
C04742,42,F,Ahmedabad,73800.0,2023-12-17
C04743,38,F,Ahmedabad,80200.0,2023-11-15
C04744,41,M,Jaipur,20400.0,2025-07-28
C04745,42,F,Lucknow,41000.0,2024-05-03
C04746,62,M,Bengaluru,156100.0,2023-04-17
C04747,63,F,Lucknow,71500.0,2024-10-15
C04748,49,M,Kolkata,74600.0,2023-06-21
C04749,49,F,Kolkata,93200.0,2024-06-02
C04750,22,M,Mumbai,55400.0,2025-08-15
C04751,53,F,Ahmedabad,78700.0,2025-03-23
C04752,63,F,Hyderabad,76000.0,2024-06-11
C04753,59,F,Pune,70100.0,2023-11-16
C04754,59,Other,Chennai,47600.0,2025-11-26
C04755,56,F,Bengaluru,59400.0,2024-05-13
C04756,33,Other,Pune,42200.0,2023-09-22
C04757,50,M,Lucknow,55300.0,2025-06-26
C04758,38,M,Pune,32500.0,2024-02-06
C04759,26,M,Mumbai,38500.0,2025-09-13
C04760,23,M,Bengaluru,48400.0,2024-08-24
C04761,62,F,Bengaluru,36000.0,2025-08-09
C04762,52,M,Mumbai,43800.0,2023-08-06
C04763,56,F,Kolkata,51100.0,2023-11-26
C04764,39,F,Mumbai,65900.0,2023-07-05
C04765,58,F,Kolkata,84300.0,2023-07-28
C04766,22,M,Hyderabad,44600.0,2023-10-15
C04767,59,F,Jaipur,100300.0,2023-03-29
C04768,40,M,Kolkata,83900.0,2025-09-29
C04769,34,M,Pune,69000.0,2023-05-16
C04770,29,F,Kolkata,58900.0,2023-06-07
C04771,40,F,Jaipur,63500.0,2025-03-04
C04772,33,M,Lucknow,93800.0,2025-07-08
C04773,20,F,Chennai,95400.0,2023-06-04
C04774,47,M,Mumbai,100300.0,2023-08-08
C04775,39,M,Chennai,56000.0,2026-04-05
C04776,26,M,Mumbai,70600.0,2023-11-18
C04777,46,F,Hyderabad,100700.0,2024-11-21
C04778,64,F,Ahmedabad,41500.0,2025-04-20
C04779,54,M,Pune,47700.0,2024-05-26
C04780,40,M,Pune,55400.0,2023-03-28
C04781,30,F,Lucknow,82400.0,2023-10-02
C04782,49,M,Ahmedabad,83000.0,2023-05-21
C04783,63,M,Ahmedabad,49600.0,2024-09-16
C04784,64,F,Mumbai,27900.0,2025-07-04
C04785,65,M,Pune,61400.0,2023-12-19
C04786,40,F,Pune,36400.0,2025-10-25
C04787,62,M,Ahmedabad,28100.0,2024-01-17
C04788,34,F,Mumbai,31100.0,2024-04-19
C04789,57,F,Kolkata,63700.0,2025-07-16
C04790,38,F,Kolkata,101500.0,2023-01-30
C04791,19,M,Jaipur,56000.0,2025-07-10
C04792,54,F,Delhi,60500.0,2024-08-16
C04793,23,F,Bengaluru,93700.0,2024-05-07
C04794,61,F,Hyderabad,27400.0,2024-05-09
C04795,35,F,Mumbai,69500.0,2024-01-23
C04796,47,F,Kolkata,54700.0,2025-05-22
C04797,39,F,Lucknow,71000.0,2025-04-14
C04798,50,M,Bengaluru,44200.0,2026-06-30
C04799,47,M,Bengaluru,38100.0,2024-09-21
C04800,34,F,Bengaluru,58600.0,2025-07-27
C04801,60,M,Ahmedabad,115500.0,2023-01-30
C04802,49,Other,Jaipur,81000.0,2024-09-14
C04803,59,F,Lucknow,43800.0,2025-03-17
C04804,31,F,Delhi,30100.0,2023-12-08
C04805,27,M,Lucknow,25800.0,2025-09-27
C04806,64,M,Lucknow,99400.0,2023-09-01
C04807,53,F,Mumbai,35800.0,2023-08-09
C04808,51,F,Jaipur,47500.0,2026-03-25
C04809,26,Other,Chennai,99700.0,2024-01-08
C04810,59,M,Jaipur,26600.0,2024-06-14
C04811,45,M,Chennai,107600.0,2023-08-03
C04812,28,M,Delhi,49100.0,2024-01-02
C04813,31,F,Mumbai,32800.0,2023-04-24
C04814,56,M,Ahmedabad,49200.0,2026-05-08
C04815,64,M,Bengaluru,39700.0,2023-01-25
C04816,36,M,Mumbai,67100.0,2025-07-22
C04817,32,M,Ahmedabad,41100.0,2026-02-18
C04818,45,Other,Mumbai,23300.0,2024-09-02
C04819,41,F,Ahmedabad,49800.0,2025-05-07
C04820,25,M,Mumbai,29900.0,2025-10-23
C04821,60,M,Jaipur,60300.0,2025-06-16
C04822,26,M,Jaipur,32200.0,2025-02-11
C04823,64,M,Jaipur,44200.0,2024-03-20
C04824,50,M,Bengaluru,59700.0,2023-01-20
C04825,50,F,Hyderabad,50000.0,2026-05-12
C04826,36,M,Pune,61600.0,2025-03-16
C04827,20,M,Chennai,74700.0,2023-05-08
C04828,27,M,Jaipur,32700.0,2023-12-24
C04829,57,F,Hyderabad,53400.0,2026-04-12
C04830,64,F,Chennai,12300.0,2025-05-30
C04831,59,F,Mumbai,61500.0,2025-11-26
C04832,18,F,Delhi,48000.0,2025-07-05
C04833,46,F,Ahmedabad,35300.0,2026-01-12
C04834,51,M,Hyderabad,63400.0,2024-05-24
C04835,30,F,Lucknow,93200.0,2024-03-19
C04836,18,M,Kolkata,44400.0,2026-05-13
C04837,51,M,Hyderabad,36000.0,2025-02-17
C04838,46,F,Jaipur,59200.0,2026-01-16
C04839,65,M,Jaipur,30200.0,2023-09-09
C04840,64,F,Hyderabad,40900.0,2025-11-20
C04841,30,M,Ahmedabad,95300.0,2024-02-25
C04842,65,F,Chennai,56600.0,2023-03-02
C04843,46,F,Mumbai,23600.0,2024-08-01
C04844,56,Other,Kolkata,24500.0,2026-06-03
C04845,41,F,Mumbai,59200.0,2024-08-01
C04846,43,F,Bengaluru,81100.0,2024-10-01
C04847,34,F,Ahmedabad,26600.0,2023-04-21
C04848,24,M,Jaipur,67300.0,2024-05-05
C04849,30,M,Bengaluru,100100.0,2023-02-03
C04850,22,F,Mumbai,128600.0,2023-07-31
C04851,43,Other,Mumbai,63800.0,2023-05-05
C04852,20,F,Kolkata,69100.0,2026-01-31
C04853,24,F,Pune,21100.0,2026-02-17
C04854,56,F,Mumbai,141500.0,2025-06-12
C04855,18,M,Chennai,42500.0,2023-11-27
C04856,34,M,Chennai,36100.0,2024-02-16
C04857,60,M,Hyderabad,49000.0,2025-07-22
C04858,42,M,Kolkata,108600.0,2026-04-01
C04859,20,F,Kolkata,148600.0,2024-10-25
C04860,32,Other,Jaipur,58200.0,2025-12-24
C04861,46,F,Mumbai,86200.0,2026-05-24
C04862,60,M,Pune,56100.0,2024-08-25
C04863,49,M,Lucknow,34500.0,2023-01-26
C04864,43,M,Bengaluru,106900.0,2024-10-30
C04865,33,F,Kolkata,41600.0,2024-08-06
C04866,42,M,Hyderabad,109800.0,2025-12-03
C04867,45,M,Hyderabad,98700.0,2026-01-18
C04868,26,M,Mumbai,72500.0,2026-03-02
C04869,18,M,Mumbai,125300.0,2026-03-30
C04870,46,F,Lucknow,150200.0,2024-01-15
C04871,39,M,Delhi,50800.0,2024-01-04
C04872,33,M,Delhi,38200.0,2026-02-08
C04873,58,M,Mumbai,23800.0,2026-01-05
C04874,61,M,Ahmedabad,151000.0,2023-07-28
C04875,58,F,Chennai,45100.0,2025-11-02
C04876,24,F,Chennai,91700.0,2023-01-25
C04877,31,M,Lucknow,39400.0,2024-06-29
C04878,46,F,Lucknow,109900.0,2026-03-09
C04879,36,M,Jaipur,40100.0,2023-10-02
C04880,36,F,Pune,32200.0,2025-05-23
C04881,19,M,Hyderabad,50100.0,2023-08-10
C04882,58,M,Chennai,43300.0,2025-11-26
C04883,62,F,Ahmedabad,71900.0,2025-05-24
C04884,32,F,Mumbai,53700.0,2026-02-26
C04885,20,F,Kolkata,73000.0,2023-08-06
C04886,28,M,Ahmedabad,48200.0,2026-06-25
C04887,63,M,Jaipur,40800.0,2023-04-21
C04888,47,Other,Ahmedabad,42300.0,2025-03-26
C04889,57,M,Kolkata,138000.0,2024-12-08
C04890,35,M,Bengaluru,60900.0,2023-05-27
C04891,65,M,Delhi,22500.0,2024-07-05
C04892,19,M,Bengaluru,43500.0,2023-05-14
C04893,49,M,Hyderabad,57500.0,2024-04-08
C04894,25,F,Hyderabad,126200.0,2025-05-13
C04895,39,M,Chennai,87400.0,2026-04-29
C04896,23,F,Kolkata,36300.0,2026-04-01
C04897,29,M,Hyderabad,163300.0,2024-03-31
C04898,64,M,Lucknow,54200.0,2025-12-20
C04899,57,F,Chennai,96400.0,2025-10-25
C04900,53,F,Jaipur,32700.0,2025-11-26
C04901,32,F,Chennai,18700.0,2024-04-04
C04902,45,F,Bengaluru,29200.0,2026-05-25
C04903,62,M,Mumbai,12700.0,2023-05-19
C04904,35,F,Lucknow,142300.0,2024-09-09
C04905,19,F,Lucknow,60600.0,2026-01-27
C04906,30,M,Pune,36300.0,2024-11-10
C04907,62,F,Lucknow,67400.0,2025-08-18
C04908,32,F,Lucknow,59900.0,2024-08-21
C04909,37,M,Bengaluru,72700.0,2024-08-18
C04910,46,M,Ahmedabad,94800.0,2026-06-01
C04911,59,M,Lucknow,48300.0,2023-01-11
C04912,46,F,Mumbai,37000.0,2023-11-23
C04913,20,M,Delhi,79800.0,2024-01-14
C04914,36,M,Bengaluru,78900.0,2023-08-19
C04915,20,M,Bengaluru,57600.0,2026-03-10
C04916,31,F,Ahmedabad,146500.0,2024-09-09
C04917,57,F,Pune,45200.0,2025-02-03
C04918,21,F,Ahmedabad,36700.0,2023-02-18
C04919,28,M,Chennai,66400.0,2024-03-26
C04920,48,F,Delhi,40600.0,2024-05-05
C04921,60,F,Hyderabad,68700.0,2026-05-13
C04922,49,F,Jaipur,37800.0,2024-02-11
C04923,44,M,Hyderabad,45900.0,2025-12-10
C04924,47,M,Pune,128800.0,2023-06-24
C04925,60,F,Pune,45800.0,2024-04-24
C04926,19,M,Lucknow,38400.0,2023-08-11
C04927,26,F,Ahmedabad,93100.0,2023-09-26
C04928,45,F,Chennai,34300.0,2025-03-20
C04929,48,F,Lucknow,40300.0,2025-06-11
C04930,51,F,Kolkata,71300.0,2025-06-19
C04931,32,F,Chennai,83900.0,2025-07-07
C04932,65,M,Pune,95300.0,2023-11-14
C04933,42,M,Pune,39300.0,2024-01-20
C04934,53,M,Bengaluru,71900.0,2024-09-17
C04935,25,F,Kolkata,44600.0,2026-05-27
C04936,26,M,Lucknow,41900.0,2025-12-13
C04937,54,M,Pune,94500.0,2026-05-08
C04938,65,F,Kolkata,42900.0,2024-10-04
C04939,62,F,Delhi,62300.0,2024-12-04
C04940,56,Other,Jaipur,59000.0,2023-11-01
C04941,49,F,Ahmedabad,34000.0,2026-06-22
C04942,34,F,Pune,85000.0,2025-04-21
C04943,52,F,Delhi,70800.0,2026-05-16
C04944,54,Other,Chennai,22500.0,2024-05-25
C04945,36,F,Ahmedabad,62300.0,2023-06-12
C04946,61,F,Kolkata,38800.0,2025-01-07
C04947,46,F,Ahmedabad,90100.0,2023-12-07
C04948,24,F,Hyderabad,28700.0,2025-07-20
C04949,45,M,Bengaluru,46800.0,2024-06-13
C04950,26,M,Kolkata,64700.0,2023-02-03
C04951,45,M,Delhi,56400.0,2025-09-24
C04952,23,M,Pune,77500.0,2023-11-19
C04953,46,M,Kolkata,27800.0,2026-04-19
C04954,34,M,Mumbai,115700.0,2023-12-13
C04955,33,M,Hyderabad,69700.0,2026-04-30
C04956,40,F,Delhi,101400.0,2024-12-21
C04957,48,F,Chennai,81500.0,2026-06-23
C04958,20,M,Mumbai,54700.0,2023-09-02
C04959,38,F,Kolkata,30900.0,2024-11-08
C04960,43,F,Bengaluru,42700.0,2025-07-03
C04961,53,F,Mumbai,112500.0,2024-12-23
C04962,59,F,Ahmedabad,102600.0,2025-09-30
C04963,54,M,Kolkata,41600.0,2023-05-13
C04964,39,M,Delhi,15500.0,2026-05-05
C04965,59,M,Kolkata,50000.0,2025-06-28
C04966,29,M,Bengaluru,48300.0,2023-02-18
C04967,59,F,Jaipur,49200.0,2025-12-23
C04968,30,M,Ahmedabad,69800.0,2026-02-01
C04969,28,M,Pune,81600.0,2023-08-01
C04970,33,M,Kolkata,85900.0,2023-04-29
C04971,25,M,Bengaluru,67200.0,2025-05-05
C04972,57,F,Mumbai,24500.0,2025-01-30
C04973,57,F,Mumbai,47200.0,2024-11-09
C04974,62,M,Delhi,155100.0,2025-06-13
C04975,19,M,Ahmedabad,65100.0,2026-06-19
C04976,47,M,Mumbai,64900.0,2023-10-07
C04977,47,M,Pune,64700.0,2024-02-28
C04978,29,F,Jaipur,66300.0,2023-12-29
C04979,27,M,Jaipur,18800.0,2025-10-17
C04980,61,F,Delhi,49400.0,2023-11-10
C04981,28,F,Kolkata,54100.0,2026-04-05
C04982,32,M,Mumbai,97900.0,2025-02-08
C04983,33,M,Bengaluru,56200.0,2025-12-22
C04984,34,Other,Chennai,26200.0,2023-09-29
C04985,43,F,Jaipur,66700.0,2025-11-26
C04986,19,F,Lucknow,38300.0,2025-11-05
C04987,29,F,Delhi,31800.0,2023-12-09
C04988,43,F,Kolkata,37800.0,2023-12-12
C04989,40,M,Hyderabad,70200.0,2023-08-21
C04990,35,F,Delhi,96900.0,2025-09-16
C04991,49,M,Bengaluru,68400.0,2024-07-29
C04992,55,F,Chennai,73100.0,2024-02-20
C04993,64,Other,Lucknow,68000.0,2025-06-23
C04994,20,F,Jaipur,57600.0,2023-09-24
C04995,55,M,Ahmedabad,75300.0,2025-09-23
C04996,20,M,Lucknow,18500.0,2025-01-13
C04997,47,F,Jaipur,57800.0,2025-06-29
C04998,18,F,Hyderabad,34400.0,2024-03-18
C04999,47,F,Hyderabad,92800.0,2024-07-13
C05000,62,Other,Jaipur,51500.0,2023-03-17
