offer_id,customer_id,transaction_id,reward_amount
O009,C04362,T0076492,72.6
O007,C01193,T0025230,7.17
O016,C01065,T0057061,17.66
O001,C02998,T0010352,64.02
O001,C04920,T0036216,128.85
O020,C03016,T0004415,645.6
O015,C02078,T0035443,609.11
O019,C01970,T0083826,68.5
O020,C00646,T0017210,85.04
O017,C02981,T0087338,74.78
O005,C02524,T0086087,152.96
O001,C01292,T0076019,323.81
O009,C01483,T0078540,12.18
O007,C01218,T0077608,8.09
O003,C00001,T0051276,99.63
O008,C03269,T0051993,159.52
O009,C03493,T0099157,61.55
O009,C02797,T0035988,8.6
O005,C01057,T0055850,312.69
O016,C00931,T0059890,15.96
O018,C01881,T0013281,60.32
O019,C03547,T0000841,179.77
O003,C01390,T0075993,360.1
O007,C00959,T0038665,321.62
O002,C00330,T0012662,34.88
O004,C04938,T0093648,575.32
O006,C01978,T0050154,503.19
O010,C03488,T0066154,394.58
O017,C01062,T0076987,16.04
O014,C04312,T0035082,131.03
O004,C04514,T0054575,19.64
O007,C01217,T0067223,46.01
O008,C01363,T0040104,30.16
O007,C02233,T0040562,84.76
O003,C00958,T0054049,243.35
O020,C01146,T0018601,53.72
O019,C00306,T0042999,63.23
O015,C04075,T0043120,35.33
O017,C03016,T0053479,75.13
O007,C04984,T0017541,133.94
O006,C01688,T0056523,141.75
O007,C00208,T0081889,15.46
O009,C00285,T0038010,2.33
O013,C02206,T0059456,58.54
O004,C02468,T0057337,102.86
O011,C04447,T0033409,82.96
O019,C01763,T0016339,257.17
O017,C01022,T0074321,83.6
O013,C02521,T0045165,27.18
O014,C02901,T0098461,30.51
O005,C02236,T0046445,117.01
O002,C04972,T0089504,54.73
O012,C03684,T0031421,212.94
O001,C01907,T0081516,95.61
O003,C03932,T0068046,93.11
O003,C03475,T0040995,79.32
O007,C03473,T0033209,30.64
O006,C01872,T0092997,124.61
O019,C02275,T0066791,49.63
O013,C02030,T0094127,45.07
O009,C00269,T0056694,49.77
O019,C03081,T0080619,11.0
O015,C02927,T0021702,18.23
O014,C00991,T0001561,28.51
O015,C02225,T0025359,54.01
O015,C03370,T0082965,294.44
O005,C04959,T0042414,230.08
O015,C02349,T0041991,34.38
O007,C00525,T0086793,11.5
O001,C00783,T0024223,173.15
O002,C02111,T0039872,56.91
O016,C01232,T0026999,28.01
O017,C03777,T0021444,70.07
O010,C04747,T0088765,66.69
O004,C04290,T0066862,1876.92
O008,C04629,T0063858,194.89
O007,C01188,T0026008,25.16
O001,C04690,T0012048,117.28
O004,C04344,T0008595,62.66
O006,C00483,T0061363,621.68
O011,C00764,T0031182,185.86
O011,C01910,T0066450,71.2
O012,C01150,T0007867,257.57
O020,C01162,T0093880,141.2
O009,C02785,T0015708,20.72
O003,C04174,T0059765,87.1
O018,C00072,T0001941,43.23
O017,C00077,T0098552,31.58
O016,C00214,T0000076,17.48
O013,C01913,T0021916,40.17
O006,C04788,T0086313,53.21
O013,C00897,T0022702,21.74
O004,C02528,T0039543,109.73
O017,C01521,T0036740,148.05
O009,C01176,T0039800,56.28
O013,C01199,T0082025,33.82
O004,C01964,T0016084,219.98
O003,C04431,T0060552,69.43
O014,C03662,T0067728,305.01
O019,C00057,T0005542,83.86
O004,C03063,T0044102,135.66
O004,C04565,T0081448,79.32
O013,C01249,T0047572,19.43
O009,C02930,T0023280,36.76
O015,C02700,T0069971,47.38
O016,C00087,T0087293,78.55
O006,C02684,T0039783,451.0
O003,C03770,T0070514,43.45
O008,C02717,T0017142,59.32
O016,C02274,T0055706,81.53
O012,C02414,T0044490,33.71
O019,C01033,T0061857,23.41
O010,C02523,T0058315,74.68
O016,C00573,T0068394,92.17
O019,C00293,T0060145,24.89
O016,C02876,T0035727,107.19
O010,C00871,T0085451,29.02
O015,C03059,T0021503,33.41
O020,C00831,T0091218,151.87
O009,C01822,T0092294,42.65
O008,C00093,T0004062,53.55
O005,C02188,T0081755,68.34
O002,C03894,T0065126,26.12
O017,C01533,T0002584,210.49
O010,C03791,T0094126,46.36
O018,C04335,T0068091,31.97
O009,C04368,T0013575,9.66
O011,C02894,T0011505,101.2
O007,C02167,T0034738,6.95
O003,C03507,T0027375,22.59
O016,C02787,T0021949,29.31
O014,C04004,T0005389,110.61
O016,C03339,T0046656,78.94
O013,C02364,T0025159,29.86
O007,C03893,T0068984,221.74
O019,C03550,T0016116,437.57
O008,C01669,T0031267,129.02
O003,C04977,T0057919,262.62
O013,C04967,T0033700,721.59
O020,C03152,T0021788,48.35
O008,C02429,T0065562,229.24
O006,C01955,T0047341,136.73
O013,C04293,T0079536,21.22
O019,C02575,T0018895,37.02
O013,C03502,T0087934,256.51
O012,C01487,T0020333,80.61
O009,C01894,T0097776,8.62
O001,C00594,T0091579,56.1
O004,C02877,T0025164,29.85
O002,C00481,T0005373,38.38
O012,C01474,T0011272,100.68
O007,C01410,T0009052,15.44
O010,C01363,T0086669,141.17
O003,C03833,T0060775,175.63
O003,C01730,T0082349,49.8
O003,C02995,T0099015,68.8
O013,C02771,T0001199,39.25
O002,C01191,T0082858,36.61
O012,C00372,T0025951,25.01
O002,C04876,T0046356,136.12
O020,C00884,T0079910,279.67
O001,C00668,T0024884,46.39
O015,C02653,T0046107,159.59
O016,C04955,T0072335,44.39
O019,C00896,T0062361,61.78
O003,C01267,T0051964,18.86
O016,C00120,T0024546,21.67
O018,C03479,T0057364,27.78
O006,C03925,T0029221,197.55
O007,C03627,T0038676,28.96
O002,C03658,T0015117,63.41
O020,C03461,T0064840,1435.85
O015,C04209,T0034465,247.84
O008,C00903,T0036294,106.82
O010,C02553,T0082226,100.49
O003,C03563,T0030574,67.95
O015,C01259,T0097516,10.49
O010,C02159,T0072129,489.92
O014,C00184,T0047418,27.28
O017,C00558,T0093241,58.94
O013,C03531,T0025246,14.67
O010,C04466,T0093889,56.86
O008,C03773,T0015772,72.64
O006,C04481,T0058346,268.96
O020,C03475,T0014372,87.7
O020,C02129,T0040703,127.88
O012,C00840,T0001047,28.25
O012,C03717,T0014059,27.58
O016,C01825,T0028973,15.39
O008,C02424,T0032729,70.33
O009,C04351,T0074081,9.22
O007,C03476,T0024076,24.03
O001,C01509,T0087893,106.92
O002,C00131,T0050657,27.16
O002,C01240,T0004747,39.15
O007,C01352,T0089536,41.81
O002,C03278,T0008351,19.73
O009,C00688,T0080990,50.03
O014,C02158,T0000372,22.73
O019,C02880,T0034800,141.79
O005,C03838,T0034554,31.02
O004,C00525,T0073816,46.79
O013,C01946,T0076723,62.29
O011,C01099,T0060539,108.27
O015,C03010,T0059822,9.92
O016,C03965,T0017530,24.35
O005,C04512,T0066283,15.33
O009,C00285,T0066665,59.61
O007,C04131,T0012778,13.29
O011,C04677,T0018340,70.4
O019,C04812,T0046220,11.86
O020,C04487,T0092697,188.15
O001,C04230,T0075742,280.68
O008,C03983,T0041852,373.34
O009,C02480,T0051110,15.41
O004,C02269,T0036874,133.45
O014,C04322,T0044090,24.53
O010,C01885,T0019179,148.14
O018,C03003,T0096523,528.26
O015,C04381,T0049938,32.37
O005,C02880,T0049396,368.25
O020,C04026,T0061664,159.88
O012,C00222,T0071425,305.03
O020,C03434,T0050402,115.96
O012,C01581,T0044742,177.62
O005,C04515,T0028979,29.75
O007,C04727,T0093049,22.3
O012,C00020,T0091626,40.39
O019,C01968,T0060058,45.09
O016,C00020,T0012090,17.04
O020,C03885,T0047958,105.11
O001,C01380,T0003974,907.73
O009,C00745,T0023997,17.63
O005,C00106,T0069548,111.99
O003,C01301,T0093055,58.26
O007,C01027,T0010387,17.6
O008,C04076,T0078308,300.83
O014,C02554,T0057327,11.3
O005,C00055,T0069148,188.05
O019,C04664,T0031583,79.43
O001,C01852,T0080440,50.13
O019,C04197,T0073214,293.75
O004,C03048,T0080039,135.77
O012,C01823,T0061940,22.73
O003,C01517,T0001520,56.81
O020,C01017,T0033758,37.84
O016,C01175,T0057230,26.46
O005,C02879,T0005731,65.73
O003,C04306,T0071392,73.79
O001,C04793,T0016089,112.27
O016,C00767,T0069219,117.64
O015,C00038,T0091855,17.24
O007,C02688,T0070825,58.05
O020,C01680,T0091498,225.58
O013,C00884,T0057715,52.82
O015,C01123,T0087367,23.34
O004,C03480,T0049937,230.67
O006,C03834,T0096109,32.28
O006,C03753,T0009329,993.86
O006,C00184,T0011548,27.04
O001,C02667,T0066097,308.08
O005,C03633,T0013453,40.49
O013,C01417,T0053961,129.34
O011,C01781,T0066320,77.75
O015,C01397,T0067050,12.65
O006,C03174,T0034856,573.32
O004,C03356,T0000874,69.65
O016,C02875,T0055811,23.19
O003,C02574,T0014175,137.02
O010,C00895,T0059780,52.63
O004,C03433,T0028228,142.75
O010,C02776,T0068811,124.54
O016,C04320,T0050990,15.69
O008,C03867,T0055038,324.39
O019,C00698,T0071619,380.44
O014,C00291,T0008211,15.06
O016,C04632,T0033224,590.83
O005,C01002,T0072341,74.05
O008,C01850,T0049830,52.28
O004,C03207,T0098742,99.74
O016,C03319,T0059331,12.64
O019,C03002,T0077107,46.2
O018,C04310,T0048377,363.53
O009,C00532,T0086813,9.86
O012,C02019,T0031316,65.31
O018,C01462,T0026629,56.21
O005,C04864,T0080909,215.4
O014,C04059,T0005789,109.35
O018,C01831,T0018572,55.59
O012,C01374,T0077872,35.91
O016,C04478,T0008261,15.33
O009,C04133,T0094770,3.96
O018,C00297,T0072438,57.72
O019,C02486,T0094694,193.68
O020,C04746,T0086912,41.58
O007,C04259,T0085011,40.32
O004,C03688,T0017730,46.32
O003,C04554,T0015663,269.21
O010,C01549,T0077886,1507.41
O008,C00385,T0082680,237.25
O006,C03505,T0080425,84.4
O015,C01467,T0087803,8.3
O013,C00548,T0043781,175.92
O010,C01889,T0064341,2155.42
O006,C01527,T0042025,321.16
O002,C02355,T0065283,76.37
O016,C02675,T0018839,9.09
O010,C00787,T0027755,105.93
O003,C01130,T0056908,566.09
O003,C01682,T0099186,72.41
O002,C00988,T0022164,27.85
O001,C01552,T0045358,80.42
O011,C01559,T0014682,152.48
O010,C02661,T0070576,117.22
O016,C03259,T0092842,31.93
O016,C03377,T0063890,7.72
O009,C02388,T0029116,38.11
O014,C03302,T0061270,21.35
O016,C01515,T0092494,35.67
O011,C03088,T0044230,334.01
O017,C00732,T0005041,372.3
O018,C02101,T0029943,56.83
O012,C02950,T0052667,
O017,C00442,T0068111,27.57
O020,C02685,T0039767,150.36
O018,C01714,T0081033,31.59
O004,C04759,T0025967,162.47
O009,C01187,T0068006,34.21
O019,C03123,T0047513,289.66
O016,C02282,T0020484,69.32
O001,C04373,T0006973,43.87
O016,C00016,T0008365,38.56
O013,C03809,T0092808,61.09
O006,C04211,T0011279,106.96
O015,C01376,T0043988,102.61
O020,C04626,T0091150,154.57
O007,C01030,T0023326,24.06
O003,C01501,T0096617,243.7
O012,C00954,T0049992,77.69
O004,C02331,T0067918,65.67
O019,C01284,T0088501,281.04
O020,C02964,T0056314,101.72
O005,C01988,T0060123,101.28
O004,C04891,T0057335,88.48
O013,C01820,T0064257,35.38
O004,C01708,T0094979,17.27
O017,C04464,T0081735,177.14
O006,C04961,T0001803,420.49
O017,C04028,T0072032,162.25
O002,C02171,T0073385,12.27
O014,C02329,T0043638,74.65
O009,C01912,T0083876,22.42
O015,C03029,T0059409,32.06
O016,C01515,T0051420,45.92
O010,C03918,T0050878,900.14
O018,C00320,T0098052,46.62
O007,C03230,T0095777,10.74
O010,C01366,T0090692,131.2
O012,C02740,T0065566,57.05
O010,C02583,T0086192,434.21
O011,C03392,T0004684,104.26
O005,C00500,T0031514,28.04
O011,C03808,T0077444,344.49
O017,C03928,T0031226,89.61
O005,C04333,T0054908,490.31
O008,C02833,T0050332,74.52
O004,C03778,T0022875,79.59
O001,C02552,T0060621,64.89
O019,C00154,T0071478,87.55
O019,C03757,T0065384,53.58
O019,C03158,T0059196,299.45
O001,C02317,T0066209,191.43
O009,C00158,T0014524,7.02
O003,C02594,T0041425,58.68
O004,C02469,T0050847,293.94
O005,C04281,T0037908,225.11
O014,C02345,T0043026,17.1
O008,C00061,T0050960,198.21
O011,C00715,T0056905,70.42
O005,C00736,T0078824,1021.75
O020,C04847,T0098098,204.26
O008,C04875,T0046043,634.45
O019,C03722,T0075361,15.01
O020,C02194,T0041864,68.9
O020,C01146,T0028361,35.47
O003,C01685,T0000612,23.31
O004,C03130,T0079492,360.16
O001,C03629,T0089689,136.74
O007,C04253,T0067019,15.09
O012,C00554,T0011429,61.13
O009,C01002,T0085737,12.87
O002,C04193,T0047158,40.01
O001,C00956,T0017179,219.96
O002,C04024,T0001850,81.67
O010,C04531,T0052555,506.85
O013,C00366,T0084160,313.75
O012,C03754,T0030057,59.19
O019,C01478,T0074347,42.05
O018,C03669,T0043627,466.51
O014,C03060,T0014365,14.86
O015,C03256,T0081016,9.05
O006,C02790,T0022060,36.78
O015,C03225,T0078361,17.99
O005,C04682,T0038927,41.14
O009,C00587,T0017927,9.49
O009,C03016,T0054747,2.89
O012,C04312,T0091230,74.48
O004,C02694,T0067089,63.82
O005,C02119,T0034891,232.86
O008,C00542,T0010059,1059.12
O014,C04333,T0071065,104.77
O012,C04515,T0095025,75.71
O011,C03671,T0058252,65.69
O019,C04822,T0018596,31.79
O018,C01358,T0040058,50.91
O012,C00937,T0078854,105.25
O008,C00043,T0088312,176.59
O003,C02559,T0053916,68.64
O016,C03017,T0016749,17.37
O018,C00566,T0058733,126.39
O012,C04873,T0095265,100.95
O002,C00380,T0072874,827.48
O001,C01558,T0015677,56.45
O004,C00431,T0031863,113.55
O015,C01317,T0054867,47.48
O016,C02477,T0012400,25.73
O004,C02843,T0069120,523.46
O016,C00337,T0045166,4.94
O015,C02266,T0032878,21.85
O001,C00861,T0003949,53.46
O016,C01775,T0094072,88.61
O015,C02372,T0012059,32.39
O015,C02393,T0040499,115.09
O012,C03702,T0004948,105.72
O007,C04752,T0099278,57.5
O012,C00217,T0076913,126.07
O020,C04819,T0028859,107.18
O018,C00208,T0029469,69.03
O005,C01347,T0065046,88.15
O004,C04121,T0067434,163.72
O014,C00785,T0028238,264.7
O006,C04815,T0026081,17.48
O016,C00156,T0060100,68.5
O018,C00760,T0013046,143.63
O008,C02974,T0062872,33.13
O009,C04921,T0004901,42.35
O019,C00780,T0028088,41.82
O002,C02782,T0083861,28.63
O017,C04770,T0090731,169.55
O010,C02314,T0040907,371.44
O015,C04306,T0077842,44.29
O002,C03587,T0043035,75.02
O010,C03481,T0077905,118.66
O015,C04657,T0094886,16.54
O015,C01631,T0068092,9.86
O015,C03220,T0079915,61.29
O008,C03533,T0063419,117.32
O013,C03689,T0010016,38.59
O012,C02148,T0023075,171.45
O009,C00012,T0086033,13.22
O002,C03738,T0060296,38.57
O013,C03528,T0054320,92.66
O013,C04481,T0065513,45.36
O004,C03262,T0005493,83.71
O019,C03358,T0090856,12.79
O014,C04136,T0022920,60.16
O001,C02887,T0084850,194.49
O007,C02692,T0090171,69.83
O002,C03038,T0037378,31.46
O009,C02070,T0035932,19.09
O001,C02061,T0067372,580.47
O013,C01771,T0066743,48.95
O013,C02499,T0094669,34.11
O008,C03746,T0022974,211.06
O003,C00596,T0044818,557.07
O014,C01556,T0046700,32.28
O010,C04202,T0049979,24.0
O001,C00170,T0027766,55.55
O002,C01999,T0083110,71.75
O016,C04626,T0094475,63.1
O015,C02650,T0093962,51.77
O005,C04335,T0018881,67.39
O011,C01411,T0081164,35.86
O014,C02795,T0048749,4.73
O013,C00909,T0065724,58.89
O005,C02126,T0092907,277.45
O011,C02638,T0096260,439.1
O018,C01706,T0076873,74.94
O001,C01509,T0061660,73.33
O007,C04450,T0047255,4.09
O004,C00790,T0048670,211.02
O010,C02104,T0010628,47.21
O002,C00720,T0005467,32.97
O002,C02454,T0088272,19.62
O012,C00492,T0073551,20.71
O001,C01299,T0022603,21.62
O010,C01859,T0052568,71.2
O009,C03558,T0010042,18.33
O016,C00249,T0071834,72.93
O003,C00968,T0089355,56.9
O016,C03154,T0075104,29.92
O002,C00086,T0029840,73.37
O011,C04095,T0013484,43.78
O011,C00542,T0002536,82.02
O014,C03101,T0002590,24.53
O016,C00008,T0074572,27.75
O014,C00225,T0092948,13.77
O001,C04661,T0060111,270.49
O008,C01129,T0050959,32.53
O010,C03785,T0091425,564.9
O009,C03176,T0032116,27.29
O006,C04675,T0099835,113.93
O003,C04938,T0018608,25.84
O011,C02792,T0008374,77.91
O009,C00655,T0024882,23.48
O014,C02417,T0044535,95.75
O017,C04127,T0082205,631.94
O009,C04875,T0045477,4.02
O016,C00023,T0044853,26.04
O005,C04374,T0020983,659.34
O014,C00559,T0079933,11.14
O018,C01139,T0028427,94.95
O012,C01535,T0040483,706.91
O020,C01240,T0082982,70.19
O013,C00337,T0024272,70.18
O011,C01053,T0044651,1317.46
O015,C03410,T0088649,114.63
O016,C01761,T0099685,21.98
O001,C04331,T0077421,52.85
O014,C02355,T0076902,11.65
O003,C04633,T0008278,106.49
O017,C00685,T0071105,169.84
O015,C00737,T0061073,22.32
O020,C02615,T0091206,386.4
O013,C00016,T0071721,43.92
O007,C01093,T0056236,134.16
O009,C04170,T0062867,1.84
O002,C01152,T0082320,64.28
O018,C00336,T0006566,47.29
O008,C03319,T0010432,118.71
O001,C03948,T0016830,321.36
O011,C04409,T0073204,450.56
O011,C01975,T0082316,258.61
O012,C01329,T0048110,69.87
O014,C01336,T0066042,12.14
O012,C01128,T0006720,114.77
O019,C02235,T0069169,235.51
O008,C01948,T0078255,64.7
O005,C04342,T0086155,80.24
O004,C04468,T0089786,163.5
O014,C02872,T0037852,14.09
O011,C02348,T0012721,238.3
O008,C00265,T0000536,251.25
O016,C03534,T0006393,8.3
O005,C01248,T0045562,31.05
O018,C04742,T0046951,32.38
O012,C02368,T0040650,807.5
O005,C01829,T0074098,162.81
O013,C00302,T0020818,62.6
O002,C04241,T0023929,78.61
O001,C02987,T0070503,54.75
O011,C04483,T0088424,111.3
O005,C03900,T0075476,632.64
O012,C01628,T0085657,40.18
O009,C01606,T0036603,50.05
O009,C01256,T0041845,128.63
O015,C01202,T0057669,47.82
O002,C02920,T0035414,54.26
O018,C02560,T0021333,153.49
O015,C03940,T0098985,36.07
O013,C01483,T0015395,184.06
O018,C01560,T0028581,204.81
O017,C03029,T0017343,99.26
O004,C04935,T0026848,109.04
O011,C04397,T0036057,42.84
O011,C02091,T0020649,1271.67
O016,C03367,T0091931,25.88
O020,C02083,T0012851,115.35
O005,C04621,T0053603,170.68
O008,C00628,T0095440,61.14
O001,C00450,T0004554,212.99
O012,C02740,T0006698,296.32
O008,C04240,T0043690,494.84
O001,C04973,T0028152,965.08
O007,C01342,T0041569,17.32
O015,C01735,T0029363,38.47
O006,C04114,T0044873,33.56
O003,C03888,T0063565,93.8
O012,C04172,T0004560,207.59
O019,C04630,T0009789,14.56
O003,C00022,T0061307,111.22
O001,C00474,T0040951,99.2
O013,C04266,T0026009,27.99
O011,C01573,T0017694,83.2
O004,C02966,T0037103,65.28
O017,C02236,T0066539,15.0
O015,C04947,T0006690,10.72
O002,C00049,T0043294,68.3
O017,C02454,T0009327,80.42
O006,C03896,T0047568,63.31
O007,C03304,T0064601,19.76
O018,C00281,T0055710,39.56
O007,C01707,T0024608,38.91
O007,C02819,T0062448,16.25
O007,C02395,T0038690,59.42
O020,C00706,T0088528,129.53
O002,C03218,T0094535,22.59
O015,C04774,T0055026,60.86
O004,C04701,T0080276,110.23
O018,C02928,T0088982,4.6
O018,C04885,T0036260,42.04
O011,C02267,T0043774,30.48
O002,C03233,T0022536,73.71
O006,C00951,T0095699,23.16
O006,C02015,T0018011,225.03
O007,C03262,T0010751,52.16
O019,C03862,T0095350,56.0
O005,C03160,T0007150,178.53
O013,C03701,T0003364,70.05
O016,C01618,T0033047,33.14
O013,C03975,T0033887,43.21
O004,C00179,T0024864,35.81
O001,C01148,T0031051,109.11
O008,C02120,T0052077,51.77
O003,C02613,T0061115,219.12
O006,C00657,T0098700,465.54
O006,C03754,T0014357,563.9
O015,C01982,T0097359,185.73
O011,C02532,T0027677,28.26
O004,C01925,T0015348,728.27
O018,C00849,T0044819,37.58
O015,C04055,T0078535,40.87
O014,C00628,T0068522,13.6
O001,C03712,T0070308,112.43
O009,C04563,T0065797,22.63
O016,C03621,T0071692,25.04
O009,C03073,T0082740,61.48
O007,C03744,T0011904,17.29
O015,C01809,T0051539,47.79
O018,C00439,T0017352,48.33
O007,C03692,T0018622,8.12
O002,C02898,T0024427,107.89
O010,C01800,T0018296,76.76
O019,C00706,T0021470,120.0
O006,C03306,T0086610,122.63
O012,C03063,T0073897,39.47
O013,C00458,T0099965,98.23
O002,C02809,T0019222,130.74
O020,C03283,T0098770,150.54
O020,C03003,T0010939,16.91
O006,C02155,T0090269,36.48
O009,C01089,T0080452,29.62
O008,C02968,T0033128,310.09
O010,C01739,T0077170,74.2
O009,C00867,T0050669,44.53
O020,C00822,T0031286,132.67
O005,C03558,T0067895,31.04
O008,C03583,T0054383,108.28
O009,C04731,T0058792,9.03
O010,C00807,T0038515,80.52
O011,C01929,T0023008,231.08
O017,C00766,T0075898,160.33
O009,C02319,T0069363,21.77
O006,C01095,T0034709,68.11
O004,C04201,T0033950,72.48
O007,C02794,T0004028,39.78
O018,C04547,T0072221,240.65
O003,C03185,T0019638,100.35
O014,C04924,T0099132,199.01
O018,C04008,T0045367,92.98
O004,C03870,T0006990,51.9
O019,C00686,T0029429,107.34
O001,C03133,T0000105,341.89
O018,C01049,T0032036,71.58
O008,C01622,T0054173,60.89
O020,C04601,T0025448,33.12
O007,C02806,T0047648,8.29
O002,C00348,T0044104,62.7
O005,C00037,T0088976,108.43
O007,C01874,T0098539,46.41
O009,C01098,T0077878,4.76
O016,C01353,T0058978,36.28
O012,C02525,T0075168,59.22
O013,C02576,T0067175,93.14
O004,C00849,T0070429,17.69
O014,C04024,T0089914,66.62
O005,C01826,T0052512,56.9
O018,C02500,T0003332,62.77
O018,C00944,T0063554,117.48
O006,C04238,T0029946,348.15
O006,C02831,T0081604,241.6
O002,C02325,T0036416,31.24
O013,C03583,T0004422,115.75
O002,C02494,T0079256,55.55
O020,C01302,T0027656,60.1
O014,C00400,T0041344,6.64
O009,C04613,T0095540,27.84
O012,C02170,T0040531,97.17
O018,C02600,T0019118,137.3
O006,C00352,T0043212,858.05
O016,C04202,T0099129,223.48
O019,C03184,T0084071,182.64
O017,C02190,T0028103,172.22
O007,C03194,T0071799,33.74
O018,C01178,T0061372,142.19
O006,C04993,T0052759,115.12
O004,C04961,T0014743,16.56
O007,C00848,T0099003,15.39
O018,C02720,T0028097,341.56
O009,C02015,T0030081,137.94
O020,C01621,T0013032,40.77
O014,C02345,T0082644,10.02
O019,C04700,T0026304,136.5
O005,C04775,T0034909,27.1
O010,C04590,T0003127,47.24
O009,C03177,T0060368,315.48
O012,C03766,T0031610,92.95
O002,C01073,T0016581,13.29
O014,C03036,T0079339,23.82
O013,C00955,T0004361,91.34
O008,C00297,T0058879,48.95
O002,C01710,T0040865,127.2
O016,C01188,T0087246,14.39
O018,C00390,T0004104,34.14
O019,C03801,T0034037,67.76
O009,C02354,T0001526,66.28
O017,C01242,T0044228,33.09
O003,C01878,T0018156,23.4
O018,C00933,T0050331,207.36
O003,C02717,T0048013,27.75
O006,C00841,T0096159,45.03
O011,C03675,T0019645,16.51
O020,C04393,T0077102,182.17
O011,C03121,T0054863,170.37
O012,C00856,T0029086,148.44
O001,C03702,T0008329,841.14
O018,C04012,T0072855,29.64
O007,C03006,T0048866,28.42
O003,C00367,T0095272,102.36
O018,C03682,T0027164,218.45
O014,C03368,T0065908,17.23
O019,C01117,T0035642,17.02
O014,C03813,T0099538,18.22
O018,C01366,T0009525,346.48
O001,C04568,T0053883,82.87
O018,C02483,T0066374,229.24
O006,C02645,T0095645,106.88
O018,C01409,T0070138,92.43
O013,C03530,T0066322,387.32
O001,C04099,T0036239,578.1
O011,C02338,T0079864,368.56
O013,C01695,T0071375,36.04
O004,C03295,T0096004,391.2
O020,C02438,T0055449,117.05
O010,C02258,T0042156,168.01
O019,C04637,T0036065,150.3
O008,C04692,T0044897,142.7
O014,C00077,T0097739,37.7
O016,C03456,T0097663,63.79
O001,C00569,T0075356,292.69
O020,C00125,T0059347,261.54
O013,C04123,T0069847,43.04
O010,C04408,T0014350,40.15
O009,C03564,T0080336,7.72
O014,C04496,T0041838,26.59
O020,C04554,T0088270,88.79
O013,C02356,T0021069,53.97
O018,C04007,T0000988,61.11
O004,C01156,T0072219,22.34
O019,C03569,T0018828,24.82
O019,C03462,T0078418,159.18
O010,C04864,T0064906,309.01
O009,C00692,T0084267,184.79
O002,C04529,T0018000,56.62
O007,C00203,T0025011,274.78
O011,C03828,T0095498,16.06
O020,C01977,T0001509,68.0
O018,C03899,T0025272,23.68
O017,C04164,T0038646,362.92
O001,C00299,T0058500,129.94
O001,C01387,T0005199,56.14
O006,C02032,T0028784,286.53
O002,C00053,T0034505,42.53
O010,C01679,T0087417,54.54
O004,C02702,T0018867,36.71
O016,C03385,T0007608,17.75
O009,C02028,T0059843,10.39
O007,C02099,T0060471,86.63
O017,C02829,T0010014,126.78
O007,C02061,T0018942,27.41
O019,C03801,T0052633,90.48
O020,C01240,T0043387,371.96
O017,C03128,T0064169,107.67
O010,C02925,T0039033,572.86
O020,C03910,T0080965,67.49
O018,C00005,T0059401,216.45
O006,C00186,T0001825,217.73
O004,C01871,T0023308,25.79
O010,C01483,T0065460,71.24
O009,C04761,T0010228,122.2
O007,C02570,T0073058,11.15
O003,C04408,T0027179,82.94
O009,C01210,T0019676,29.53
O005,C00845,T0090224,28.8
O005,C00432,T0062310,63.61
O001,C03655,T0096419,512.2
O003,C03179,T0024860,1311.88
O006,C01678,T0079814,63.22
O010,C02986,T0040385,80.08
O012,C01363,T0084999,48.69
O017,C02386,T0006493,438.7
O011,C03593,T0051547,45.4
O018,C04437,T0046495,125.04
O015,C03455,T0013959,12.52
O016,C04256,T0070332,85.04
O005,C01825,T0003381,110.67
O013,C02280,T0051456,28.86
O004,C00475,T0076542,148.73
O020,C00238,T0025838,122.79
O020,C00294,T0019489,83.22
O012,C04019,T0052812,340.03
O004,C04262,T0018993,23.3
O017,C04178,T0010286,318.4
O014,C03018,T0032101,78.02
O015,C04522,T0044128,34.36
O019,C00121,T0094230,22.01
O007,C03336,T0037831,8.34
O018,C02544,T0099861,64.09
O018,C03543,T0072434,27.82
O006,C03295,T0059674,11.48
O020,C00877,T0005361,158.55
O005,C03502,T0074449,40.98
O007,C00221,T0000994,23.33
O011,C02426,T0054944,254.14
O017,C03085,T0025291,84.65
O005,C00235,T0043253,591.19
O012,C03644,T0059203,176.42
O006,C01247,T0070244,317.21
O003,C04714,T0032652,87.22
O017,C00577,T0064883,41.28
O002,C03557,T0089466,20.76
O017,C00168,T0038484,73.38
O008,C00840,T0062621,84.76
O014,C04566,T0017760,36.55
O016,C04919,T0094634,12.39
O001,C03954,T0009594,279.33
O018,C03075,T0061699,649.76
O002,C03090,T0087913,11.85
O004,C04629,T0021764,49.16
O004,C03878,T0005657,96.35
O010,C01698,T0043698,148.6
O017,C02384,T0023350,1099.45
O005,C03755,T0013321,108.36
O019,C00386,T0070635,163.76
O008,C00921,T0047776,256.89
O017,C03928,T0009260,119.28
O013,C04150,T0055726,23.84
O011,C02450,T0053320,396.23
O010,C01327,T0009414,84.66
O009,C04967,T0011537,16.28
O018,C02642,T0015511,160.06
O007,C02579,T0044911,41.41
O011,C04484,T0043497,47.01
O011,C02655,T0005385,504.88
O018,C01460,T0092748,93.54
O011,C03838,T0035663,50.56
O007,C04906,T0099607,20.47
O016,C01637,T0083459,20.65
O014,C04793,T0004408,46.68
O019,C03612,T0000808,29.34
O007,C04076,T0007999,111.55
O011,C02261,T0083873,102.35
O003,C02873,T0064290,225.08
O015,C01178,T0061454,14.93
O001,C04373,T0059958,495.48
O014,C03781,T0047592,15.0
O009,C02011,T0032142,39.31
O013,C02427,T0063131,131.14
O009,C00491,T0024226,86.48
O008,C03617,T0067872,188.93
O011,C00654,T0037932,50.18
O001,C04131,T0009055,72.67
O013,C03874,T0016129,57.27
O013,C01219,T0025380,216.73
O016,C01452,T0013540,16.69
O003,C02610,T0027535,40.59
O005,C03537,T0054912,374.12
O015,C00469,T0025702,22.26
O010,C01785,T0087256,234.2
O013,C02524,T0018189,748.55
O006,C01638,T0004607,184.31
O006,C01117,T0073890,140.98
O005,C03389,T0067177,107.47
O005,C00405,T0037108,43.64
O017,C01423,T0030208,88.56
O014,C00945,T0083022,8.06
O009,C03756,T0013194,29.39
O008,C03535,T0053806,149.34
O010,C02404,T0079873,172.83
O013,C01974,T0098573,135.15
O009,C03865,T0030188,56.19
O015,C01658,T0090719,5.26
O015,C00089,T0023007,161.78
O001,C03063,T0046953,351.19
O001,C04875,T0087535,71.63
O016,C03045,T0030400,17.74
O001,C03318,T0018401,402.51
O003,C01946,T0083757,794.72
O016,C04868,T0006732,107.72
O005,C00816,T0092268,62.57
O002,C01404,T0077362,10.8
O014,C01505,T0074443,57.53
O002,C03346,T0028012,79.34
O017,C04785,T0071727,372.67
O014,C03604,T0016332,191.74
O011,C02411,T0005022,112.59
O016,C03892,T0047301,41.27
O014,C04483,T0063660,11.11
O014,C02337,T0065535,8.06
O005,C00100,T0046112,48.19
O016,C00255,T0007276,10.47
O001,C04096,T0068485,218.59
O010,C00952,T0083206,369.77
O015,C02927,T0055679,221.68
O013,C00345,T0056482,180.16
O020,C02467,T0069446,904.94
O016,C03628,T0003837,48.94
O014,C04840,T0054394,25.38
O001,C03982,T0031918,91.19
O006,C00044,T0012221,194.7
O012,C04749,T0029968,67.79
O016,C00861,T0020512,28.21
O009,C02099,T0049611,29.59
O001,C02431,T0070276,172.07
O015,C03833,T0084473,169.14
O018,C00330,T0025851,35.22
O020,C00763,T0074159,151.75
O013,C04525,T0097778,80.88
O017,C02288,T0057182,69.54
O003,C03476,T0074193,345.67
O001,C01198,T0010951,126.75
O018,C00787,T0042977,21.63
O015,C04648,T0001134,111.21
O001,C03906,T0064420,155.7
O005,C00784,T0091838,52.91
O020,C02737,T0042546,55.26
O010,C03930,T0000875,85.39
O019,C00522,T0080385,780.74
O004,C00212,T0021955,142.84
O018,C03049,T0056557,97.35
O003,C03038,T0081014,138.66
O002,C01808,T0044388,142.51
O014,C04891,T0075589,33.65
O004,C03821,T0036963,104.29
O010,C00277,T0066744,78.13
O008,C04738,T0006908,202.91
O009,C00088,T0075483,14.11
O005,C00289,T0054122,91.25
O016,C00430,T0056157,21.46
O015,C03476,T0011805,12.14
O006,C02950,T0049362,90.88
O015,C04252,T0042844,42.95
O006,C03694,T0061851,89.0
O014,C04516,T0085015,14.54
O007,C04888,T0050544,25.84
O002,C00735,T0061526,10.68
O003,C04124,T0002890,98.94
O020,C01271,T0027763,107.52
O012,C02969,T0034818,143.3
O003,C02850,T0023667,50.68
O018,C04999,T0069330,61.5
O001,C00397,T0077717,65.23
O011,C00289,T0062978,357.67
O009,C01755,T0087792,70.7
O019,C04686,T0021294,66.1
O015,C02864,T0060442,25.07
O003,C00593,T0081402,186.89
O011,C01138,T0091928,152.78
O012,C03835,T0036331,124.79
O004,C03318,T0057912,389.89
O003,C01719,T0081784,56.24
O009,C03911,T0002948,13.89
O011,C02512,T0099681,36.03
O015,C01339,T0067669,24.55
O018,C01612,T0022765,261.97
O013,C00071,T0077811,90.28
O009,C03478,T0010091,23.4
O013,C03702,T0003720,30.35
O018,C04354,T0081660,17.98
O019,C01595,T0075821,258.46
O007,C03957,T0095342,28.82
O004,C01344,T0045947,117.89
O010,C02537,T0042440,62.06
O002,C04270,T0062461,644.71
O012,C04653,T0002349,416.01
O006,C04109,T0087536,187.5
O006,C00808,T0029250,122.62
O008,C00109,T0074731,61.95
O015,C03250,T0065725,12.67
O005,C02145,T0017569,69.12
O010,C00959,T0094187,321.81
O009,C04183,T0076765,11.46
O010,C00971,T0027501,1308.82
O009,C00319,T0031604,39.49
O013,C01856,T0098233,195.52
O015,C00463,T0060493,24.78
O018,C04421,T0034290,171.93
O008,C02722,T0037058,91.34
O013,C01233,T0025191,75.97
O015,C04137,T0016417,25.05
O020,C04705,T0077623,109.58
O011,C04558,T0092033,57.38
O006,C03291,T0082522,99.83
O014,C02971,T0052317,106.36
O017,C00191,T0031221,58.02
O020,C03307,T0046699,169.18
O020,C04162,T0013370,63.24
O014,C02752,T0019094,63.09
O013,C03996,T0096941,51.3
O019,C04606,T0044934,110.52
O013,C02811,T0096022,25.09
O020,C04324,T0068319,49.24
O017,C00042,T0066752,326.37
O004,C01476,T0087098,305.54
O006,C00118,T0013150,74.33
O004,C04913,T0042983,83.81
O010,C03280,T0082006,91.66
O018,C00761,T0013348,238.08
O020,C04142,T0001330,119.78
O019,C02800,T0086214,37.69
O001,C02736,T0002931,168.65
O016,C00600,T0072510,108.49
O007,C00244,T0084659,36.98
O018,C02770,T0073529,65.67
O011,C01537,T0013192,192.69
O004,C04860,T0007389,85.21
O013,C00580,T0001246,16.83
O016,C04819,T0056790,70.16
O020,C03115,T0014615,35.34
O018,C04046,T0072151,26.26
O019,C03635,T0071023,118.52
O014,C01770,T0038025,10.38
O002,C04739,T0026957,417.07
O016,C02320,T0075357,42.23
O002,C03015,T0064233,27.02
O012,C04714,T0010871,427.93
O016,C04619,T0095862,9.61
O005,C03440,T0009976,66.33
O004,C01394,T0034590,110.13
O003,C04708,T0014410,193.34
O009,C02130,T0016213,14.08
O001,C01737,T0049863,200.26
O008,C00230,T0082939,43.08
O004,C01726,T0060588,83.24
O003,C02103,T0081697,82.12
O016,C00780,T0050552,12.4
O012,C04298,T0061302,42.85
O006,C02505,T0023041,153.57
O011,C03603,T0012859,170.73
O016,C03926,T0078501,75.03
O006,C04650,T0086133,18.49
O004,C00316,T0069723,258.48
O005,C00244,T0036873,197.7
O005,C03040,T0036157,138.44
O016,C03414,T0008490,44.06
O013,C01329,T0066038,34.43
O002,C02633,T0024503,83.34
O011,C00602,T0046454,34.29
O015,C01759,T0077103,28.85
O012,C01280,T0097552,87.54
O007,C00055,T0026737,215.69
O002,C00981,T0099285,96.03
O014,C02479,T0047141,15.9
O004,C00899,T0066485,300.84
O009,C01315,T0085514,14.89
O011,C00293,T0074214,111.16
O018,C02679,T0054750,99.94
O014,C02353,T0025077,77.25
O020,C02473,T0034587,841.71
O015,C02074,T0067020,73.6
O013,C00062,T0042658,243.12
O001,C03359,T0044407,90.63
O014,C01780,T0096771,13.19
O004,C00213,T0088767,132.38
O015,C03274,T0095008,19.42
O004,C01231,T0027297,99.07
O004,C04008,T0087505,808.91
O017,C03827,T0061994,151.48
O008,C00270,T0072314,39.77
O003,C03427,T0079854,19.17
O014,C04118,T0079294,14.64
O003,C00828,T0049465,53.96
O014,C02815,T0045289,67.99
O018,C04383,T0062936,11.17
O016,C01500,T0038747,22.7
O003,C03176,T0019253,68.14
O002,C03048,T0053614,275.84
O009,C04626,T0045569,42.02
O005,C00473,T0085307,459.14
O002,C01475,T0004514,4.5
O011,C01228,T0045721,92.13
O019,C02730,T0066379,48.83
O008,C02689,T0040093,240.7
O006,C04237,T0067342,77.46
O004,C00024,T0008760,131.47
O017,C01688,T0097683,29.51
O009,C02686,T0038038,89.11
O019,C02352,T0041729,249.9
O012,C03981,T0044578,49.48
O019,C03828,T0048853,116.6
O010,C01859,T0014235,320.15
O019,C03465,T0062340,364.31
O016,C00306,T0030385,185.07
O012,C02288,T0071117,30.99
O005,C04385,T0090882,544.74
O007,C00201,T0022062,16.9
O004,C03095,T0087127,158.75
O012,C00308,T0013134,132.91
O017,C03331,T0060303,64.09
O018,C04416,T0061654,94.77
O009,C01104,T0041348,13.08
O012,C03594,T0025362,67.28
O003,C04078,T0062364,80.71
O007,C00027,T0024177,24.26
O005,C02467,T0035810,56.91
O015,C04560,T0018504,62.58
O006,C00130,T0088824,27.89
O015,C01732,T0074954,26.25
O013,C03046,T0033273,73.63
O003,C02989,T0078025,23.55
O020,C03575,T0037797,24.74
O020,C04444,T0072272,127.93
O014,C02443,T0011390,17.85
O006,C04659,T0037739,88.82
O016,C02209,T0086366,67.21
O020,C01578,T0046040,170.09
O007,C04716,T0007415,93.21
O001,C01835,T0038120,98.89
O001,C02203,T0044680,223.18
O002,C01061,T0049452,31.16
O001,C01299,T0098111,78.78
O019,C03602,T0020850,81.76
O012,C01810,T0029151,136.55
O009,C03044,T0073632,9.79
O008,C00769,T0003946,489.85
O001,C01483,T0091857,92.36
O005,C01776,T0043467,125.94
O011,C00590,T0083417,150.83
O008,C02381,T0093811,296.47
O013,C00993,T0086291,88.46
O010,C02826,T0058928,43.41
O013,C01000,T0056531,43.24
O002,C01110,T0044855,10.15
O020,C00255,T0009336,28.87
O007,C01676,T0001282,97.4
O011,C00394,T0003284,118.66
O011,C04421,T0049100,176.19
O006,C02013,T0019147,163.36
O007,C02006,T0089593,12.84
O011,C02757,T0070528,256.56
O014,C01427,T0008970,16.15
O018,C00394,T0094317,302.05
O001,C01568,T0051586,895.54
O020,C00366,T0017445,309.17
O005,C01884,T0081034,279.31
O013,C03591,T0036743,29.88
O006,C04718,T0047345,106.62
O005,C00995,T0075040,146.33
O017,C01036,T0065615,69.92
O005,C00997,T0033534,122.09
O003,C00273,T0023201,621.57
O015,C04244,T0076283,89.72
O009,C01987,T0018143,124.29
O008,C04139,T0028772,100.45
O006,C03325,T0009409,94.94
O017,C01582,T0081039,29.72
O020,C03875,T0008980,105.12
O020,C04502,T0094460,242.7
O018,C03661,T0028842,288.92
O001,C03885,T0012399,78.76
O017,C02531,T0049509,160.59
O007,C03415,T0060115,83.57
O001,C02246,T0061700,53.11
O019,C02420,T0006502,477.75
O019,C03036,T0023430,97.78
O016,C03631,T0026377,11.94
O010,C01277,T0006539,43.14
O010,C03878,T0069487,190.06
O020,C04007,T0071803,144.88
O014,C03231,T0076137,8.2
O008,C00922,T0033179,63.04
O020,C02975,T0080232,207.72
O018,C01986,T0006823,49.61
O011,C02911,T0054807,160.53
O015,C01996,T0003525,520.94
O008,C04497,T0066931,142.76
O002,C00970,T0049476,39.27
O005,C04913,T0083858,144.62
O019,C02056,T0099789,25.89
O001,C02472,T0012482,108.34
O011,C04772,T0082141,79.53
O017,C02724,T0062861,222.02
O016,C03223,T0059983,18.83
O010,C04869,T0075175,607.12
O001,C00445,T0039840,182.3
O020,C04142,T0096921,783.31
O014,C00515,T0083312,14.5
O006,C03312,T0063852,169.62
O014,C03837,T0045158,16.32
O002,C04269,T0049507,41.63
O003,C00618,T0030112,175.58
O019,C01034,T0083890,410.04
O003,C03870,T0061856,355.6
O007,C01890,T0031173,38.98
O012,C00864,T0078216,91.05
O004,C01620,T0038437,1520.6
O019,C01175,T0059697,26.03
O007,C04110,T0021994,9.85
O018,C03151,T0084214,126.49
O017,C01987,T0068354,466.7
O017,C04896,T0096800,26.79
O018,C03920,T0007185,392.29
O011,C03820,T0047291,26.11
O005,C02232,T0013412,65.38
O014,C01773,T0011446,7.87
O007,C03762,T0085630,8.03
O014,C03508,T0047297,443.0
O010,C01655,T0064197,66.12
O007,C04645,T0003645,55.5
O013,C04888,T0080290,113.36
O009,C03966,T0040111,25.86
O009,C01548,T0038415,14.82
O004,C03457,T0081509,37.34
O016,C03691,T0054432,7.99
O005,C02868,T0078696,175.38
O016,C02602,T0035343,23.61
O005,C04298,T0071236,50.07
O011,C03836,T0096686,56.11
O010,C01901,T0095080,273.03
O009,C03260,T0096759,6.52
O020,C04338,T0058111,84.3
O001,C00435,T0079299,68.57
O010,C02885,T0097916,218.7
O015,C01932,T0084088,59.7
O015,C00992,T0084849,366.24
O016,C04051,T0086176,31.09
O019,C02579,T0057519,45.47
O010,C03918,T0046186,49.11
O011,C01791,T0084313,103.85
O002,C03245,T0078951,41.83
O020,C02135,T0019984,100.27
O015,C03851,T0099401,36.07
O004,C04321,T0045531,47.02
O003,C01836,T0083299,41.23
O011,C04386,T0096915,153.25
O009,C02223,T0093890,106.17
O019,C02890,T0025038,22.15
O009,C04805,T0043727,38.55
O014,C03443,T0095979,21.82
O002,C03566,T0071690,62.28
O020,C04839,T0078908,119.32
O012,C00145,T0037752,173.81
O014,C01716,T0033278,56.11
O015,C01313,T0021332,55.72
O004,C02283,T0089867,163.45
O012,C03267,T0085863,118.85
O001,C00838,T0093996,179.98
O014,C02707,T0050222,257.97
O005,C02842,T0042388,69.31
O001,C00179,T0026555,109.69
O008,C00976,T0046302,619.11
O020,C00985,T0003605,73.94
O008,C03837,T0042744,80.69
O016,C02729,T0074725,14.47
O019,C04954,T0005679,49.96
O016,C03017,T0027622,108.07
O016,C02337,T0026793,104.74
O006,C02120,T0009212,117.16
O001,C00023,T0040868,187.15
O020,C02158,T0052402,704.79
O003,C02557,T0055058,106.97
O005,C04861,T0026507,93.18
O001,C01264,T0019782,374.58
O001,C04420,T0013305,216.31
O012,C03706,T0075160,30.81
O017,C00425,T0020780,112.3
O002,C03278,T0097758,13.35
O016,C04874,T0064405,16.18
O016,C01329,T0060371,12.16
O019,C01198,T0083416,42.09
O009,C01572,T0030220,59.77
O003,C03206,T0031960,60.55
O005,C03890,T0049679,45.44
O015,C03741,T0018208,132.74
O001,C01655,T0068343,48.48
O018,C03995,T0073755,95.41
O002,C01402,T0090526,33.81
O001,C00344,T0035735,67.6
O005,C01931,T0071397,371.95
O008,C03003,T0094937,624.37
O018,C04523,T0093891,63.89
O010,C00803,T0054875,42.15
O002,C04135,T0069282,239.22
O020,C04163,T0011735,113.52
O012,C02751,T0036432,162.58
O014,C02775,T0087542,85.8
O015,C00882,T0052043,49.51
O005,C04221,T0079511,248.95
O008,C04522,T0066414,68.56
O001,C04660,T0074830,129.62
O013,C02590,T0039426,18.25
O006,C00136,T0035561,92.22
O007,C02992,T0082856,21.63
O014,C04784,T0065731,5.78
O007,C01255,T0042222,274.84
O004,C04960,T0041026,31.16
O002,C01032,T0000290,235.4
O015,C03781,T0058115,48.54
O010,C04260,T0013841,1627.07
O002,C03913,T0083688,39.81
O007,C02381,T0089815,22.6
O018,C01860,T0005250,24.67
O019,C01775,T0012366,225.97
O010,C04920,T0034413,64.56
O003,C01087,T0061790,27.38
O013,C04615,T0028435,10.26
O008,C02930,T0012500,77.4
O007,C02908,T0066079,246.45
O019,C04591,T0040561,79.36
O003,C00005,T0091227,14.31
O007,C04175,T0069813,76.97
O018,C00338,T0043022,54.29
O014,C01564,T0088251,79.86
O018,C03101,T0053805,65.45
O012,C00795,T0091189,479.53
O010,C02819,T0061030,33.53
O009,C02804,T0097152,27.8
O008,C02277,T0091703,149.22
O018,C02544,T0095866,96.63
O018,C01885,T0030931,81.57
O009,C01232,T0056102,14.29
O020,C02040,T0007778,57.3
O005,C03303,T0028555,132.95
O015,C02027,T0046921,37.35
O010,C00051,T0039959,304.7
O008,C02960,T0091538,646.69
O007,C00365,T0019082,51.19
O002,C01603,T0005189,155.38
O014,C01035,T0002902,15.26
O008,C04923,T0059158,304.98
O001,C02889,T0000985,190.82
O004,C03750,T0093776,1078.09
O003,C00504,T0009103,1186.51
O011,C03723,T0041400,28.49
O015,C02462,T0001016,37.35
O015,C01639,T0020079,16.19
O017,C03947,T0011397,126.94
O008,C00109,T0039382,62.7
O013,C02398,T0076462,238.92
O009,C02791,T0009797,50.02
O011,C01351,T0007145,538.47
O003,C00159,T0030347,77.57
O008,C00665,T0016918,287.78
O007,C00202,T0010870,40.31
O016,C00609,T0050128,24.93
O006,C03025,T0011079,190.52
O002,C02925,T0075274,11.44
O018,C04802,T0030691,264.26
O001,C00698,T0020539,417.38
O019,C03966,T0080295,79.41
O016,C00162,T0091791,16.48
O012,C02097,T0038398,38.59
O011,C03543,T0057671,197.13
O020,C02418,T0009210,72.34
O019,C04572,T0087767,12.29
O010,C01900,T0028153,342.42
O013,C00267,T0052197,111.07
O009,C04564,T0062099,65.98
O004,C00332,T0038281,547.82
O001,C04245,T0026366,188.83
O001,C01772,T0042310,479.54
O016,C03071,T0016445,15.33
O004,C03876,T0054299,43.03
O010,C03030,T0065010,72.4
O015,C04816,T0054233,85.9
O008,C02163,T0057076,100.79
O006,C03109,T0042505,80.08
O006,C01130,T0034198,73.88
O018,C01210,T0060013,118.78
O003,C03359,T0026705,137.82
O013,C00250,T0069574,33.48
O012,C03644,T0018788,69.11
O010,C04341,T0044649,98.74
O014,C02414,T0069228,4.68
O005,C03104,T0061733,152.06
O009,C03416,T0091967,6.36
O020,C04183,T0075671,164.21
O016,C03142,T0073451,32.17
O008,C00305,T0096319,256.32
O012,C03738,T0013439,46.34
O015,C01836,T0030401,12.7
O004,C04788,T0007351,182.3
O017,C02341,T0016925,146.64
O015,C01939,T0074501,244.54
O006,C03433,T0024338,37.0
O014,C01945,T0074335,102.31
O015,C00118,T0062193,43.47
O019,C03160,T0005240,20.81
O019,C00113,T0004194,16.09
O014,C01611,T0084985,32.03
O004,C03345,T0016998,206.1
O006,C01281,T0041406,324.56
O019,C02052,T0002681,310.47
O001,C03902,T0017475,130.51
O001,C04752,T0016294,77.26
O006,C03808,T0055361,169.63
O010,C03623,T0012546,256.22
O018,C04324,T0019463,199.11
O016,C03579,T0091098,30.85
O005,C03094,T0029441,90.6
O018,C01796,T0054581,33.95
O012,C04807,T0031477,49.07
O003,C01774,T0077360,40.69
O013,C01292,T0000212,34.65
O012,C00638,T0075473,198.71
O017,C04029,T0093986,520.26
O004,C02067,T0045170,68.79
O013,C03642,T0018818,138.43
O009,C00541,T0041012,17.2
O014,C02193,T0013404,72.92
O018,C00952,T0046353,43.53
O014,C00225,T0031825,8.61
O005,C03122,T0089840,50.71
O008,C04646,T0027810,149.27
O016,C04940,T0085083,16.72
O016,C00135,T0004791,235.95
O003,C03669,T0041929,219.33
O006,C03966,T0068626,112.4
O006,C03013,T0000507,702.98
O017,C04516,T0092676,176.89
O018,C03775,T0052977,70.07
O005,C01655,T0057866,82.32
O012,C01217,T0068637,175.12
O008,C04429,T0032461,90.03
O012,C03479,T0053192,108.78
O016,C04334,T0097737,22.21
O018,C04271,T0022249,670.37
O012,C03180,T0087780,84.48
O006,C03291,T0056357,68.08
O003,C00513,T0091428,39.03
O007,C03051,T0064851,45.24
O001,C00603,T0007785,25.95
O004,C03138,T0037209,162.38
O006,C02804,T0008702,499.92
O012,C04360,T0070330,93.27
O001,C02258,T0088931,52.04
O010,C03583,T0037464,118.8
O008,C03779,T0007204,27.24
O017,C03060,T0033039,78.17
O006,C03940,T0077404,39.56
O010,C02767,T0009080,752.94
O004,C03237,T0021721,130.48
O012,C03088,T0075442,66.13
O003,C03394,T0089031,203.91
O019,C02563,T0024830,20.68
O006,C02065,T0047237,515.37
O015,C02793,T0032292,3.22
O019,C02098,T0088835,94.17
O018,C02148,T0094363,212.61
O011,C02628,T0005537,229.88
O013,C04738,T0035626,68.69
O020,C04571,T0091820,33.05
O009,C01866,T0038888,14.0
O013,C02306,T0047347,962.69
O008,C01419,T0050716,104.04
O013,C00399,T0062791,318.83
O009,C01037,T0075820,3.96
O004,C02596,T0037644,282.27
O013,C02972,T0089934,20.96
O006,C02854,T0086410,82.76
O010,C02283,T0025995,520.92
O004,C00423,T0078362,217.46
O017,C03720,T0042251,51.85
O010,C01674,T0043731,157.09
O007,C03742,T0064399,26.69
O015,C00390,T0005854,95.38
O001,C00533,T0057091,111.22
O012,C03199,T0071001,201.38
O010,C00467,T0083140,43.29
O017,C02287,T0082893,170.02
O014,C04049,T0081944,367.85
O011,C04299,T0062108,142.86
O013,C02558,T0043585,122.76
O008,C00688,T0072618,100.91
O001,C00179,T0043539,172.32
O006,C04724,T0077907,123.8
O007,C02734,T0083824,187.94
O018,C04390,T0087073,70.11
O011,C03430,T0030180,92.9
O001,C03628,T0062480,86.04
O020,C00702,T0095027,116.6
O016,C02678,T0042592,84.24
O015,C01025,T0080652,133.92
O003,C04024,T0051762,184.8
O004,C00503,T0057587,240.82
O013,C01703,T0004962,47.12
O002,C04434,T0064862,11.37
O017,C04367,T0075399,89.29
O011,C02187,T0063907,17.55
O020,C03615,T0091179,838.83
O013,C04360,T0026382,75.63
O012,C00816,T0002463,326.63
O020,C03698,T0034129,228.76
O013,C03073,T0090330,47.95
O015,C01341,T0000810,40.73
O012,C02024,T0005817,934.26
O014,C01962,T0093863,21.34
O007,C00352,T0005354,20.89
O014,C03421,T0092481,4.13
O012,C02835,T0077116,101.02
O012,C02240,T0057794,157.56
O008,C04930,T0084145,110.64
O016,C00245,T0011829,71.79
O001,C04502,T0013859,135.99
O019,C04624,T0077177,44.59
O007,C01647,T0044442,322.01
O001,C00849,T0033820,92.95
O009,C02514,T0024315,26.74
O006,C02677,T0013752,115.88
O010,C01931,T0023245,64.3
O011,C02327,T0069544,156.0
O001,C02443,T0083386,701.14
O020,C02342,T0021804,62.66
O010,C00819,T0057007,37.57
O017,C03257,T0027821,429.83
O004,C02977,T0069888,88.52
O017,C02294,T0000539,155.31
O005,C02782,T0048588,195.39
O009,C02703,T0077989,26.94
O008,C00685,T0048850,186.95
O015,C01569,T0080904,58.23
O014,C00643,T0084000,86.64
O009,C03861,T0008690,24.4
O002,C03044,T0021404,55.62
O015,C00149,T0066712,35.72
O007,C01487,T0049014,202.59
O013,C00879,T0018761,79.85
O010,C03578,T0003432,307.7
O014,C01291,T0050364,16.44
O001,C00220,T0089406,144.47
O004,C04069,T0084004,44.16
O018,C02123,T0035073,33.07
O009,C00132,T0022681,50.54
O003,C00836,T0007279,524.47
O009,C00145,T0049325,23.92
O001,C04167,T0067962,229.8
O019,C01077,T0055235,131.5
O019,C03613,T0047803,40.04
O009,C01525,T0097487,31.7
O014,C00536,T0083724,8.79
O015,C03717,T0087821,39.53
O012,C04137,T0064296,190.67
O005,C00774,T0079762,174.29
O014,C03254,T0070371,42.22
O017,C04465,T0024726,70.38
O016,C03885,T0039103,9.9
O020,C01811,T0086163,80.29
O007,C01415,T0025059,12.87
O016,C02094,T0093763,19.35
O003,C00957,T0005598,206.66
O020,C00940,T0091364,240.06
O011,C01634,T0074625,85.65
O015,C04205,T0058755,592.78
O016,C03765,T0076496,14.77
O005,C00848,T0017288,56.79
O013,C01402,T0076554,12.11
O011,C02120,T0000275,86.35
O020,C00146,T0032879,94.63
O014,C04633,T0009063,36.66
O010,C01972,T0011693,35.28
O001,C04943,T0077892,154.9
O002,C03288,T0041240,65.18
O003,C02720,T0087104,202.81
O017,C01299,T0089040,95.78
O010,C01251,T0009516,404.97
O007,C00969,T0006696,15.54
O004,C01942,T0076079,208.46
O015,C04039,T0097523,11.41
O018,C03955,T0015279,45.24
O010,C00460,T0093896,99.35
O016,C01061,T0011606,29.68
O008,C02383,T0082767,82.52
O013,C01403,T0096864,113.26
O007,C01670,T0079977,12.62
O001,C04390,T0020532,314.65
O008,C00647,T0079501,126.24
O009,C01478,T0042786,20.86
O014,C02538,T0006585,4.92
O010,C03193,T0029549,341.67
O003,C03147,T0041422,167.33
O011,C01509,T0091668,66.2
O010,C03648,T0076724,158.65
O009,C03252,T0010176,81.31
O012,C02969,T0034207,697.95
O018,C02716,T0085282,26.08
O007,C04304,T0003648,40.4
O013,C02571,T0081153,26.74
O012,C04019,T0091896,41.8
O004,C02118,T0010697,27.88
O001,C01523,T0013493,123.27
O019,C02364,T0001046,39.94
O008,C00844,T0081098,75.61
O006,C02605,T0024235,44.4
O008,C03962,T0073389,1537.86
O013,C04006,T0040952,200.63
O006,C03351,T0027838,176.53
O009,C04858,T0040011,38.7
O004,C02371,T0036151,148.44
O004,C01739,T0047144,46.48
O004,C01666,T0084590,32.36
O004,C01107,T0074484,199.0
O018,C00856,T0035036,245.76
O004,C02103,T0039993,994.65
O017,C02114,T0050261,316.76
O008,C02326,T0009440,41.53
O014,C02837,T0091955,97.99
O008,C02698,T0087671,104.65
O006,C01559,T0075894,410.76
O006,C04469,T0067769,240.39
O020,C01381,T0081924,95.78
O015,C01082,T0013302,32.99
O006,C02180,T0013432,481.67
O020,C02374,T0089468,79.37
O017,C00828,T0057506,242.91
O017,C04273,T0052433,774.15
O015,C04233,T0035074,57.33
O018,C00247,T0090905,65.62
O015,C01159,T0067269,19.14
O003,C00405,T0033918,84.71
O001,C00975,T0010659,208.36
O016,C03911,T0098118,20.49
O006,C01802,T0050538,171.72
O002,C03581,T0041993,39.97
O006,C01026,T0079763,201.95
O003,C02619,T0099281,43.98
O003,C02718,T0001304,130.95
O011,C01199,T0054240,66.5
O002,C01319,T0079308,89.62
O013,C04959,T0062118,99.96
O018,C04703,T0002904,74.46
O008,C03059,T0010453,105.96
O010,C01759,T0059722,120.33
O019,C04659,T0083623,64.05
O016,C00156,T0099677,22.03
O019,C02093,T0007569,53.19
O001,C00100,T0071483,75.93
O003,C01897,T0031958,273.67
O002,C02048,T0022618,74.89
O020,C04540,T0092611,37.79
O004,C03770,T0044434,149.59
O003,C02775,T0075265,14.68
O014,C00732,T0040067,6.37
O016,C02846,T0080368,32.25
O003,C02520,T0091863,55.91
O008,C00074,T0090805,276.13
O017,C02974,T0016690,207.11
O001,C00559,T0041673,48.96
O005,C02507,T0042076,195.47
O017,C02069,T0014133,653.98
O004,C02118,T0020194,43.59
O007,C01518,T0066758,29.78
O015,C04412,T0055006,84.06
O006,C01183,T0053486,84.89
O001,C03408,T0068274,257.79
O008,C02716,T0078886,86.42
O013,C01389,T0032275,84.22
O016,C03651,T0020820,13.27
O009,C01598,T0061304,2.09
O012,C04794,T0046094,178.41
O002,C04863,T0053575,90.08
O004,C00694,T0030022,504.25
O001,C01480,T0045491,67.75
O015,C03769,T0059810,51.05
O019,C04634,T0014923,35.95
O013,C02314,T0038939,32.07
O003,C01717,T0062140,125.96
O012,C03911,T0079834,39.98
O013,C00016,T0085028,195.19
O005,C03255,T0072079,51.82
O018,C02451,T0031202,20.99
O010,C01308,T0024986,61.92
O015,C04190,T0055030,30.16
O008,C01345,T0032791,326.86
O009,C01333,T0008486,28.41
O019,C01485,T0011860,85.34
O014,C02885,T0059130,22.41
O007,C01626,T0096504,50.79
O019,C03470,T0083960,280.79
O016,C03911,T0075574,48.69
O018,C02543,T0004182,71.88
O009,C04180,T0088061,29.13
O008,C00912,T0081705,233.7
O008,C04462,T0023844,87.91
O016,C00385,T0088025,87.93
O017,C04526,T0078474,334.94
O013,C03247,T0072229,63.57
O003,C02532,T0088234,116.45
O014,C03758,T0066703,20.55
O009,C04033,T0015260,25.09
O011,C01540,T0067760,108.9
O003,C01288,T0070928,209.71
O015,C01753,T0093830,271.6
O017,C00943,T0051585,171.25
O018,C01387,T0053601,103.94
O016,C02719,T0092052,14.16
O013,C00240,T0001074,21.91
O006,C02862,T0061356,37.52
O010,C02381,T0095345,599.17
O017,C01609,T0055741,111.65
O020,C03920,T0086994,333.45
O011,C02614,T0043620,94.1
O008,C04343,T0044544,54.05
O009,C02032,T0076915,61.8
O008,C04161,T0001105,22.84
O003,C00464,T0095749,108.58
O010,C02373,T0044923,91.44
O014,C00070,T0008417,16.35
O008,C04219,T0080573,159.92
O014,C01207,T0038760,23.65
O019,C01224,T0056912,84.71
O020,C02439,T0070396,36.41
O006,C02075,T0043256,188.7
O008,C02031,T0012823,29.55
O005,C03833,T0031064,366.44
O003,C00025,T0069538,70.37
O005,C03667,T0042893,211.86
O001,C02227,T0001848,104.67
O007,C01074,T0021309,87.69
O015,C00359,T0070836,51.02
O010,C03026,T0042829,99.13
O008,C00106,T0084387,140.02
O009,C00676,T0023666,35.65
O002,C01796,T0036904,27.04
O007,C04998,T0019273,45.32
O007,C01081,T0034115,174.6
O020,C03152,T0025576,190.82
O003,C00147,T0013318,98.02
O018,C02943,T0086189,184.42
O017,C01445,T0025758,191.68
O008,C00331,T0096762,78.8
O014,C00807,T0076503,39.75
O014,C04172,T0083653,13.91
O020,C04413,T0063096,23.56
O005,C02076,T0087024,65.94
O003,C04804,T0084519,378.16
O002,C04896,T0015191,96.72
O020,C00888,T0042473,54.91
O017,C04965,T0075618,175.87
O006,C01458,T0090889,881.94
O012,C01349,T0019460,462.4
O007,C01898,T0079766,257.47
O004,C01933,T0093956,89.47
O008,C01295,T0037229,351.14
O010,C01154,T0098857,258.83
O017,C04806,T0044973,886.69
O009,C01589,T0028879,45.65
O012,C01282,T0012507,38.77
O003,C00176,T0018899,136.2
O017,C04498,T0087907,103.25
O010,C02549,T0056358,77.58
O001,C04670,T0006858,82.36
O010,C02985,T0036258,48.62
O011,C04258,T0052540,395.55
O008,C00402,T0078520,73.16
O007,C04468,T0007138,145.57
O019,C02140,T0070847,26.02
O020,C03186,T0084888,133.69
O002,C03262,T0082986,182.4
O008,C01016,T0046343,403.18
O011,C00440,T0022388,186.14
O006,C00657,T0067976,148.13
O007,C03004,T0046140,15.24
O008,C04530,T0064553,98.67
O006,C00033,T0020483,403.53
O011,C03141,T0009519,132.54
O014,C00389,T0074488,29.79
O019,C01973,T0098551,84.35
O008,C04467,T0010568,1008.48
O005,C03904,T0017425,274.4
O014,C02783,T0071900,73.51
O018,C01208,T0017163,92.06
O014,C00653,T0084727,24.25
O007,C04258,T0078989,17.71
O001,C01072,T0022052,330.45
O007,C02263,T0037045,59.1
O016,C04843,T0052779,19.02
O004,C00179,T0005995,187.78
O006,C01757,T0005906,79.3
O017,C02008,T0017633,17.31
O006,C04415,T0082392,392.8
O015,C00842,T0011507,12.8
O001,C00724,T0039681,113.68
O012,C04763,T0065984,129.92
O005,C03270,T0084580,93.4
O006,C03243,T0027409,86.51
O013,C03522,T0036673,74.75
O014,C03557,T0034301,14.05
O013,C02511,T0005455,154.57
O011,C03690,T0089660,89.52
O007,C01350,T0013133,12.43
O002,C01432,T0003458,73.37
O018,C01307,T0040443,55.19
O007,C02848,T0022145,46.78
O006,C01770,T0038856,85.42
O013,C04518,T0052019,38.15
O020,C00226,T0071545,139.99
O001,C01242,T0080480,104.05
O015,C02444,T0055035,34.51
O010,C02652,T0090885,394.13
O007,C04448,T0090099,35.01
O014,C03316,T0083475,49.37
O014,C01289,T0060364,235.16
O012,C03686,T0037610,215.91
O006,C04229,T0075395,48.16
O008,C00829,T0028004,27.03
O012,C00022,T0037452,118.49
O016,C02926,T0059206,90.39
O003,C04058,T0054354,102.53
O012,C03418,T0059424,60.85
O007,C00952,T0002091,32.07
O018,C01251,T0084057,149.9
O019,C04562,T0011718,204.89
O004,C02365,T0063376,144.39
O004,C01327,T0062053,125.61
O010,C02146,T0082994,668.78
O017,C04374,T0092594,128.73
O014,C00721,T0055233,20.2
O014,C02960,T0065699,20.91
O006,C04883,T0006358,610.36
O012,C04878,T0090187,99.13
O015,C00080,T0091047,37.03
O006,C01536,T0031800,617.79
O017,C01927,T0086459,1109.67
O020,C00250,T0089432,99.23
O001,C01624,T0085122,151.98
O003,C01385,T0085938,43.2
O010,C03821,T0053026,108.89
O006,C01992,T0082218,91.37
O008,C00291,T0005113,106.97
O019,C01611,T0034739,79.74
O019,C00105,T0045690,100.07
O012,C00605,T0048407,36.76
O004,C00827,T0015777,2567.56
O017,C00754,T0044982,169.05
O019,C01908,T0028080,21.9
O007,C00570,T0036281,115.64
O012,C00048,T0074283,48.49
O004,C01141,T0020253,111.99
O017,C03974,T0083583,101.5
O008,C01960,T0033092,194.51
O015,C01388,T0045082,15.06
O005,C00781,T0057907,23.35
O001,C03086,T0078405,169.21
O010,C02041,T0086904,651.61
O009,C04279,T0078804,7.27
O004,C02719,T0093236,138.72
O018,C04889,T0055320,41.31
O007,C04069,T0094467,35.48
O013,C03879,T0061049,85.23
O005,C03870,T0099787,152.18
O005,C03362,T0032549,42.02
O018,C03160,T0064289,58.63
O001,C04521,T0079183,92.31
O013,C01280,T0093267,59.3
O007,C03557,T0067834,18.05
O006,C04134,T0061945,137.61
O006,C03569,T0012444,96.08
O005,C00427,T0046464,129.22
O008,C02615,T0036745,979.01
O019,C02464,T0053066,26.14
O013,C04887,T0050428,46.92
O001,C01096,T0050040,65.16
O003,C04984,T0014467,101.38
O020,C02089,T0016160,89.79
O008,C01184,T0089937,128.94
O017,C02382,T0010473,61.5
O012,C00797,T0062408,73.07
O013,C01025,T0075516,291.68
O001,C04889,T0093731,139.42
O017,C02020,T0012012,172.09
O001,C00904,T0092633,86.46
O014,C03526,T0058032,22.8
O006,C01429,T0016029,115.45
O013,C00105,T0092998,31.18
O006,C03040,T0020117,51.9
O018,C03664,T0062142,142.45
O005,C03506,T0038135,618.62
O008,C04724,T0030759,31.53
O014,C00923,T0088411,91.89
O003,C04168,T0038619,120.18
O007,C02145,T0079785,41.56
O020,C03913,T0080849,27.21
O014,C04017,T0036150,11.4
O007,C04617,T0034606,63.43
O004,C03388,T0096371,250.43
O014,C03844,T0004690,84.39
O020,C02086,T0018736,182.68
O019,C00829,T0068890,35.33
O016,C02206,T0053195,78.74
O004,C02754,T0083830,122.98
O019,C03344,T0056186,40.8
O012,C04522,T0035942,485.12
O009,C01836,T0083126,13.01
O010,C03913,T0091975,22.85
O003,C03992,T0007238,85.8
O015,C04451,T0055618,404.07
O013,C02385,T0079484,28.8
O018,C04431,T0044300,49.73
O013,C04456,T0096576,67.28
O001,C02508,T0084833,107.51
O004,C04767,T0033500,98.71
O014,C04720,T0075919,20.12
O001,C00236,T0089067,140.29
O015,C03130,T0063418,33.85
O010,C03110,T0010702,107.08
O016,C04878,T0075368,24.09
O007,C04859,T0045222,22.61
O004,C03700,T0044391,145.6
O020,C03600,T0058723,50.37
O020,C02804,T0073343,57.69
O013,C03078,T0048822,77.87
O010,C03869,T0024509,45.65
O008,C02419,T0078416,2783.42
O009,C02361,T0094715,13.95
O012,C04097,T0048347,172.17
O002,C02316,T0019549,23.1
O011,C03979,T0052014,54.63
O004,C04617,T0057600,49.73
O018,C01539,T0015539,27.91
O009,C04371,T0049111,8.7
O006,C03694,T0025783,202.72
O014,C02796,T0064937,107.04
O015,C04187,T0007701,17.17
O013,C00524,T0089938,187.19
O010,C02353,T0074052,590.32
O020,C00842,T0098576,113.1
O017,C04625,T0067495,147.49
O001,C02073,T0077004,117.4
O016,C02863,T0097181,30.0
O008,C00598,T0017693,83.04
O004,C02121,T0021344,44.41
O016,C02773,T0023586,43.48
O013,C03434,T0036689,269.92
O019,C01763,T0027002,60.83
O017,C03756,T0041315,28.28
O006,C03399,T0014691,415.04
O018,C03025,T0008516,251.67
O004,C00591,T0005079,34.09
O002,C03528,T0089869,25.27
O018,C04615,T0089993,726.43
O012,C00708,T0023123,17.61
O018,C04829,T0060280,162.45
O001,C04142,T0057269,175.87
O005,C03587,T0092941,125.56
O003,C01322,T0006490,98.44
O007,C00991,T0060655,112.85
O013,C04713,T0017630,18.44
O003,C01186,T0008257,259.11
O012,C01504,T0002691,665.17
O005,C02920,T0008577,22.59
O017,C00660,T0013347,92.83
O019,C03904,T0052622,91.94
O004,C01963,T0000660,77.37
O012,C02906,T0058300,89.76
O020,C02125,T0099709,49.93
O001,C03938,T0083597,31.89
O009,C03973,T0031068,7.37
O007,C04369,T0096653,19.37
O008,C00186,T0042221,47.35
O003,C03839,T0072080,113.21
O005,C04601,T0013733,97.14
O015,C03028,T0076627,86.16
O017,C01337,T0093250,990.99
O008,C03890,T0066889,41.55
O020,C00335,T0089665,52.54
O015,C03669,T0065916,31.93
O015,C03974,T0000701,54.52
O002,C00952,T0002407,24.95
O009,C04042,T0017394,42.21
O002,C00407,T0066092,535.64
O017,C01933,T0078618,108.33
O017,C00259,T0075036,22.34
O014,C04864,T0094648,12.64
O006,C01902,T0033575,108.38
O012,C04452,T0028562,398.11
O019,C02427,T0041784,32.56
O010,C04683,T0038092,31.53
O016,C01910,T0033027,30.26
O019,C02191,T0058101,26.59
O018,C04463,T0074024,172.6
O016,C03694,T0075813,127.21
O002,C04222,T0075933,22.03
O007,C02504,T0030459,181.11
O015,C01473,T0073889,78.01
O005,C01827,T0025998,366.27
O013,C04658,T0091486,14.17
O009,C01879,T0016980,7.75
O007,C01157,T0096530,67.59
O018,C03046,T0024734,495.22
O001,C03281,T0009608,59.81
O016,C01963,T0063647,79.21
O014,C04555,T0014830,16.91
O009,C04392,T0040268,7.14
O013,C03242,T0030154,123.63
O006,C01179,T0045013,232.79
O001,C04529,T0018707,53.09
O004,C02504,T0039448,213.74
O017,C01089,T0000304,75.26
O007,C03884,T0011683,5.51
O012,C01100,T0012600,51.69
O007,C00109,T0019979,111.69
O019,C02183,T0024274,35.91
O004,C04633,T0014288,172.03
O005,C02945,T0067942,164.98
O005,C03732,T0037340,77.42
O012,C02620,T0071198,77.14
O004,C01771,T0083028,149.89
O018,C03782,T0090860,121.62
O007,C01810,T0082503,22.89
O014,C00733,T0038742,26.08
O015,C00587,T0034903,86.38
O005,C01058,T0027699,86.56
O018,C00649,T0017491,36.96
O014,C00787,T0019385,39.0
O006,C04378,T0002238,258.65
O002,C00684,T0041751,49.6
O019,C03105,T0043230,60.08
O003,C00653,T0076795,82.86
O007,C02524,T0084101,37.76
O007,C02841,T0070840,28.43
O015,C03379,T0063415,52.23
O019,C00411,T0064086,202.15
O011,C03947,T0009879,930.68
O010,C03860,T0070460,407.48
O010,C02122,T0065841,76.8
O016,C03134,T0074233,67.19
O012,C02593,T0049273,101.26
O013,C04612,T0008366,87.06
O017,C04906,T0075349,208.96
O017,C01471,T0086302,272.17
O010,C00573,T0074518,131.73
O001,C01021,T0041171,1530.72
O010,C00875,T0059125,251.45
O019,C01107,T0026448,66.51
O017,C01820,T0011752,79.24
O006,C03337,T0015726,74.8
O019,C04156,T0073771,63.74
O003,C02933,T0087472,52.85
O011,C04398,T0024934,74.26
O018,C03247,T0031271,41.72
O017,C00042,T0098172,99.64
O002,C04714,T0087186,120.34
O014,C03802,T0034532,9.02
O003,C00360,T0096853,62.52
O013,C03333,T0058686,73.27
O003,C03837,T0022088,213.75
O010,C03241,T0072984,214.28
O020,C02729,T0005888,29.96
O008,C03005,T0090133,402.77
O013,C03934,T0037969,25.77
O017,C03843,T0055397,139.94
O003,C04776,T0053462,29.86
O003,C01988,T0000164,493.15
O012,C04243,T0074562,172.29
O019,C03543,T0009223,234.26
O012,C03665,T0007022,180.78
O019,C02251,T0013601,28.39
O012,C01291,T0083506,73.68
O018,C01952,T0027588,48.61
O002,C04184,T0039083,31.49
O003,C02320,T0096568,71.71
O001,C02329,T0002761,41.99
O011,C04718,T0017566,152.78
O002,C03867,T0057769,26.15
O018,C00575,T0014244,65.62
O002,C00098,T0074699,358.88
O018,C03214,T0042404,85.18
O006,C03764,T0070961,73.78
O008,C04853,T0063252,84.01
O015,C04920,T0065479,48.01
O017,C04816,T0020452,831.74
O020,C00890,T0090308,89.68
O004,C02605,T0093624,107.05
O009,C02134,T0011245,56.66
O002,C03594,T0056666,58.4
O011,C01078,T0070575,48.32
O001,C00230,T0002203,314.37
O015,C04893,T0040106,36.3
O020,C03892,T0095661,28.3
O009,C03533,T0006627,18.08
O001,C01585,T0041418,155.85
O018,C02625,T0016977,20.99
O006,C00549,T0027696,51.93
O004,C02925,T0087434,24.23
O006,C02089,T0030780,46.04
O017,C02419,T0054518,48.37
O020,C01591,T0025684,115.94
O016,C02462,T0028345,4.0
O006,C01437,T0081945,37.35
O007,C02179,T0084946,98.36
O015,C01875,T0039231,19.84
O004,C03372,T0004774,41.94
O007,C04281,T0031904,28.04
O003,C02929,T0034336,23.99
O001,C01643,T0015190,22.88
O005,C02924,T0030468,32.66
O012,C01796,T0087292,2402.04
O016,C01175,T0016232,29.27
O014,C00028,T0006832,13.9
O010,C01853,T0085634,143.87
O009,C04710,T0027939,33.83
O016,C00877,T0086256,33.45
O008,C03894,T0075197,250.93
O009,C04782,T0077820,6.34
O020,C01479,T0086607,86.56
O018,C00940,T0006455,180.93
O003,C01935,T0033183,298.08
O010,C00094,T0048864,515.54
O015,C00219,T0066574,6.95
O016,C03711,T0018168,11.02
O005,C01498,T0030216,66.58
O016,C01549,T0086159,3.6
O003,C03546,T0066514,63.99
O018,C02393,T0080258,124.3
O003,C03249,T0066403,43.75
O018,C04887,T0099357,134.03
O013,C01692,T0023866,24.18
O019,C04510,T0056848,94.21
O017,C01933,T0069711,26.33
O018,C01127,T0087685,123.02
O001,C00642,T0039848,215.3
O019,C01661,T0074556,144.46
O002,C04625,T0004657,47.46
O010,C04733,T0003440,225.55
O005,C00862,T0031936,184.94
O014,C02341,T0082422,126.43
O008,C03929,T0020423,408.53
O011,C04658,T0040684,161.91
O018,C04117,T0073404,38.84
O020,C04789,T0079912,111.61
O019,C00608,T0082330,118.19
O008,C02369,T0064544,715.23
O016,C00229,T0005352,24.06
O019,C03623,T0080504,46.75
O003,C00499,T0005360,46.05
O008,C04960,T0048659,629.65
O003,C00319,T0075594,79.19
O014,C03084,T0055293,15.24
O018,C02497,T0087476,72.19
O013,C02583,T0033826,62.87
O019,C02737,T0000377,56.86
O020,C01592,T0007742,48.94
O004,C01382,T0044515,66.91
O019,C00749,T0067030,347.56
O007,C02875,T0003331,45.4
O014,C04906,T0014216,15.18
O013,C04283,T0091133,58.33
O004,C02141,T0051084,74.86
O013,C01801,T0041152,59.38
O016,C02169,T0066895,8.52
O005,C00209,T0066582,105.61
O003,C02680,T0069993,191.46
O009,C00707,T0083884,92.52
O004,C00234,T0078997,91.55
O012,C00898,T0025042,68.35
O006,C00510,T0085456,35.24
O015,C03174,T0043797,200.66
O019,C02855,T0045129,20.28
O011,C00314,T0041324,66.74
O017,C04337,T0032548,211.44
O013,C04583,T0050258,35.8
O001,C00462,T0064235,120.37
O015,C00612,T0072754,71.41
O017,C03504,T0099492,569.35
O011,C01871,T0033558,507.34
O013,C02883,T0077121,58.13
O019,C03587,T0032380,24.12
O001,C04955,T0046735,72.72
O014,C03066,T0022747,9.21
O017,C04407,T0073919,192.1
O014,C00968,T0036341,114.09
O015,C00264,T0015054,81.19
O013,C03407,T0022480,61.24
O004,C01404,T0092958,60.04
O005,C03605,T0096301,54.6
O010,C00722,T0071764,77.35
O002,C00786,T0006064,389.37
O019,C04368,T0064758,45.05
O016,C01933,T0086575,74.66
O012,C04058,T0053206,98.71
O015,C04880,T0036457,27.69
O015,C02627,T0055288,102.22
O015,C04009,T0042922,50.74
O015,C04321,T0089596,46.58
O014,C02576,T0004203,15.15
O013,C04314,T0006554,148.37
O015,C04223,T0035852,23.94
O006,C04716,T0096588,107.97
O006,C02165,T0040878,165.35
O009,C03055,T0070393,26.81
O017,C04371,T0003196,86.37
O011,C01594,T0070074,28.8
O015,C02649,T0032252,126.06
O017,C04969,T0038966,186.34
O014,C01056,T0081853,11.18
O005,C03733,T0072892,34.53
O006,C04249,T0021126,206.48
O010,C01190,T0002943,177.41
O001,C00196,T0078239,301.53
O006,C03599,T0032789,208.98
O014,C04643,T0045879,4.17
O001,C01872,T0014030,3626.54
O003,C00983,T0037411,97.99
O017,C01923,T0069915,544.23
O002,C03830,T0022465,26.39
O003,C04291,T0073284,154.15
O013,C04916,T0086722,81.83
O017,C00665,T0061641,67.32
O003,C02920,T0013127,50.9
O017,C02438,T0092843,269.77
O004,C04856,T0070479,18.35
O002,C04465,T0082659,147.29
O017,C01719,T0039630,81.73
O001,C04856,T0077382,53.59
O014,C00943,T0072521,29.16
O019,C01016,T0020894,134.25
O006,C03211,T0004692,179.79
O008,C01635,T0001145,59.86
O001,C02343,T0091422,216.61
O019,C04911,T0036717,35.64
O012,C03796,T0051315,117.53
O019,C04567,T0045258,133.54
O003,C03328,T0073764,54.23
O018,C03650,T0086979,74.82
O018,C01442,T0018430,16.44
O014,C02122,T0016518,7.41
O005,C03979,T0042898,97.69
O019,C02197,T0029954,45.87
O008,C04380,T0036699,100.21
O001,C04961,T0039068,776.27
O020,C02444,T0042129,140.18
O018,C02551,T0097357,69.62
O008,C02672,T0006346,57.64
O004,C03512,T0050700,19.7
O011,C03409,T0043520,72.56
O008,C04897,T0061450,89.18
O012,C00495,T0071772,89.81
O002,C03813,T0076900,77.68
O002,C01847,T0009671,20.14
O003,C02337,T0094339,123.93
O006,C00551,T0032522,79.36
O013,C03133,T0091199,60.2
O015,C03400,T0060495,34.54
O002,C01292,T0070938,15.29
O003,C00539,T0025461,317.3
O019,C02425,T0016812,295.41
O016,C04175,T0027858,38.97
O016,C00082,T0004025,112.46
O006,C03549,T0058334,18.94
O005,C01309,T0019970,72.07
O018,C00590,T0094898,82.95
O010,C02716,T0058605,91.26
O006,C04580,T0080007,89.81
O002,C01060,T0017495,22.58
O003,C03608,T0015905,82.36
O016,C03028,T0032903,27.35
O017,C03873,T0075006,46.88
O012,C04971,T0086004,364.31
O015,C01393,T0010950,24.59
O001,C03297,T0002360,84.13
O002,C02791,T0074126,27.18
O007,C04429,T0054046,19.05
O008,C00405,T0023750,295.98
O016,C02672,T0032331,62.24
O003,C01144,T0055913,214.14
O007,C01144,T0023095,44.79
O004,C00823,T0070731,42.39
O006,C04858,T0012394,334.34
O014,C04041,T0088108,11.68
O010,C01136,T0039680,98.2
O006,C04488,T0025347,75.75
O020,C02185,T0001217,143.77
O005,C03206,T0001224,171.99
O012,C03560,T0056031,184.72
O001,C01264,T0026049,51.68
O002,C02234,T0081281,80.72
O019,C02302,T0040466,75.96
O013,C02419,T0059186,32.0
O006,C01383,T0078570,108.97
O019,C04840,T0017075,12.34
O004,C00355,T0001859,38.05
O011,C02130,T0031709,41.39
O006,C01503,T0087138,77.53
O015,C02873,T0051322,490.31
O020,C04892,T0096923,14.66
O016,C00384,T0083968,11.68
O001,C03897,T0087039,179.41
O012,C02909,T0006174,46.85
O011,C02546,T0037917,49.82
O012,C00867,T0096944,758.63
O005,C00279,T0085570,139.88
O016,C04883,T0097765,20.09
O020,C01835,T0026065,110.24
O012,C04450,T0065295,61.49
O006,C01796,T0079301,326.8
O006,C03136,T0026542,222.54
O002,C03296,T0033580,221.5
O007,C03905,T0095346,105.93
O004,C00330,T0080626,60.54
O013,C03926,T0085584,276.05
O005,C03251,T0005874,178.09
O012,C01764,T0037043,77.26
O020,C02704,T0011825,254.4
O016,C04350,T0000525,3.48
O001,C04295,T0097513,173.89
O004,C04268,T0005641,97.99
O004,C03510,T0077323,105.14
O006,C03865,T0019034,1375.06
O012,C01818,T0033433,1221.62
O016,C01675,T0099446,18.03
O007,C00593,T0083220,60.28
O011,C03280,T0071021,51.32
O012,C00318,T0009301,25.56
O015,C00337,T0012858,26.41
O007,C04755,T0087122,27.19
O005,C00960,T0078785,120.1
O014,C03538,T0069762,94.22
O005,C01621,T0066090,79.25
O018,C02920,T0079784,9.24
O010,C00247,T0021149,176.5
O016,C03439,T0018663,31.66
O011,C00025,T0025325,75.71
O014,C03497,T0034474,15.28
O008,C04846,T0050125,1397.8
O013,C02488,T0099586,194.96
O013,C03980,T0031408,11.42
O003,C02205,T0017374,23.64
O006,C03938,T0094919,661.61
O009,C04227,T0070482,11.69
O015,C00734,T0075063,19.31
O013,C01160,T0061907,61.35
O014,C02270,T0037038,169.92
O007,C04737,T0063505,55.0
O001,C01158,T0011596,591.27
O010,C00750,T0007403,315.6
O009,C04262,T0005550,24.05
O009,C04618,T0057220,8.65
O008,C03883,T0064954,619.87
O018,C02750,T0034718,29.46
O013,C00473,T0066148,176.23
O014,C00039,T0030818,18.05
O013,C02565,T0016164,258.24
O020,C03858,T0073734,176.14
O018,C01525,T0080804,66.43
O007,C00993,T0020080,9.72
O017,C03794,T0001459,34.08
O002,C02833,T0074418,15.06
O007,C03094,T0068723,20.83
O009,C02953,T0076691,76.87
O018,C01527,T0085694,66.19
O001,C02994,T0048509,45.03
O012,C01100,T0036923,643.61
O006,C02306,T0084968,136.54
O015,C00815,T0016607,111.88
O005,C00784,T0036622,78.44
O011,C02616,T0041188,486.73
O002,C04706,T0025978,129.17
O012,C04246,T0082122,125.91
O007,C02799,T0031919,43.01
O015,C01458,T0051244,13.64
O011,C01885,T0032747,99.27
O006,C01938,T0070910,506.38
O014,C04614,T0045762,13.78
O005,C01328,T0014644,123.39
O011,C00740,T0040304,259.24
O002,C02344,T0007080,45.85
O012,C01105,T0090608,123.29
O001,C03512,T0017009,119.24
O012,C00282,T0044422,73.28
O013,C03974,T0061458,40.14
O015,C02228,T0032138,37.58
O007,C03173,T0044943,59.17
O006,C03302,T0099325,101.59
O016,C04804,T0053577,354.47
O014,C00245,T0036125,35.52
O019,C01601,T0020090,42.0
O013,C03729,T0075564,17.07
O009,C02568,T0066231,186.47
O002,C01379,T0092459,13.41
O009,C03133,T0052289,8.05
O014,C01118,T0082128,121.59
O003,C02064,T0074467,370.58
O001,C03677,T0081079,67.56
O002,C04017,T0092357,49.01
O016,C03077,T0092751,21.34
O009,C00972,T0017650,71.96
O011,C04293,T0043281,152.64
O002,C03168,T0031433,132.53
O009,C01212,T0057739,19.15
O007,C00957,T0083287,91.31
O015,C00794,T0067211,63.41
O018,C04179,T0081052,123.71
O019,C01303,T0056906,66.64
O006,C04197,T0028010,138.29
O008,C01959,T0095039,257.19
O008,C03928,T0033808,2916.92
O014,C02316,T0027654,50.44
O006,C01940,T0067634,214.78
O008,C03072,T0078246,869.32
O016,C03752,T0015502,14.0
O001,C02855,T0088007,673.91
O006,C02818,T0014881,98.13
O003,C01514,T0076935,56.98
O009,C04408,T0079151,68.54
O008,C01242,T0000174,285.95
O006,C04481,T0097554,146.51
O020,C01633,T0073900,79.42
O003,C02545,T0093490,26.97
O004,C03485,T0038544,180.41
O003,C00775,T0061488,20.89
O001,C01873,T0008514,40.85
O004,C03451,T0027040,61.46
O010,C04107,T0000162,351.5
O002,C04285,T0075983,18.01
O003,C00845,T0012185,133.37
O002,C03320,T0067024,8.13
O012,C02402,T0005686,330.2
O019,C00924,T0030757,22.73
O011,C00718,T0089479,34.1
O008,C00938,T0047278,414.18
O015,C03737,T0043841,62.71
O008,C01264,T0044067,174.26
O003,C00357,T0038324,53.07
O018,C00407,T0021350,35.7
O006,C01803,T0015131,481.17
O015,C02326,T0038451,408.07
O008,C01969,T0016786,88.19
O014,C03930,T0012949,3.09
O006,C00004,T0052048,19.96
O005,C04801,T0030612,48.93
O011,C01921,T0027284,82.1
O017,C04196,T0002789,231.89
O005,C03158,T0056330,49.21
O004,C02430,T0074534,68.28
O020,C02242,T0053647,12.74
O012,C04102,T0058236,65.5
O002,C03165,T0085812,10.2
O018,C01877,T0013914,17.61
O013,C03070,T0067909,40.23
O001,C02731,T0006074,77.27
O013,C01602,T0015453,92.37
O014,C01737,T0059531,6.26
O002,C04783,T0087665,81.18
O001,C01280,T0029676,45.82
O014,C01879,T0081769,42.04
O003,C04429,T0093174,85.7
O012,C03875,T0047498,52.91
O006,C00513,T0062380,178.08
O019,C00273,T0025565,9.08
O001,C04337,T0069351,39.1
O005,C00317,T0021438,91.37
O003,C04356,T0062552,
O017,C01402,T0053474,182.59
O006,C01307,T0008117,86.46
O003,C02247,T0047276,564.39
O008,C00228,T0013896,31.28
O009,C00396,T0006304,10.32
O003,C02630,T0026207,74.6
O013,C00255,T0052816,31.84
O007,C01845,T0069112,111.35
O019,C00820,T0072326,69.94
O008,C01225,T0009056,460.15
O003,C04343,T0083639,725.3
O012,C03663,T0063716,55.02
O011,C03173,T0099291,138.76
O001,C02470,T0045776,102.67
O006,C01313,T0081327,517.58
O010,C01903,T0009745,71.39
O020,C04424,T0039327,47.8
O014,C03000,T0076422,28.56
O005,C00261,T0071399,352.96
O018,C02776,T0050425,111.45
O008,C02342,T0000759,104.84
O001,C04926,T0026824,93.93
O006,C02760,T0043349,40.4
O008,C01200,T0078679,88.23
O001,C00450,T0005832,59.53
O001,C00451,T0018012,55.94
O003,C03506,T0061718,426.86
O012,C00933,T0087191,52.73
O006,C01934,T0066125,125.78
O004,C01300,T0025675,49.89
O001,C00484,T0010460,23.76
O017,C00612,T0059157,78.82
O014,C04905,T0002385,43.95
O011,C04686,T0019808,100.11
O003,C02594,T0088525,155.79
O018,C04572,T0028159,110.29
O007,C03720,T0082132,19.03
O001,C00273,T0018983,140.91
O012,C00499,T0049504,53.59
O006,C03909,T0043151,125.13
O016,C02200,T0065722,17.89
O006,C03905,T0075173,91.38
O012,C03841,T0074204,415.15
O015,C01480,T0010734,97.67
O018,C00177,T0055434,262.18
O004,C00022,T0014802,102.24
O014,C00545,T0037759,67.24
O017,C02293,T0046522,106.67
O005,C01903,T0090523,50.83
O011,C01932,T0030667,24.17
O015,C03156,T0064777,41.23
O017,C02005,T0009109,838.14
O017,C01035,T0031344,115.1
O019,C03949,T0049469,31.31
O009,C00306,T0089888,63.1
O014,C03281,T0087401,12.23
O007,C03889,T0037751,82.01
O013,C01586,T0057836,211.73
O020,C03141,T0006273,90.57
O016,C00009,T0097981,5.9
O001,C03618,T0098200,37.31
O006,C03711,T0012138,100.98
O017,C03229,T0002644,116.24
O011,C00703,T0083345,83.55
O020,C03955,T0049739,136.7
O019,C00874,T0073177,24.05
O010,C03219,T0078221,47.84
O003,C00615,T0094178,17.89
O020,C01558,T0045654,95.24
O012,C01815,T0060866,59.27
O006,C00264,T0038089,74.73
O012,C02162,T0040690,121.96
O015,C04916,T0061947,29.31
O017,C02645,T0040689,196.43
O004,C03647,T0052883,137.19
O013,C03613,T0081144,100.81
O007,C02733,T0051768,26.73
O014,C00329,T0021913,18.8
O006,C02390,T0019096,120.06
O004,C03200,T0011259,109.02
O011,C04267,T0002030,110.52
O019,C01410,T0034409,-0.09
O015,C00161,T0044267,51.07
O015,C02995,T0043458,143.77
O019,C04102,T0023660,136.34
O015,C04796,T0030498,106.04
O008,C02516,T0085873,77.31
O014,C03713,T0057795,62.26
O006,C03222,T0070022,111.97
O020,C03107,T0086510,56.37
O007,C01122,T0009141,153.63
O002,C03839,T0060252,415.76
O019,C04188,T0080183,51.4
O012,C00894,T0036209,57.37
O013,C02551,T0060133,213.94
O020,C01599,T0060097,78.98
O001,C02212,T0011974,295.31
O011,C02032,T0056280,41.26
O013,C01955,T0013668,26.98
O015,C04316,T0066474,50.08
O008,C00674,T0065726,41.22
O016,C00441,T0017925,98.77
O012,C02443,T0070098,185.23
O001,C03111,T0027792,58.93
O004,C03546,T0054471,148.18
O020,C03664,T0025302,18.75
O014,C00224,T0024151,10.16
O019,C01109,T0015504,34.18
O014,C01312,T0057367,36.17
O017,C00415,T0054181,160.89
O010,C01061,T0069961,190.31
O014,C00990,T0002966,18.38
O019,C04038,T0051836,133.81
O001,C02707,T0013925,208.43
O008,C00479,T0035184,680.13
O002,C02492,T0055108,111.87
O014,C04255,T0058498,8.96
O013,C01073,T0088867,28.43
O014,C02562,T0017324,41.45
O020,C00851,T0058990,384.01
O006,C02985,T0059973,400.61
O017,C01097,T0063486,1300.78
O014,C02923,T0020651,6.16
O003,C03602,T0010567,49.81
O009,C02420,T0087601,274.94
O013,C03936,T0089245,75.46
O020,C03610,T0058659,117.89
O002,C04115,T0076502,24.14
O005,C04101,T0071948,22.12
O009,C01521,T0063792,8.91
O016,C00942,T0043943,136.9
O015,C03008,T0033104,40.29
O008,C03627,T0067409,62.05
O019,C04817,T0024873,19.56
O005,C00795,T0019883,47.72
O005,C00618,T0011006,1086.56
O019,C02993,T0083847,48.6
O011,C03132,T0039145,59.48
O015,C01421,T0025663,157.57
O016,C02047,T0022389,27.5
O018,C04734,T0025547,156.38
O013,C01382,T0012658,81.07
O008,C02231,T0062150,351.78
O011,C02690,T0007461,47.74
O019,C00833,T0012230,25.25
O009,C00309,T0015594,2.83
O015,C04710,T0029636,15.2
O007,C04887,T0045989,40.83
O015,C00383,T0095848,26.47
O019,C01317,T0055072,105.71
O014,C02068,T0070426,22.5
O004,C02360,T0082361,130.91
O004,C03315,T0067156,117.86
O013,C01456,T0079088,182.16
O008,C01141,T0015660,79.46
O008,C01556,T0066282,101.87
O003,C00250,T0040937,99.68
O005,C02608,T0047232,105.77
O020,C02138,T0068536,404.8
O016,C04335,T0031529,74.78
O005,C02635,T0040249,702.36
O017,C02067,T0036283,204.08
O012,C00821,T0064832,21.01
O006,C01336,T0028487,70.99
O019,C01865,T0036551,101.48
O013,C04141,T0048482,62.75
O007,C02384,T0059291,14.44
O005,C00520,T0066674,61.65
O019,C04211,T0025947,186.78
O018,C00930,T0070741,59.96
O015,C01622,T0019860,59.51
O001,C02366,T0021462,35.61
O016,C01577,T0018950,84.97
O013,C01062,T0022710,41.47
O020,C02823,T0004788,251.4
O017,C02890,T0054585,38.48
O011,C02940,T0017433,104.26
O002,C04001,T0014597,8.53
O010,C04149,T0037020,148.51
O008,C01140,T0090600,102.96
O013,C02769,T0030740,34.54
O016,C03500,T0021988,51.82
O019,C04159,T0084391,111.24
O011,C01372,T0077919,141.81
O010,C01483,T0083384,447.06
O008,C01612,T0086871,227.04
O003,C03929,T0076759,20.75
O020,C03564,T0058536,73.92
O019,C03689,T0046868,51.99
O009,C00212,T0024841,12.6
O003,C03861,T0014296,620.9
O009,C00005,T0057786,4.76
O018,C04672,T0067673,141.69
O003,C00828,T0099056,189.02
O013,C01417,T0053409,60.24
O009,C00627,T0052981,29.56
O004,C04539,T0011500,105.16
O019,C02057,T0098460,101.62
O015,C03558,T0076507,15.78
O002,C01522,T0086006,32.1
O020,C04283,T0027711,18.79
O003,C02974,T0081195,351.52
O007,C04015,T0015146,9.27
O003,C03512,T0090428,78.12
O013,C03264,T0032895,96.19
O011,C04274,T0095672,54.79
O003,C03198,T0038873,47.7
O016,C02170,T0001619,7.28
O004,C00387,T0097708,31.21
O008,C03940,T0050879,205.65
O002,C02756,T0082714,207.48
O017,C00268,T0045141,116.27
O014,C00047,T0072367,24.17
O017,C01253,T0039054,172.23
O012,C01883,T0008038,28.37
O011,C00637,T0044443,490.74
O013,C04041,T0009293,25.17
O010,C03473,T0036985,68.0
O011,C04949,T0036878,317.93
O018,C02195,T0003210,101.95
O002,C03433,T0062810,31.5
O004,C01560,T0090471,34.06
O013,C01299,T0054869,136.8
O002,C04721,T0065263,24.8
O008,C02897,T0023590,1177.06
O009,C03817,T0050682,100.97
O013,C03728,T0019081,225.49
O011,C00884,T0065090,61.14
O008,C00977,T0055471,149.18
O014,C00215,T0055593,20.46
O004,C04671,T0045938,30.27
O020,C04076,T0007850,119.03
O010,C03244,T0087947,45.59
O018,C03560,T0078092,35.67
O014,C01390,T0062112,59.81
O015,C04087,T0097862,23.84
O006,C02224,T0017492,198.67
O012,C01765,T0055547,157.01
O011,C02368,T0098900,32.5
O016,C00463,T0012316,24.23
O012,C04115,T0058969,87.95
O019,C02981,T0066807,69.16
O015,C02242,T0079314,208.99
O018,C01714,T0075718,138.28
O004,C02102,T0013784,83.88
O002,C01635,T0043210,41.53
O008,C03166,T0001486,81.38
O020,C01610,T0070989,213.14
O019,C04331,T0043665,52.85
O009,C03068,T0049461,12.76
O007,C02788,T0036638,220.09
O011,C00018,T0038560,93.62
O007,C03252,T0070573,94.35
O004,C03577,T0072243,99.76
O004,C02867,T0066830,32.37
O020,C00882,T0066151,341.83
O007,C00993,T0085595,80.51
O016,C02725,T0085966,15.58
O005,C02066,T0040950,132.25
O018,C01612,T0015969,55.95
O018,C03039,T0095125,43.55
O020,C01098,T0070653,336.45
O001,C00433,T0019432,119.38
O015,C01297,T0021706,71.4
O017,C03230,T0054503,39.97
O003,C02175,T0014643,92.79
O018,C00138,T0021578,25.43
O003,C02319,T0081279,129.55
O010,C01432,T0042994,244.22
O009,C01021,T0035919,15.82
O005,C04310,T0051914,13.37
O016,C04084,T0000717,14.44
O014,C04103,T0048622,123.71
O015,C03698,T0029922,20.27
O018,C03746,T0062039,301.95
O013,C02570,T0017138,66.03
O016,C01551,T0034552,19.0
O020,C01891,T0064364,309.04
O019,C00462,T0072448,97.23
O004,C03827,T0036691,356.53
O004,C01338,T0026545,86.76
O012,C02199,T0056791,58.46
O006,C03797,T0032783,84.57
O001,C00763,T0017348,126.63
O009,C04201,T0057218,15.91
O014,C02516,T0061219,5.79
O019,C00641,T0022229,32.72
O006,C00997,T0043647,552.62
O013,C04404,T0005476,67.53
O018,C00055,T0019592,240.15
O012,C03204,T0002452,90.36
O007,C01845,T0027335,17.4
O009,C01484,T0016285,65.12
O018,C04334,T0025515,203.79
O019,C00072,T0070054,22.08
O005,C03114,T0025301,434.49
O019,C04830,T0077472,49.51
O018,C04378,T0075922,77.47
O007,C02630,T0079542,10.57
O009,C02954,T0032337,15.96
O010,C04940,T0009749,78.56
O009,C01480,T0021155,147.53
O009,C04778,T0060977,34.57
O001,C04563,T0072880,66.81
O003,C01173,T0093729,56.25
O014,C01670,T0057135,41.15
O017,C04095,T0070314,442.9
O013,C01641,T0054896,85.0
O002,C03758,T0065201,36.54
O016,C03292,T0060462,60.36
O012,C01995,T0041963,222.29
O018,C02618,T0061601,120.0
O005,C02643,T0012266,167.6
O014,C01261,T0082263,19.96
O002,C00825,T0020840,221.28
O018,C04309,T0071860,549.0
O013,C01114,T0020256,64.72
O012,C02103,T0074753,71.1
O019,C04266,T0085480,155.45
O004,C01930,T0004337,1569.19
O012,C02929,T0051189,462.32
O008,C01157,T0066986,997.75
O005,C03853,T0037764,91.14
O008,C03809,T0046029,86.67
O001,C03690,T0016887,280.24
O016,C02424,T0067743,4.62
O015,C04580,T0080510,106.74
O012,C03793,T0031592,107.91
O011,C03646,T0056298,157.86
O002,C04343,T0041880,170.46
O004,C01915,T0003424,127.99
O011,C02088,T0038881,41.33
O003,C01149,T0016419,952.05
O005,C02576,T0042163,93.16
O020,C01672,T0083786,126.29
O008,C03703,T0045305,30.93
O016,C00125,T0069214,19.78
O011,C02241,T0057414,103.12
O007,C04204,T0033565,56.28
O002,C03021,T0098585,95.68
O016,C04042,T0076308,25.43
O017,C00309,T0041863,104.17
O006,C01266,T0031307,425.99
O018,C01439,T0089922,387.03
O019,C00643,T0096774,25.89
O018,C03939,T0079847,71.8
O003,C01161,T0087412,405.32
O002,C00034,T0055426,46.62
O009,C04470,T0096890,44.97
O011,C03554,T0062217,71.86
O020,C02703,T0012033,63.46
O013,C00549,T0058621,33.88
O007,C00335,T0012100,39.97
O018,C02768,T0044457,61.31
O003,C03191,T0024911,57.84
O012,C00654,T0081461,67.41
O015,C04957,T0010565,21.35
O020,C01766,T0009350,25.34
O005,C02744,T0050297,102.83
O014,C03675,T0015830,10.19
O001,C01601,T0090918,213.56
O005,C00429,T0003272,201.48
O017,C00687,T0001098,208.92
O017,C02755,T0020666,112.8
O008,C04319,T0067321,1683.87
O003,C02887,T0030967,241.84
O013,C03020,T0093671,28.58
O009,C02183,T0092918,20.12
O002,C01695,T0067672,496.21
O001,C02946,T0087577,56.06
O019,C01218,T0059733,90.25
O017,C00358,T0075941,77.22
O011,C04447,T0045224,105.63
O010,C04001,T0012638,83.91
O015,C01470,T0006332,12.03
O012,C04920,T0044039,1705.17
O004,C00920,T0085379,510.73
O015,C03852,T0011743,18.45
O002,C00138,T0089472,16.25
O002,C04900,T0098161,39.74
O011,C03434,T0055977,253.35
O018,C02159,T0006630,31.84
O017,C02013,T0065369,377.27
O010,C04390,T0022572,197.48
O001,C01807,T0023471,69.85
O009,C02378,T0006885,5.36
O008,C03056,T0090294,119.45
O017,C02368,T0040425,50.45
O016,C03410,T0094183,16.67
O003,C02883,T0046639,93.51
O004,C01745,T0013909,1229.63
O016,C04059,T0006711,6.26
O013,C02525,T0018040,79.35
O020,C04881,T0051082,116.03
O009,C02899,T0006810,3.68
O014,C03539,T0056904,14.83
O011,C00823,T0052513,51.99
O004,C00470,T0037351,444.83
O015,C01524,T0038427,192.26
O003,C04062,T0054213,94.36
O011,C04157,T0072184,325.75
O001,C04303,T0023058,106.8
O007,C02514,T0063476,40.46
O002,C02569,T0028163,40.25
O008,C03582,T0012284,433.76
O012,C03593,T0016633,84.83
O018,C01512,T0037665,261.41
O002,C04661,T0096579,66.33
O020,C03864,T0023995,102.57
O018,C02900,T0044561,63.32
O005,C01334,T0024731,23.86
O020,C01624,T0008737,66.29
O002,C01408,T0080040,113.75
O020,C02418,T0025434,91.05
O002,C01694,T0052575,26.13
O015,C00056,T0015210,51.51
O012,C04327,T0007361,29.73
O010,C03188,T0002492,139.05
O003,C02204,T0011509,62.26
O009,C04044,T0038595,43.21
O006,C01624,T0059766,304.39
O020,C02528,T0088648,212.04
O018,C01714,T0014070,1441.9
O014,C02520,T0006798,6.42
O009,C01913,T0069119,6.99
O013,C01793,T0089711,46.15
O019,C01056,T0094540,41.89
O011,C04272,T0031215,73.73
O020,C04951,T0049788,73.64
O011,C00079,T0006826,584.39
O019,C03033,T0075938,22.7
O018,C00749,T0028171,228.89
O006,C00255,T0083265,176.0
O010,C02801,T0014483,84.17
O011,C03029,T0096810,118.23
O007,C01681,T0053769,82.88
O013,C01406,T0095391,27.21
O012,C04883,T0000751,249.01
O017,C01460,T0048392,99.87
O004,C00682,T0064282,102.31
O007,C04262,T0009339,125.51
O019,C01800,T0098022,50.43
O018,C04052,T0042581,15.0
O012,C02861,T0005992,87.09
O005,C00633,T0075978,130.91
O017,C00860,T0082825,549.55
O006,C02861,T0025623,100.36
O014,C00739,T0065212,19.55
O001,C04987,T0080646,50.62
O008,C00621,T0079273,95.07
O005,C03636,T0086279,68.58
O011,C03256,T0098798,116.74
O006,C02406,T0099649,144.66
O009,C04373,T0002442,18.43
O016,C04818,T0088774,47.04
O013,C03258,T0095289,12.26
O013,C02144,T0082867,44.54
O003,C01839,T0089940,733.91
O020,C01683,T0064958,50.21
O009,C03676,T0072595,30.48
O003,C01917,T0048696,64.79
O011,C04883,T0044029,83.17
O020,C01559,T0062430,101.83
O012,C00804,T0081080,41.38
O018,C00272,T0024129,170.65
O014,C04155,T0063903,26.42
O007,C02601,T0046780,108.01
O012,C00218,T0005600,19.28
O019,C04624,T0044489,30.98
O008,C00334,T0076817,43.82
O014,C01659,T0073237,17.1
O008,C00772,T0083814,186.61
O015,C04822,T0062535,85.6
O010,C00666,T0023726,44.89
O007,C04653,T0040040,37.65
O011,C01493,T0059584,36.77
O006,C04391,T0000837,637.35
O001,C04590,T0094275,108.15
O012,C04258,T0097684,311.96
O020,C01219,T0085550,331.63
O008,C02509,T0024698,10.13
O002,C02386,T0010362,29.08
O005,C02594,T0041994,283.95
O009,C00352,T0010668,115.57
O018,C01274,T0076401,84.24
O011,C03973,T0095506,26.76
O003,C01142,T0083517,24.62
O011,C00299,T0018758,144.26
O011,C04941,T0088902,408.88
O011,C01243,T0045095,142.35
O013,C02716,T0003519,114.66
O003,C04411,T0046863,35.35
O006,C01667,T0078622,143.18
O005,C04945,T0043648,91.36
O017,C04902,T0042013,80.41
O006,C01045,T0022171,58.51
O006,C02418,T0033372,332.72
O007,C04750,T0059742,31.61
O001,C00662,T0041736,257.06
O001,C01589,T0040344,278.87
O006,C02043,T0079242,160.33
O002,C02281,T0054254,31.37
O016,C04239,T0016738,67.9
O016,C02830,T0094461,46.64
O004,C04863,T0004319,55.8
O001,C02251,T0051831,48.26
O015,C02538,T0065160,66.28
O012,C03433,T0009371,216.58
O005,C04098,T0031287,145.15
O010,C04618,T0001794,397.97
O014,C00082,T0044133,8.83
O004,C01997,T0099679,8.91
O019,C03646,T0059833,46.9
O019,C00258,T0076269,41.07
O011,C01130,T0074168,289.08
O018,C03810,T0048404,119.95
O012,C04060,T0000945,103.94
O009,C03463,T0032037,109.5
O017,C00666,T0046003,126.9
O016,C02057,T0098094,66.34
O019,C04456,T0004456,75.04
O008,C03924,T0012701,424.64
O019,C03376,T0034692,15.93
O010,C01638,T0087902,52.72
O001,C02497,T0047316,33.58
O001,C03004,T0029828,82.73
O014,C03228,T0022232,13.44
O009,C03737,T0034685,84.97
O018,C04579,T0045971,21.21
O015,C02698,T0048212,161.67
O010,C02634,T0000937,54.89
O005,C04250,T0063739,106.6
O020,C00611,T0066593,100.22
O015,C00654,T0027959,29.77
O012,C04407,T0053091,98.54
O001,C04319,T0084001,107.21
O015,C02835,T0071385,18.5
O020,C02536,T0004546,112.48
O002,C04113,T0063840,14.34
O017,C04851,T0030365,209.15
O018,C02246,T0043717,32.18
O004,C01920,T0028019,172.87
O001,C03461,T0061288,224.87
O018,C02480,T0068015,52.5
O008,C03126,T0008785,153.51
O004,C02033,T0016007,52.39
O005,C02380,T0048166,865.73
O003,C01283,T0085386,289.4
O002,C00294,T0079318,389.39
O018,C04923,T0079640,54.32
O002,C01582,T0006069,101.01
O004,C03307,T0079559,182.53
O018,C03999,T0094330,59.91
O014,C01193,T0085159,18.22
O015,C03009,T0079315,34.42
O007,C03280,T0034486,145.4
O013,C02233,T0061297,32.78
O009,C01467,T0077705,14.92
O016,C00363,T0061818,35.69
O011,C00993,T0040965,930.84
O010,C03989,T0075497,342.42
O012,C04402,T0009128,24.6
O018,C04877,T0033935,59.21
O015,C04969,T0042199,26.81
O001,C01241,T0009295,118.16
O009,C02418,T0054998,12.59
O002,C01055,T0052626,11.86
O020,C02069,T0005348,109.79
O012,C00964,T0030960,530.68
O010,C02955,T0054591,78.26
O012,C00523,T0052936,82.1
O019,C04043,T0015793,142.53
O019,C02152,T0029010,514.08
O006,C00458,T0025812,240.48
O013,C02308,T0079667,21.56
O016,C01564,T0063475,24.16
O018,C02674,T0067025,79.69
O010,C01343,T0041592,293.88
O007,C00922,T0087253,66.93
O016,C03188,T0017517,8.95
O015,C00294,T0067135,155.45
O005,C00766,T0030522,110.51
O013,C04777,T0082117,47.83
O006,C02799,T0026468,70.47
O007,C01052,T0026510,20.95
O013,C03867,T0021398,28.03
O005,C01676,T0099559,200.62
O018,C02782,T0029222,1005.95
O015,C03540,T0099993,36.83
O016,C04903,T0018542,23.28
O001,C03535,T0048702,185.0
O012,C01054,T0097269,131.4
O016,C00743,T0067014,9.33
O018,C04082,T0056054,166.43
O001,C01767,T0053176,30.37
O015,C04724,T0064518,58.63
O003,C03671,T0033937,86.6
O006,C02599,T0046555,408.0
O015,C01040,T0077648,117.05
O016,C04160,T0038494,17.41
O012,C02368,T0036257,60.68
O008,C01303,T0000454,56.43
O011,C02171,T0039928,72.97
O006,C01190,T0001669,275.67
O020,C03118,T0075134,65.65
O006,C00855,T0031264,340.38
O011,C01834,T0013836,44.72
O002,C00158,T0061441,85.22
O007,C02294,T0078579,45.42
O017,C00086,T0032185,247.46
O001,C03485,T0031637,109.19
O018,C02660,T0017853,131.83
O017,C00059,T0037590,713.02
O020,C00232,T0013204,45.66
O007,C00437,T0038254,96.46
O011,C01273,T0059848,89.44
O010,C02086,T0021111,245.62
O012,C00110,T0048372,63.2
O010,C04988,T0080177,42.89
O010,C01378,T0059272,45.23
O002,C02028,T0083106,33.88
O016,C04570,T0065291,5.72
O009,C01853,T0069383,15.02
O004,C04249,T0083229,45.07
O009,C02801,T0070428,46.89
O006,C03385,T0099763,123.34
O010,C00321,T0097111,166.08
O003,C00425,T0080369,370.1
O011,C04500,T0059274,207.85
O017,C00558,T0045304,141.09
O019,C01104,T0097478,54.32
O006,C04809,T0093058,60.94
O010,C03019,T0018500,1631.71
O012,C04530,T0018778,120.67
O013,C00206,T0033026,200.9
O006,C01633,T0091675,102.26
O001,C02104,T0043991,137.27
O012,C03713,T0027782,48.33
O014,C03933,T0063210,25.09
O018,C02368,T0071597,598.87
O020,C01778,T0010363,45.89
O015,C00231,T0077207,44.79
O019,C03727,T0089992,71.35
O016,C03139,T0098531,11.75
O007,C00228,T0015720,20.76
O015,C00274,T0098204,52.2
O014,C01234,T0014985,15.99
O002,C01161,T0062770,31.47
O004,C01459,T0070055,285.68
O014,C00431,T0031761,11.7
O011,C04773,T0039635,2750.78
O002,C04843,T0021566,30.39
O015,C01855,T0027368,23.0
O011,C00556,T0017529,154.74
O011,C03706,T0001550,86.63
O010,C03297,T0039450,80.13
O002,C00068,T0092835,20.43
O014,C02656,T0017196,8.14
O014,C02720,T0086464,9.77
O018,C04644,T0068090,393.18
O014,C04747,T0047068,75.55
O017,C03094,T0095337,31.43
O003,C01807,T0066011,27.07
O003,C02194,T0042462,1218.78
O018,C00289,T0033933,41.7
O020,C03960,T0033018,55.38
O006,C04165,T0011542,77.65
O008,C02954,T0028539,75.27
O012,C00820,T0075285,31.9
O010,C04341,T0027886,18.79
O013,C03992,T0049591,37.15
O012,C01295,T0067276,121.5
O015,C01296,T0048157,47.91
O001,C02975,T0087492,246.53
O001,C02552,T0037580,80.78
O012,C00167,T0006163,469.69
O013,C00361,T0079967,13.36
O015,C01214,T0089738,10.84
O018,C00331,T0006376,22.35
O010,C04095,T0057531,123.07
O016,C03783,T0039986,50.97
O015,C02723,T0093823,81.68
O009,C04441,T0067736,9.99
O006,C04188,T0094881,72.08
O008,C02580,T0090618,250.15
O012,C02670,T0093545,111.79
O003,C01305,T0008047,480.34
O019,C01580,T0036940,110.24
O001,C02126,T0057603,227.52
O007,C00552,T0028481,11.92
O019,C02479,T0037015,17.79
O011,C03109,T0072815,162.0
O008,C01946,T0027514,116.38
O014,C04354,T0027325,192.71
O016,C01601,T0077535,14.41
O009,C03518,T0079695,63.01
O010,C01466,T0035830,58.8
O007,C04986,T0099143,42.05
O015,C03040,T0010545,168.17
O006,C02250,T0075468,76.03
O017,C03250,T0073726,35.78
O006,C02951,T0089315,175.44
O014,C04257,T0040476,3.55
O004,C00833,T0037663,340.53
O013,C04038,T0060646,48.1
O012,C00790,T0061905,206.66
O007,C01808,T0012407,87.47
O006,C03027,T0024672,115.66
O012,C01634,T0080363,38.16
O001,C01643,T0054921,258.57
O009,C02816,T0075539,30.19
O005,C03570,T0088360,216.85
O012,C03223,T0052969,207.38
O006,C01769,T0059289,60.66
O011,C04317,T0099148,289.89
O007,C01374,T0011097,10.31
O018,C01979,T0013072,66.52
O013,C03264,T0012619,58.81
O017,C00038,T0088912,109.33
O004,C04539,T0074710,146.25
O005,C01905,T0033606,221.35
O003,C00032,T0031205,110.38
O007,C02822,T0038810,57.31
O013,C02168,T0037421,45.21
O015,C00226,T0075060,23.23
O011,C03568,T0098143,60.04
O006,C02416,T0023431,691.45
O007,C01460,T0013706,38.33
O018,C02658,T0075308,27.29
O002,C04048,T0024749,5.74
O013,C04530,T0059037,197.22
O019,C04775,T0074139,190.7
O018,C03657,T0074569,196.7
O002,C00449,T0012005,59.55
O003,C00631,T0068283,34.67
O004,C01108,T0046317,218.88
O010,C04919,T0021490,127.8
O009,C03334,T0005776,42.35
O005,C01596,T0089565,100.58
O007,C03633,T0034444,143.09
O017,C02999,T0062614,198.72
O014,C00927,T0023109,86.7
O016,C03616,T0055809,75.88
O005,C04215,T0014488,230.07
O014,C00001,T0044904,21.03
O002,C00592,T0045990,92.29
O014,C03162,T0040449,16.19
O016,C03361,T0040695,4.12
O005,C01533,T0064612,78.98
O006,C01624,T0050335,58.47
O019,C00036,T0014992,158.2
O014,C00034,T0091438,51.55
O019,C03167,T0096066,22.21
O016,C02597,T0006524,43.02
O007,C00485,T0061446,84.0
O018,C01800,T0019188,70.52
O011,C03450,T0010479,261.28
O007,C01099,T0019880,12.96
O001,C00464,T0090780,102.93
O007,C02140,T0019619,33.69
O012,C03767,T0063222,
O008,C01209,T0092905,398.97
O008,C03295,T0026299,78.06
O006,C02422,T0006024,306.03
O017,C03319,T0056542,188.7
O010,C04075,T0022665,145.9
O010,C01989,T0064536,1021.48
O019,C04153,T0076718,214.59
O015,C02101,T0037299,25.35
O008,C01487,T0000626,19.9
O013,C00037,T0011384,110.75
O010,C01958,T0023688,154.2
O006,C03397,T0071556,189.77
O008,C02229,T0018254,255.6
O009,C01883,T0037955,11.83
O018,C03369,T0097616,43.83
O016,C01437,T0035879,15.27
O004,C01954,T0025401,56.39
O006,C00364,T0017788,34.49
O007,C00838,T0042814,89.95
O010,C02031,T0046985,176.0
O010,C02802,T0021650,82.87
O019,C02416,T0073235,176.78
O006,C03871,T0032625,37.27
O017,C02198,T0051299,729.54
O007,C02632,T0093305,5.98
O002,C03842,T0001332,693.26
O020,C02799,T0089598,329.79
O018,C02783,T0077930,267.43
O007,C04526,T0049210,8.13
O011,C01452,T0012115,31.08
O020,C01719,T0017067,1105.17
O019,C04566,T0084347,29.61
O012,C04248,T0083453,181.15
O005,C01639,T0058336,574.46
O003,C00822,T0070551,63.48
O009,C03703,T0086876,2.54
O020,C04975,T0010748,47.64
O015,C00951,T0008236,23.81
O014,C02316,T0014513,47.25
O010,C04600,T0039423,56.11
O018,C02346,T0020734,60.52
O009,C01260,T0021938,40.09
O016,C04535,T0018450,286.83
O003,C03215,T0030909,33.43
O011,C03239,T0040997,39.84
O005,C03568,T0035918,1078.13
O016,C02737,T0035811,89.01
O006,C03356,T0069832,32.16
O015,C02632,T0049647,201.86
O020,C04788,T0074545,48.55
O014,C03905,T0084728,19.83
O008,C01806,T0052708,66.87
O005,C01746,T0087915,98.24
O014,C00197,T0039726,101.48
O004,C00101,T0064122,347.75
O005,C02604,T0056300,71.56
O004,C00035,T0053784,52.25
O003,C04717,T0011528,391.22
O007,C00956,T0063214,42.85
O008,C01145,T0021014,22.1
O005,C01418,T0085593,153.99
O002,C04499,T0063572,638.74
O003,C03172,T0078064,41.3
O004,C04976,T0040044,524.36
O020,C04748,T0043980,85.07
O014,C04908,T0078970,9.12
O010,C02125,T0091481,107.37
O003,C01647,T0053675,68.13
O012,C04205,T0029910,109.07
O009,C00831,T0080577,189.16
O005,C02498,T0075670,132.64
O014,C01623,T0092919,8.19
O007,C01919,T0041432,139.44
O002,C03516,T0063653,40.68
O002,C01711,T0052558,18.8
O002,C00578,T0090299,46.58
O006,C04045,T0014971,845.99
O005,C01541,T0037910,49.62
O010,C04907,T0087753,58.31
O014,C04089,T0060107,284.29
O009,C04098,T0045606,46.99
O017,C02136,T0051215,81.73
O017,C02957,T0067322,869.93
O020,C02537,T0074114,258.96
O011,C03093,T0003506,21.75
O010,C01630,T0022485,24.49
O009,C02473,T0038440,4.75
O004,C02383,T0035827,47.08
O009,C02351,T0066384,13.99
O007,C02917,T0020788,12.89
O001,C03870,T0096008,145.56
O005,C01668,T0094638,24.22
O012,C02206,T0046892,52.68
O020,C00234,T0028320,50.06
O014,C00570,T0078328,6.46
O006,C00519,T0055163,17.38
O002,C03758,T0007566,77.49
O011,C03565,T0097703,60.22
O015,C00111,T0090263,55.09
O016,C04537,T0007771,14.6
O020,C01978,T0085729,77.61
O002,C00449,T0026859,244.56
O001,C02649,T0077676,63.98
O017,C04692,T0053650,182.5
O017,C02067,T0054107,134.47
O006,C01350,T0059268,67.21
O010,C01277,T0025551,16.63
O008,C04982,T0023363,116.9
O010,C03392,T0041343,297.68
O018,C02853,T0009157,85.84
O018,C02480,T0067021,62.29
O020,C04894,T0099194,32.44
O011,C03068,T0012740,374.07
O006,C04206,T0078342,1024.74
O011,C01454,T0087764,71.29
O019,C01364,T0041052,86.74
O002,C03857,T0060143,37.96
O014,C03257,T0012466,73.02
O004,C00665,T0087606,327.99
O008,C00562,T0028678,201.99
O011,C00769,T0077622,524.25
O006,C02481,T0049633,324.14
O001,C00349,T0091153,70.42
O015,C02019,T0099100,102.3
O010,C03052,T0061175,140.84
O013,C01457,T0050862,40.45
O008,C00723,T0065662,62.69
O002,C02952,T0088934,32.56
O004,C00679,T0052423,410.6
O001,C01672,T0091968,138.91
O005,C00222,T0027349,530.35
O002,C01371,T0063336,24.49
O002,C03486,T0036392,48.47
O001,C01205,T0011360,228.1
O012,C03804,T0079982,48.57
O002,C04572,T0098211,73.85
O011,C04534,T0085699,3030.31
O003,C03199,T0045635,50.59
O007,C00887,T0004492,58.45
O011,C03029,T0078326,45.44
O020,C02080,T0067166,170.05
O019,C01615,T0086612,52.31
O018,C03536,T0062194,114.95
O015,C00120,T0004328,102.81
O018,C00478,T0052290,42.13
O004,C03128,T0001437,70.1
O018,C00517,T0004879,92.77
O007,C02844,T0000696,35.92
O013,C00988,T0065389,33.12
O012,C04446,T0080517,408.76
O019,C01357,T0039430,40.36
O008,C01339,T0006937,117.93
O003,C02495,T0037535,65.7
O019,C03200,T0038113,38.8
O018,C03067,T0089954,175.32
O004,C02775,T0050982,105.18
O007,C01645,T0019828,96.66
O012,C04888,T0044694,102.46
O012,C01027,T0044813,48.69
O012,C03730,T0094497,69.28
O014,C01498,T0054566,13.43
O013,C00653,T0044816,84.02
O004,C03093,T0069437,49.48
O014,C02774,T0051125,14.59
O009,C02229,T0027426,38.82
O008,C01594,T0007201,89.52
O016,C04067,T0006124,17.36
O017,C03092,T0039679,295.06
O016,C04476,T0093498,30.52
O014,C01279,T0038059,11.12
O016,C02172,T0078538,52.98
O004,C03547,T0034893,35.02
O014,C00749,T0073970,62.37
O019,C04041,T0098508,71.43
O011,C01209,T0018965,1883.29
O017,C00769,T0080471,346.76
O013,C02597,T0035475,51.04
O020,C00398,T0078043,82.58
O009,C01312,T0022734,10.57
O018,C03874,T0047466,17.53
O018,C01781,T0040446,97.65
O003,C01240,T0097252,161.49
O019,C02431,T0054306,85.36
O019,C02828,T0044485,56.09
O011,C03558,T0059443,231.84
O017,C00708,T0087785,99.81
O007,C00101,T0090422,37.19
O011,C03067,T0039657,136.97
O001,C01305,T0057635,527.53
O013,C00294,T0076751,146.53
O011,C03035,T0068372,22.54
O020,C00171,T0016886,367.35
O014,C03112,T0057849,20.99
O015,C03021,T0078186,155.71
O012,C03948,T0025365,176.35
O014,C02790,T0099241,31.57
O017,C00184,T0082352,57.12
O020,C01195,T0021627,27.7
O012,C00158,T0036245,70.55
O016,C01162,T0053245,14.31
O008,C00221,T0077074,79.18
O014,C03333,T0087939,107.56
O011,C02276,T0059002,44.47
O011,C01196,T0062470,16.71
O006,C03379,T0022288,111.98
O011,C04211,T0044915,62.57
O002,C02573,T0026534,160.1
O017,C01904,T0082211,121.28
O010,C01232,T0068892,149.6
O019,C04490,T0020328,28.99
O016,C01297,T0015871,77.42
O018,C04306,T0046665,212.98
O012,C03773,T0081117,104.73
O018,C00169,T0003604,91.09
O011,C01228,T0084961,17.09
O001,C02532,T0075055,83.29
O008,C01745,T0093817,145.63
O003,C04121,T0010874,45.71
O005,C03572,T0041996,319.39
O004,C02519,T0087403,104.04
O012,C04797,T0087103,112.75
O013,C02687,T0063311,43.77
O006,C04081,T0094830,45.55
O013,C00208,T0017967,73.32
O008,C02606,T0098014,346.18
O014,C03652,T0088279,11.17
O011,C01186,T0048902,225.8
O020,C00033,T0057678,70.32
O011,C01818,T0062743,100.66
O011,C04849,T0018220,127.94
O001,C03909,T0058399,168.03
O004,C00746,T0002886,493.78
O020,C00687,T0039309,7.54
O010,C04002,T0060895,192.09
O002,C01215,T0067279,62.79
O019,C02692,T0066654,62.43
O015,C03486,T0033033,31.71
O011,C00255,T0057737,70.11
O014,C02473,T0046550,36.01
O011,C03305,T0060019,241.81
O016,C00261,T0078549,21.18
O006,C04278,T0070062,23.74
O003,C04883,T0055115,69.76
O010,C04893,T0074247,569.9
O007,C00225,T0024650,40.29
O012,C04178,T0019856,148.5
O014,C01159,T0077420,360.55
O008,C00621,T0041531,48.88
O006,C02161,T0050042,248.12
O016,C03877,T0002399,26.33
O019,C03644,T0001918,31.61
O003,C02467,T0070963,185.39
O004,C03007,T0079956,83.38
O007,C01001,T0067077,533.34
O015,C03157,T0099867,17.46
O007,C00709,T0097729,43.13
O013,C01159,T0096602,149.66
O006,C00659,T0036448,50.28
O008,C01576,T0012517,362.41
O005,C02776,T0047174,128.86
O006,C00054,T0046221,227.01
O014,C00017,T0031624,23.05
O019,C03780,T0070414,15.63
O005,C04783,T0011757,10.61
O018,C01756,T0034941,93.66
O017,C03902,T0047634,121.82
O017,C00864,T0010580,167.79
O001,C04666,T0003209,46.37
O008,C01662,T0066271,90.04
O006,C00409,T0027673,26.43
O004,C01070,T0034150,64.19
O002,C02289,T0033828,105.0
O006,C04737,T0024872,250.86
O003,C02480,T0044372,35.76
O013,C04541,T0077567,138.88
O011,C02039,T0001777,67.55
O019,C05000,T0049167,78.55
O016,C04600,T0066561,29.72
O020,C03679,T0095388,39.4
O002,C02264,T0062201,23.88
O005,C02748,T0088529,47.68
O007,C03645,T0008827,19.23
O015,C02886,T0092511,47.52
O017,C00946,T0045549,31.82
O005,C00167,T0083269,45.8
O015,C02094,T0012402,19.23
O004,C01411,T0090574,120.63
O003,C01275,T0005687,22.85
O013,C00298,T0080165,63.15
O014,C04390,T0036033,12.69
O001,C00238,T0085013,168.45
O010,C03431,T0026280,96.79
O006,C01902,T0024701,99.17
O018,C00732,T0051723,29.77
O015,C01184,T0043956,300.35
O002,C01959,T0046116,42.21
O014,C04653,T0026251,4.83
O001,C00834,T0038344,143.76
O019,C02224,T0036366,43.86
O018,C04422,T0009084,34.69
O009,C03997,T0029859,28.03
O014,C03242,T0047225,134.21
O018,C01216,T0034397,65.56
O010,C01282,T0098492,143.94
O016,C03458,T0067452,52.25
O015,C01410,T0036552,11.3
O010,C02861,T0073288,356.96
O020,C04612,T0077033,94.95
O001,C02315,T0035962,139.93
O016,C01143,T0041169,86.95
O018,C00220,T0025410,105.57
O001,C02342,T0052592,226.49
O013,C01285,T0035910,21.26
O008,C02409,T0030469,225.42
O001,C00316,T0005790,63.31
O017,C03205,T0086198,114.16
O010,C02740,T0027490,247.62
O009,C01044,T0074460,7.44
O017,C02339,T0046161,33.77
O009,C03872,T0035991,21.4
O020,C03889,T0016733,135.89
O013,C03591,T0048875,32.58
O001,C03123,T0038822,143.61
O007,C01999,T0007334,86.95
O003,C00879,T0031899,82.9
O005,C02811,T0042661,64.74
O009,C00718,T0014757,35.51
O017,C02052,T0052118,98.98
O010,C00119,T0005214,87.82
O018,C02797,T0070694,164.47
O009,C02729,T0050114,3.18
O009,C00764,T0067121,17.4
O006,C00460,T0008205,80.99
O001,C01518,T0011408,482.79
O015,C04481,T0080672,33.94
O005,C01255,T0022915,113.52
O006,C00343,T0063004,335.37
O020,C02255,T0020252,49.82
O015,C01599,T0011301,114.97
O012,C03515,T0069774,138.08
O014,C01471,T0002465,33.18
O007,C04056,T0035672,32.26
O011,C04767,T0093342,3038.53
O007,C04345,T0068895,295.08
O003,C04608,T0077655,110.86
O005,C00355,T0010928,294.6
O008,C04104,T0032867,122.24
O018,C01200,T0024085,38.32
O013,C03262,T0056625,45.8
O009,C00307,T0002080,36.98
O007,C03182,T0054742,10.98
O008,C04374,T0025061,430.4
O008,C01450,T0017461,838.35
O010,C03466,T0098421,24.42
O020,C01510,T0019228,109.08
O010,C03789,T0015499,55.8
O020,C02089,T0073000,96.6
O018,C03524,T0088199,52.88
O007,C00359,T0010423,100.66
O004,C04694,T0044425,207.56
O013,C00946,T0081498,10.48
O015,C02513,T0028312,36.86
O006,C02552,T0062780,35.15
O010,C01142,T0047582,40.68
O018,C02319,T0079174,160.51
O020,C04321,T0025955,108.75
O011,C01983,T0026672,81.49
O019,C03361,T0040415,51.8
O015,C02163,T0023250,23.52
O004,C00661,T0090103,202.91
O018,C04624,T0091064,78.14
O001,C02067,T0041773,28.4
O020,C03432,T0015756,321.11
O005,C04661,T0060232,67.83
O006,C04553,T0067732,112.17
O005,C00062,T0027416,46.55
O018,C03869,T0068097,55.66
O018,C03180,T0056366,38.21
O017,C01575,T0064457,385.22
O017,C04280,T0075210,111.82
O009,C01873,T0031628,17.57
O013,C01051,T0033986,31.65
O002,C00498,T0040114,135.98
O010,C03806,T0002957,282.35
O013,C04229,T0045750,84.14
O006,C01144,T0047026,32.15
O001,C04731,T0055192,759.15
O015,C00138,T0087808,43.86
O014,C04076,T0063854,17.81
O005,C04947,T0070280,275.87
O018,C03033,T0075242,32.69
O012,C01372,T0054806,100.55
O001,C03813,T0087731,92.12
O018,C04334,T0052063,28.37
O001,C00300,T0059564,369.72
O005,C01913,T0098023,197.21
O013,C02904,T0029450,86.85
O009,C02021,T0084196,6.91
O013,C02704,T0022834,45.91
O015,C01077,T0025662,24.01
O002,C00755,T0081407,258.12
O014,C03866,T0097520,22.01
O010,C01343,T0054249,140.13
O019,C02909,T0022001,47.69
O008,C01465,T0047289,172.18
O016,C02300,T0074423,12.93
O010,C03592,T0005480,79.59
O013,C01898,T0035291,98.86
O016,C03016,T0072117,19.63
O017,C02785,T0093222,336.12
O020,C02303,T0010754,49.13
O015,C03681,T0057477,17.45
O011,C00411,T0034852,542.83
O004,C00401,T0054827,70.02
O014,C03029,T0092632,4.63
O008,C00225,T0025534,92.56
O004,C01134,T0002543,150.35
O007,C02175,T0035519,8.87
O006,C00994,T0048419,131.02
O018,C04505,T0004276,197.8
O012,C04865,T0066974,42.46
O005,C03022,T0057431,60.01
O001,C01116,T0040008,74.3
O008,C00774,T0093954,131.89
O014,C00598,T0023477,29.57
O012,C03378,T0013967,368.49
O003,C01937,T0083268,94.74
O014,C02305,T0003304,189.45
O010,C04887,T0029142,82.77
O005,C04547,T0096696,88.61
O013,C01128,T0094605,51.22
O006,C04862,T0000908,119.41
O013,C03528,T0035603,48.23
O009,C04230,T0082265,17.3
O003,C01201,T0007364,117.69
O017,C01320,T0013676,45.26
O005,C01793,T0073531,108.97
O002,C03204,T0090941,100.37
O005,C02862,T0049011,45.37
O017,C04140,T0063312,1258.75
O001,C02203,T0035410,112.99
O011,C00784,T0072275,59.01
O014,C02947,T0007844,5.27
O020,C01349,T0088743,205.76
O011,C00838,T0063710,857.14
O002,C02952,T0043034,102.14
O002,C01980,T0073896,179.21
O018,C02073,T0067986,214.02
O008,C02752,T0062295,187.84
O016,C00693,T0094454,139.79
O011,C02604,T0081865,112.64
O019,C03119,T0061605,18.24
O012,C04320,T0091746,76.12
O015,C00386,T0029284,80.42
O018,C04794,T0073812,110.49
O008,C03353,T0003118,125.42
O003,C01884,T0001680,96.14
O018,C04902,T0019172,-0.12
O012,C03297,T0047132,141.83
O015,C00091,T0015839,78.15
O015,C04795,T0082877,113.02
O004,C01221,T0066494,137.72
O019,C00564,T0059598,29.71
O006,C01778,T0016370,1383.43
O004,C03500,T0030426,334.22
O013,C03760,T0050986,8.44
O002,C01370,T0082028,60.09
O012,C04881,T0026213,107.89
O010,C00710,T0021767,27.38
O017,C00349,T0006443,104.31
O005,C04488,T0033688,655.05
O016,C02895,T0054523,17.63
O016,C03091,T0039421,26.98
O015,C02586,T0086945,40.39
O016,C00760,T0088925,41.83
O017,C02092,T0020576,170.79
O020,C01381,T0021067,76.71
O010,C01040,T0022584,175.41
O016,C00230,T0019761,25.81
O003,C03622,T0089903,231.05
O017,C00813,T0067835,395.33
O007,C00108,T0030548,96.41
O007,C03833,T0016396,27.65
O018,C04366,T0055310,23.99
O001,C01908,T0046460,39.6
O019,C03386,T0040798,52.68
O011,C02364,T0093535,548.68
O002,C00273,T0038419,80.35
O014,C04744,T0032997,27.31
O017,C04092,T0020243,250.02
O006,C04064,T0064762,89.6
O008,C00745,T0059310,218.56
O010,C01828,T0062706,581.48
O007,C00205,T0061498,15.22
O004,C03362,T0042237,43.06
O016,C03269,T0093386,19.46
O010,C00772,T0089151,123.81
O005,C02830,T0043438,196.3
O004,C00941,T0017418,47.36
O001,C04898,T0032602,78.39
O005,C02200,T0048562,112.48
O019,C04043,T0009882,24.42
O020,C01699,T0098934,38.6
O004,C01927,T0025519,93.3
O009,C02239,T0086633,8.57
O003,C00336,T0054517,41.91
O002,C00966,T0025920,29.13
O014,C04771,T0007306,375.42
O003,C04116,T0094211,53.73
O015,C01609,T0017561,60.78
O017,C03278,T0008209,89.68
O011,C03501,T0057541,103.65
O009,C01496,T0087718,6.72
O013,C01698,T0042463,56.35
O007,C01646,T0013949,21.69
O014,C01498,T0005422,116.11
O007,C01935,T0042099,76.19
O016,C02346,T0080616,41.71
O002,C03706,T0058316,27.7
O006,C00538,T0026741,82.39
O009,C02565,T0098057,4.18
O019,C01488,T0023732,17.48
O009,C04421,T0019587,22.19
O005,C00109,T0034854,35.52
O001,C02856,T0098958,401.7
O007,C01299,T0076758,-0.05
O017,C03910,T0096363,54.71
O007,C01290,T0065437,22.76
O019,C03955,T0055864,73.44
O001,C03028,T0037021,54.34
O001,C02330,T0097304,115.44
O011,C02521,T0035769,76.9
O020,C01825,T0004549,183.83
O016,C00155,T0034338,7.95
O003,C04840,T0002664,31.12
O011,C04480,T0013739,111.89
O011,C00834,T0080986,487.29
O006,C01276,T0054755,357.17
O005,C04571,T0034767,175.66
O007,C03041,T0063497,6.98
O018,C03339,T0013189,49.43
O003,C01559,T0006797,64.11
O020,C04761,T0068676,92.56
O010,C03675,T0016575,138.46
O017,C00362,T0053390,75.18
O016,C00008,T0034022,7.76
O011,C04504,T0081962,68.9
O020,C00636,T0062314,70.06
O014,C04897,T0062762,11.24
O013,C04866,T0089720,20.36
O001,C02414,T0018275,70.19
O013,C03611,T0005729,47.27
O018,C01502,T0037536,53.41
O009,C02750,T0087212,19.63
O019,C03515,T0069430,77.65
O003,C04291,T0005429,35.22
O012,C03819,T0072476,42.34
O009,C04472,T0086928,7.7
O009,C02153,T0088185,16.18
O013,C03407,T0055010,52.78
O010,C03676,T0098354,158.16
O001,C01269,T0055728,60.12
O010,C00775,T0092985,72.52
O020,C04863,T0046164,29.08
O020,C02287,T0027042,290.05
O019,C01490,T0036773,69.27
O001,C03760,T0095502,92.36
O010,C04045,T0020865,102.02
O004,C01916,T0057462,251.13
O013,C04894,T0023975,75.61
O015,C02860,T0066497,104.11
O005,C03412,T0069990,127.36
O003,C03728,T0041587,64.32
O011,C03491,T0002350,99.56
O003,C04725,T0019632,111.45
O017,C02985,T0012465,111.95
O012,C04493,T0054477,71.53
O016,C01950,T0084279,7.06
O006,C00044,T0066560,135.77
O015,C00528,T0002505,35.29
O009,C02377,T0040734,23.68
O007,C04951,T0080463,17.75
O015,C00685,T0047959,19.92
O013,C04563,T0097161,96.08
O017,C02226,T0042340,34.84
O006,C01784,T0004509,138.48
O013,C00736,T0046716,220.31
O011,C04720,T0023290,202.09
O012,C01910,T0026910,394.67
O012,C03508,T0066845,78.51
O008,C03174,T0032202,72.28
O006,C04885,T0087002,175.97
O004,C01762,T0094622,83.32
O005,C02853,T0029518,364.92
O015,C00689,T0061726,27.2
O016,C01672,T0071275,16.13
O018,C02928,T0064118,34.87
O008,C04853,T0075866,28.25
O004,C01481,T0026060,105.79
O003,C01844,T0090386,42.69
O009,C01054,T0042085,44.02
O013,C01615,T0099398,37.43
O001,C01005,T0062797,168.49
O009,C04695,T0002786,17.49
O016,C01427,T0003842,8.38
O014,C04199,T0081806,146.12
O011,C02600,T0060116,79.04
O011,C04397,T0047085,3130.99
O013,C03595,T0039819,15.98
O007,C00234,T0073708,10.79
O008,C02709,T0063602,106.88
O005,C03214,T0037970,71.88
O002,C01665,T0015853,95.18
O017,C01558,T0024052,103.77
O010,C02920,T0031230,42.97
O018,C01125,T0079071,418.91
O014,C04758,T0071195,32.47
O012,C04096,T0088952,231.8
O014,C01554,T0059077,40.08
O015,C04228,T0004768,19.59
O004,C01665,T0096375,61.42
O017,C00791,T0098849,60.56
O016,C04284,T0024036,10.48
O007,C01470,T0028075,195.27
O013,C01929,T0035924,9.08
O011,C00834,T0009661,88.48
O006,C00618,T0003403,422.33
O005,C01399,T0086939,74.45
O010,C04341,T0002945,176.92
O015,C00892,T0034031,99.16
O016,C01750,T0093963,335.0
O013,C03865,T0024004,54.31
O014,C01900,T0062479,5.77
O014,C00923,T0031470,404.36
O003,C03823,T0062944,16.43
O002,C04775,T0029664,9.43
O010,C04265,T0032828,145.51
O009,C03539,T0085423,19.43
O007,C01828,T0034249,107.8
O010,C00852,T0051118,135.63
O019,C03374,T0066444,28.53
O020,C03923,T0000135,83.08
O017,C01009,T0003231,172.06
O007,C03453,T0038572,352.28
O002,C02011,T0022293,121.29
O002,C01006,T0036643,35.14
O001,C04527,T0032706,37.73
O003,C02419,T0055724,33.68
O012,C03843,T0069674,58.56
O006,C01183,T0072323,87.66
O014,C00902,T0057140,24.57
O002,C01934,T0002900,19.7
O002,C01882,T0061349,151.47
O006,C01822,T0009625,19.14
O013,C04624,T0028780,75.93
O012,C04226,T0003370,238.68
O006,C03191,T0066595,91.84
O003,C00609,T0070497,125.97
O004,C04867,T0008619,171.25
O006,C00211,T0055145,45.63
O003,C03234,T0068731,81.58
O003,C00836,T0052974,53.14
O015,C01806,T0038223,40.87
O004,C02824,T0005406,107.37
O004,C03782,T0023678,131.65
O013,C03363,T0020925,28.55
O002,C04354,T0039649,33.06
O010,C03770,T0025654,707.08
O006,C01905,T0036621,207.91
O020,C01299,T0030546,40.37
O003,C02993,T0025167,78.31
O007,C04580,T0036238,37.04
O014,C04846,T0085655,89.48
O009,C03476,T0047945,6.87
O002,C02520,T0066662,61.41
O019,C00201,T0061476,80.93
O019,C02911,T0042683,52.98
O010,C02010,T0032158,78.72
O019,C03669,T0045161,956.83
O011,C02338,T0086186,131.94
O016,C03540,T0034161,68.74
O010,C01624,T0034483,66.99
O020,C03989,T0012960,27.26
O006,C01203,T0001463,142.07
O017,C02972,T0068420,101.59
O002,C03923,T0033292,31.31
O015,C02633,T0070394,167.98
O006,C04330,T0012547,357.72
O002,C02398,T0021962,31.21
O008,C04378,T0073117,498.63
O020,C02337,T0013515,68.88
O019,C01025,T0013830,82.41
O015,C04405,T0056422,53.92
O008,C00515,T0070739,76.87
O014,C01861,T0073114,56.75
O014,C04924,T0095333,17.44
O009,C02621,T0081020,13.36
O012,C00501,T0029111,61.55
O003,C02641,T0024589,71.26
O001,C04028,T0006661,47.44
O003,C01980,T0067457,70.67
O012,C00642,T0066492,142.49
O019,C01942,T0016800,55.69
O016,C01452,T0095779,67.71
O007,C00747,T0063354,18.34
O002,C03401,T0015383,26.1
O018,C00519,T0022154,542.15
O001,C01381,T0048426,233.53
O016,C01120,T0005764,49.48
O009,C03914,T0080592,17.46
O020,C03281,T0080814,154.58
O001,C03390,T0068253,24.39
O006,C00492,T0005249,977.06
O001,C02150,T0090407,292.07
O019,C01588,T0038487,465.8
O005,C02239,T0071933,45.38
O010,C02775,T0070714,227.86
O013,C03949,T0086245,70.14
O007,C01238,T0082613,32.85
O019,C01034,T0030118,55.62
O002,C01913,T0009315,26.34
O011,C00728,T0033472,79.21
O017,C03380,T0095114,38.13
O015,C03153,T0092061,110.64
O010,C00736,T0064148,250.16
O018,C01512,T0079220,11.91
O006,C01574,T0021637,186.06
O016,C01841,T0009008,24.13
O007,C01986,T0073487,22.44
O008,C04320,T0017503,115.15
O004,C00239,T0063754,95.24
O004,C03284,T0027067,161.18
O005,C00094,T0022311,89.63
O010,C02702,T0023487,37.1
O013,C00734,T0008403,21.46
O007,C02971,T0039116,24.12
O011,C04038,T0062250,115.18
O017,C01169,T0001575,346.44
O019,C00251,T0027452,41.27
O007,C01030,T0039556,72.57
O009,C04901,T0073520,68.43
O006,C03136,T0038867,226.13
O010,C00986,T0053470,875.28
O003,C01612,T0097247,148.47
O014,C00681,T0028907,31.17
O015,C00148,T0077505,34.96
O006,C00647,T0045933,370.96
O020,C01989,T0061301,73.28
O005,C00145,T0076725,76.84
O013,C03964,T0064078,8.36
O001,C01109,T0096398,148.62
O020,C00796,T0069132,166.96
O008,C04093,T0056983,57.57
O015,C00845,T0080765,112.74
O015,C04883,T0017130,16.46
O007,C01248,T0030187,33.0
O005,C01679,T0073322,797.79
O019,C02349,T0006229,27.32
O002,C04112,T0084128,14.26
O010,C00314,T0076061,93.35
O005,C01899,T0034668,62.2
O011,C03770,T0069743,159.51
O012,C04777,T0044292,96.14
O011,C01184,T0004613,12.62
O015,C03671,T0048366,118.91
O007,C01916,T0002503,28.01
O002,C03231,T0092267,33.79
O009,C03568,T0068881,14.75
O010,C03953,T0089339,108.0
O014,C01756,T0060668,73.01
O002,C01038,T0026556,28.06
O006,C03792,T0044345,727.04
O011,C00444,T0013903,81.96
O009,C03288,T0002466,33.53
O004,C02371,T0086898,861.02
O020,C04929,T0036431,98.23
O017,C04419,T0039195,79.84
O003,C01351,T0088729,370.42
O007,C04060,T0080262,24.71
O011,C03918,T0087968,273.19
O013,C04233,T0076568,72.7
O019,C02883,T0018486,302.6
O001,C00530,T0020485,45.66
O004,C00767,T0082716,176.38
O017,C01262,T0072408,452.52
O009,C03623,T0095548,123.51
O014,C01312,T0092589,46.56
O016,C02447,T0028225,54.16
O002,C03602,T0022858,74.39
O016,C03090,T0036497,156.04
O016,C03458,T0077206,17.78
O008,C04110,T0053771,32.01
O007,C03161,T0026335,9.3
O006,C02673,T0070795,42.2
O018,C02492,T0036161,227.6
O006,C02581,T0077403,99.75
O001,C02370,T0057382,240.74
O014,C04778,T0060758,45.97
O012,C00871,T0014310,25.67
O012,C02724,T0018231,74.35
O010,C04714,T0043674,46.83
O010,C01487,T0025487,608.68
O007,C01889,T0042259,46.98
O008,C03710,T0063181,66.61
O014,C04140,T0042623,10.47
O017,C00383,T0093541,1064.64
O006,C03814,T0083856,319.27
O017,C01252,T0002646,127.31
O007,C03065,T0017450,108.37
O014,C04387,T0030720,73.21
O002,C03686,T0056240,16.47
O018,C01130,T0033364,145.0
O001,C03694,T0046678,129.21
O020,C04612,T0046127,159.36
O003,C01481,T0064810,50.53
O018,C02878,T0057937,78.69
O008,C01975,T0060926,198.81
O013,C00794,T0018447,231.46
O014,C02961,T0034785,58.62
O011,C02264,T0081048,119.48
O009,C02491,T0099218,64.53
O005,C00748,T0022922,128.2
O003,C00886,T0026925,60.59
O015,C04964,T0063511,21.68
O013,C00714,T0034473,17.56
O007,C01647,T0003293,80.56
O005,C00093,T0063915,239.01
O003,C01803,T0052231,67.31
O009,C04387,T0079788,29.89
O013,C02972,T0068991,36.74
O020,C01950,T0035226,83.54
O001,C01319,T0057295,151.3
O017,C04667,T0076639,33.2
O016,C00299,T0050195,34.49
O009,C04578,T0051045,25.44
O001,C00276,T0007076,67.16
O014,C00217,T0048634,23.34
O015,C01290,T0037226,29.4
O003,C02939,T0068588,78.5
O002,C01066,T0034803,55.44
O020,C04658,T0068349,134.68
O018,C00534,T0001411,99.73
O012,C00439,T0090811,57.33
O011,C04309,T0069230,186.93
O020,C03831,T0002781,458.17
O009,C04331,T0035087,14.18
O008,C01202,T0058328,139.13
O006,C00354,T0069780,73.2
O001,C04777,T0018358,21.56
O015,C00182,T0091474,30.87
O011,C03802,T0012370,23.02
O018,C03666,T0088676,99.4
O007,C03767,T0031528,23.36
O017,C02316,T0085058,17.05
O003,C03183,T0099313,32.95
O012,C01395,T0027143,48.2
O017,C02804,T0052849,15.4
O017,C00417,T0048451,290.37
O010,C01762,T0098787,23.12
O015,C03917,T0057456,43.46
O014,C04575,T0062247,26.31
O010,C02436,T0073093,124.3
O018,C02659,T0067633,77.57
O001,C00531,T0055959,40.2
O014,C00408,T0035579,136.4
O016,C03186,T0083646,56.74
O017,C03033,T0062873,43.1
O012,C00568,T0022440,84.72
O013,C02792,T0068853,68.13
O011,C00362,T0063339,118.83
O017,C00297,T0042399,111.09
O018,C03759,T0075798,45.47
O006,C02754,T0001985,90.05
O018,C03829,T0056892,72.05
O009,C04452,T0076373,14.21
O002,C04357,T0020290,40.89
O008,C02110,T0085431,139.64
O003,C00894,T0058528,190.02
O016,C02667,T0039015,11.76
O003,C02229,T0087390,221.26
O001,C04497,T0004261,179.66
O005,C02473,T0051000,60.82
O010,C00701,T0068230,1847.44
O017,C01234,T0071034,111.84
O019,C00085,T0089278,161.72
O010,C00625,T0000323,227.99
O002,C02984,T0046372,46.47
O016,C03521,T0076336,36.49
O017,C04342,T0015257,475.28
O020,C00129,T0094546,117.64
O010,C03284,T0001874,53.89
O011,C04560,T0001578,144.37
O012,C00599,T0092709,255.04
O019,C02315,T0091318,329.28
O004,C00820,T0028051,613.75
O005,C02351,T0003833,64.12
O003,C00558,T0062483,43.27
O020,C01662,T0046355,134.17
O011,C03268,T0041666,56.12
O015,C01771,T0063839,192.3
O004,C02294,T0049392,85.0
O020,C00558,T0077813,88.57
O020,C01380,T0069414,31.33
O014,C03033,T0009153,151.26
O008,C03656,T0057050,45.65
O014,C02861,T0021036,39.26
O002,C04970,T0040141,31.78
O018,C00967,T0091488,2193.8
O011,C03424,T0086432,80.7
O015,C03791,T0014473,74.28
O011,C02390,T0004946,29.67
O011,C04313,T0093394,78.05
O001,C04363,T0007659,289.59
O019,C01698,T0050347,107.57
O019,C03010,T0027216,56.15
O015,C00120,T0069928,10.31
O020,C02415,T0092893,34.02
O007,C02856,T0080459,23.99
O015,C02368,T0034747,-0.07
O004,C01302,T0082870,55.13
O006,C02405,T0054551,64.32
O011,C02632,T0050227,66.45
O013,C02821,T0019310,19.38
O005,C03095,T0079120,252.82
O014,C02938,T0088214,11.0
O016,C04548,T0012814,12.36
O004,C03273,T0070593,118.93
O017,C04436,T0044511,127.66
O008,C04841,T0080586,113.37
O017,C01141,T0052494,136.97
O008,C02494,T0046034,180.66
O016,C02560,T0027852,310.84
O012,C00436,T0098807,84.53
O009,C03750,T0086917,13.25
O006,C04132,T0068505,42.87
O007,C01483,T0006357,17.58
O017,C03048,T0034841,101.9
O015,C01291,T0037676,39.41
O003,C02970,T0070992,73.71
O002,C00889,T0028651,231.38
O016,C04039,T0015518,91.33
O003,C04770,T0080585,13.79
O016,C04870,T0035954,38.73
O019,C04584,T0012329,21.69
O009,C04885,T0077277,13.31
O015,C03492,T0096307,26.75
O001,C00098,T0092742,98.05
O019,C04048,T0072230,88.22
O020,C02269,T0074358,92.74
O016,C00602,T0033822,41.63
O010,C03185,T0046967,37.02
O004,C03128,T0050256,106.74
O015,C04596,T0054748,14.88
O009,C01452,T0005386,44.14
O008,C03975,T0019242,1831.92
O012,C01083,T0011909,617.6
O002,C02168,T0087574,473.25
O013,C04496,T0087309,263.77
O012,C02655,T0043377,491.59
O017,C03589,T0028081,680.8
O006,C02242,T0083243,109.8
O001,C01109,T0013080,49.13
O011,C04415,T0008151,350.29
O016,C01311,T0074567,12.4
O005,C01142,T0097014,127.37
O008,C03099,T0003970,49.26
O005,C00873,T0039510,81.32
O008,C04582,T0095476,108.87
O008,C01492,T0078522,28.82
O005,C04977,T0059559,123.63
O002,C04873,T0022792,4.61
O016,C00546,T0017509,25.88
O012,C03932,T0006026,223.83
O015,C00005,T0096585,26.25
O008,C00135,T0031459,88.78
O014,C04699,T0077115,169.02
O020,C00528,T0050255,58.15
O011,C00757,T0095967,65.54
O020,C03585,T0054525,506.13
O007,C04619,T0010899,31.36
O004,C01455,T0012929,94.24
O002,C03153,T0023640,241.46
O002,C02573,T0024062,60.87
O010,C04723,T0094498,159.03
O008,C03277,T0007644,147.48
O016,C03311,T0052046,10.95
O020,C02339,T0093192,80.38
O007,C04577,T0084288,40.74
O017,C02424,T0081204,171.6
O009,C00731,T0067876,80.69
O018,C00313,T0060030,311.1
O016,C03170,T0054993,25.25
O006,C00580,T0021086,210.92
O006,C02003,T0093522,37.48
O014,C00739,T0074121,9.13
O007,C02815,T0033054,76.06
O005,C01829,T0033610,98.13
O003,C03067,T0049585,167.29
O015,C00443,T0030212,24.1
O003,C02066,T0063143,614.12
O018,C02157,T0082367,105.1
O003,C01703,T0077806,58.29
O018,C01916,T0013645,50.89
O015,C00239,T0023833,32.31
O019,C03971,T0068632,6.68
O012,C01281,T0092973,126.44
O010,C04068,T0083080,75.9
O020,C03135,T0014084,182.13
O004,C03248,T0039371,50.98
O007,C02142,T0090534,13.88
O002,C04351,T0085366,36.71
O013,C04687,T0059613,60.15
O008,C03219,T0075418,112.52
O006,C00221,T0006668,145.52
O016,C00141,T0022716,47.95
O007,C04522,T0072058,69.54
O014,C01248,T0065888,48.67
O016,C02186,T0044594,75.21
O003,C03174,T0010900,51.62
O020,C02989,T0019038,16.57
O003,C03599,T0090920,72.29
O011,C02863,T0058423,88.86
O002,C04684,T0038739,16.9
O009,C01428,T0074213,14.47
O005,C02983,T0028911,1665.31
O020,C00569,T0068376,67.54
O017,C04290,T0060322,118.23
O014,C01538,T0010435,66.09
O008,C02302,T0050010,93.52
O001,C03682,T0033166,88.61
O020,C04216,T0076847,24.77
O001,C04484,T0066638,76.44
O011,C03783,T0056654,214.0
O013,C03360,T0014870,6.73
O017,C01641,T0045923,62.98
O003,C01441,T0026176,56.67
O010,C02508,T0000763,68.37
O017,C03818,T0059168,163.47
O012,C03364,T0083467,229.7
O001,C01312,T0002217,102.24
O013,C00725,T0069842,42.88
O020,C00025,T0059941,91.74
O015,C02391,T0080213,43.44
O006,C03968,T0096744,145.9
O018,C01234,T0006522,40.57
O006,C01074,T0097831,159.4
O007,C04321,T0054444,25.32
O009,C04780,T0011028,24.36
O016,C00839,T0021933,28.83
O008,C01997,T0041556,261.99
O010,C02151,T0088138,31.19
O007,C02554,T0012101,
O018,C02146,T0092196,203.86
O008,C00855,T0061043,75.93
O016,C02140,T0029120,47.59
O015,C00932,T0059285,247.17
O004,C01524,T0016420,246.2
O017,C03231,T0075174,250.33
O003,C04323,T0076719,74.09
O011,C03820,T0049835,53.05
O017,C03514,T0052492,350.68
O016,C01240,T0066415,25.21
O013,C03814,T0011473,22.13
O011,C02544,T0001542,77.63
O004,C00302,T0002764,67.09
O018,C03751,T0095865,92.07
O015,C02578,T0058743,95.16
O017,C03792,T0033724,64.69
O007,C02817,T0089352,38.69
O010,C03248,T0074616,504.48
O012,C03075,T0027925,89.42
O009,C04247,T0074005,17.02
O009,C04118,T0078390,24.27
O019,C04581,T0070936,69.5
O008,C01239,T0004913,309.52
O010,C00589,T0053445,88.29
O002,C00750,T0056576,28.37
O016,C03701,T0075763,41.91
O005,C03076,T0020135,77.5
O009,C01208,T0059654,19.23
O002,C02248,T0062290,46.17
O016,C03904,T0038241,36.11
O006,C00839,T0039240,428.05
O011,C01175,T0065987,29.1
O011,C00099,T0012629,127.83
O018,C01466,T0036141,50.47
O016,C00190,T0063775,14.12
O003,C03100,T0071348,53.95
O014,C02096,T0044330,47.47
O003,C03941,T0017894,45.68
O020,C02283,T0023805,53.19
O015,C02913,T0049661,27.92
O018,C00316,T0033146,202.65
O007,C01616,T0000115,10.28
O014,C03153,T0094768,8.33
O001,C02531,T0063631,1124.29
O012,C01941,T0032525,97.91
O003,C02331,T0056406,615.22
O020,C01285,T0004977,71.9
O010,C02213,T0031640,59.93
O001,C00018,T0086481,110.5
O009,C02314,T0015441,31.74
O005,C01878,T0044004,374.71
O016,C02971,T0050873,115.37
O018,C00971,T0052683,57.87
O014,C03775,T0090211,12.95
O010,C00341,T0013097,624.1
O004,C03000,T0056687,211.57
O009,C03829,T0084828,50.98
O005,C00746,T0050197,30.01
O017,C00313,T0037336,315.43
O013,C02878,T0061159,23.06
O006,C01950,T0032992,67.64
O003,C01905,T0032506,46.98
O016,C01044,T0055891,46.93
O012,C00186,T0010529,96.57
O010,C02155,T0008618,82.75
O004,C03073,T0095456,101.3
O012,C00655,T0015988,30.1
O009,C00708,T0098817,18.38
O018,C00584,T0070077,74.37
O004,C02974,T0068566,98.26
O002,C00628,T0065784,12.2
O007,C02697,T0047982,39.18
O017,C03195,T0075196,67.75
O009,C01353,T0087310,12.42
O001,C03468,T0095542,38.28
O011,C02640,T0022848,43.07
O012,C04197,T0057731,134.86
O019,C03944,T0037699,50.12
O012,C04554,T0061886,88.48
O016,C00594,T0074038,32.67
O004,C03813,T0014868,117.01
O016,C00066,T0073624,42.14
O011,C00356,T0022924,194.85
O012,C03678,T0079449,35.59
O015,C04197,T0041059,21.72
O015,C04478,T0054359,26.93
O010,C03993,T0066386,115.32
O016,C01071,T0077531,57.59
O013,C02642,T0037953,30.33
O008,C02385,T0015464,58.23
O020,C00608,T0068303,83.11
O017,C03177,T0082665,23.6
O014,C00292,T0070920,78.39
O011,C00455,T0045630,56.85
O003,C01059,T0091028,20.05
O012,C00759,T0096694,237.9
O020,C03935,T0079138,243.62
O002,C00384,T0037975,89.42
O017,C02915,T0043021,172.77
O020,C00494,T0088741,386.11
O013,C02447,T0032298,83.31
O002,C01890,T0002938,155.16
O012,C01477,T0095295,180.75
O010,C04865,T0006768,130.2
O019,C04673,T0038823,20.19
O015,C02518,T0029654,53.88
O018,C01438,T0031464,88.03
O013,C04307,T0077832,55.27
O015,C02991,T0078728,7.18
O006,C01259,T0082507,387.7
O006,C00343,T0049495,362.74
O015,C01711,T0019747,43.23
O015,C03794,T0034250,303.0
O015,C02017,T0040519,49.25
O005,C04135,T0006971,131.67
O020,C01787,T0026941,204.03
O019,C02234,T0060791,106.19
O011,C03611,T0035207,307.22
O017,C00892,T0044902,33.58
O013,C02050,T0028448,93.36
O019,C02279,T0090117,37.48
O014,C03195,T0053421,8.63
O019,C02760,T0047398,45.34
O014,C03822,T0007492,9.73
O007,C01952,T0011644,47.51
O010,C01948,T0044964,48.39
O020,C04356,T0093857,38.31
O018,C02992,T0038698,67.17
O013,C01717,T0092672,74.48
O016,C02022,T0045452,14.46
O020,C02509,T0036708,100.91
O017,C04217,T0029923,76.79
O003,C03232,T0032677,80.7
O020,C04245,T0018497,165.75
O001,C01772,T0023247,117.82
O010,C03472,T0068571,709.2
O011,C02024,T0062768,55.34
O014,C00701,T0028102,34.86
O019,C03094,T0067566,88.65
O014,C02759,T0083736,8.49
O017,C00268,T0044470,55.77
O002,C02701,T0094202,32.95
O007,C00665,T0009978,293.88
O014,C02811,T0017873,72.38
O007,C02773,T0002422,21.05
O002,C04731,T0032342,113.58
O004,C03263,T0035046,53.6
O007,C00960,T0006644,98.16
O002,C04302,T0051798,162.03
O006,C00849,T0025929,263.11
O005,C01730,T0028319,360.33
O013,C03654,T0042247,26.48
O008,C00658,T0014007,161.6
O013,C02660,T0034356,47.15
O016,C00729,T0062356,15.19
O019,C00678,T0018453,490.91
O010,C01609,T0014286,50.0
O011,C03589,T0039545,329.68
O011,C02448,T0008774,40.66
O002,C04034,T0084911,93.87
O013,C02875,T0074846,26.48
O001,C02531,T0080873,47.02
O006,C04069,T0004829,73.25
O003,C02357,T0024003,19.37
O020,C03332,T0009481,309.57
O003,C04091,T0071851,142.07
O011,C04671,T0035854,40.31
O018,C02206,T0099176,56.34
O002,C03033,T0052590,20.7
O001,C01393,T0082448,66.67
O010,C02499,T0041271,185.51
O018,C03226,T0031111,52.31
O017,C03288,T0048766,32.56
O014,C01513,T0083151,56.27
O008,C01346,T0097334,170.53
O018,C04699,T0032059,63.53
O004,C02694,T0026685,78.47
O005,C02224,T0047972,12.46
O016,C00911,T0032520,47.36
O007,C02706,T0083377,13.98
O010,C00752,T0000622,318.31
O004,C04767,T0054659,22.63
O015,C00074,T0046426,143.87
O001,C01446,T0007572,161.85
O009,C04441,T0012153,121.88
O007,C02995,T0065581,44.84
O008,C04295,T0011405,127.44
O006,C04625,T0027841,215.64
O015,C00119,T0071510,38.16
O011,C04688,T0084672,81.5
O005,C02206,T0083221,494.03
O010,C04404,T0099124,110.97
O007,C02987,T0080944,30.23
O004,C03556,T0040667,52.34
O019,C02733,T0002170,72.29
O004,C01817,T0042797,724.78
O019,C00730,T0017869,54.54
O019,C03845,T0095682,156.11
O018,C03602,T0079167,99.0
O006,C03226,T0031678,157.39
O017,C04586,T0068147,102.23
O018,C04781,T0059699,64.03
O017,C00660,T0097839,235.4
O011,C04984,T0073010,21.94
O008,C00552,T0041173,87.68
O003,C00714,T0020296,121.22
O004,C02225,T0022846,84.39
O004,C01064,T0089393,645.61
O017,C04408,T0021638,105.26
O011,C03705,T0010117,70.18
O019,C01252,T0028904,18.98
O010,C03825,T0044204,52.58
O016,C00671,T0002121,35.67
O003,C00233,T0036832,220.4
O019,C02638,T0013291,16.92
O007,C04935,T0051042,226.05
O019,C03840,T0039141,129.56
O005,C01832,T0097984,65.85
O003,C03091,T0070047,34.82
O017,C04886,T0091992,97.41
O020,C02385,T0043795,70.45
O010,C00218,T0087675,19.8
O003,C04683,T0066132,100.2
O005,C04485,T0013591,85.38
O009,C00803,T0052173,49.51
O006,C01274,T0070862,61.92
O018,C02444,T0054856,192.82
O019,C04976,T0043074,23.02
O016,C02109,T0092690,14.69
O018,C01119,T0086882,39.31
O020,C03118,T0045774,66.26
O016,C04906,T0004405,76.55
O005,C03975,T0037935,38.72
O006,C03069,T0043798,111.06
O019,C00064,T0059343,75.14
O012,C02796,T0015601,154.17
O007,C02030,T0084558,51.46
O016,C02545,T0074217,28.69
O008,C00340,T0048095,143.01
O017,C00868,T0019422,236.8
O009,C03056,T0037891,56.75
O012,C03308,T0031773,109.96
O013,C02514,T0086233,102.71
O008,C04454,T0088393,1797.69
O013,C01816,T0021119,19.57
O016,C04845,T0096470,22.72
O006,C00673,T0097129,48.24
O020,C04429,T0040968,96.75
O018,C00813,T0087710,89.5
O013,C04571,T0022285,87.6
O020,C01010,T0037463,103.19
O014,C01154,T0075015,46.57
O018,C04886,T0072479,306.41
O006,C04037,T0091443,282.05
O002,C01640,T0048735,43.05
O018,C03793,T0067007,74.69
O009,C04906,T0083645,109.97
O006,C02386,T0019825,71.36
O005,C01726,T0011340,16.98
O009,C03995,T0062041,12.94
O005,C03785,T0075118,63.59
O006,C01076,T0088833,117.55
O001,C03022,T0042158,546.69
O009,C01264,T0051708,19.93
O010,C02828,T0093417,654.99
O007,C00959,T0002109,82.65
O018,C04928,T0042086,75.68
O003,C00608,T0095439,29.73
O001,C03140,T0082160,82.1
O003,C00184,T0010062,55.47
O012,C01314,T0013110,32.87
O006,C00871,T0080855,116.73
O013,C04987,T0034168,72.28
O009,C04141,T0012506,14.6
O014,C03464,T0079879,7.93
O018,C04496,T0098430,232.46
O004,C04034,T0090351,98.02
O017,C04098,T0042923,82.09
O020,C04599,T0071540,1248.17
O015,C02035,T0023850,47.14
O015,C01489,T0063133,79.64
O005,C03031,T0035966,64.53
O001,C04169,T0033711,137.71
O014,C03675,T0011042,22.49
O015,C00015,T0058655,117.03
O009,C02605,T0021642,13.21
O005,C02889,T0026797,147.06
O015,C02526,T0065029,25.95
O013,C00280,T0041960,163.03
O015,C02584,T0061542,93.43
O007,C03187,T0085891,149.69
O007,C01261,T0044939,61.77
O006,C04920,T0040891,217.43
O002,C02745,T0054504,130.53
O015,C03564,T0090388,69.94
O015,C01523,T0066572,29.62
O010,C03668,T0013813,369.73
O006,C02821,T0078760,46.7
O009,C03074,T0073313,21.85
O004,C03661,T0016496,14.88
O001,C01935,T0078670,1319.83
O002,C04673,T0040377,37.77
O016,C02583,T0036234,67.36
O013,C02588,T0010549,133.04
O014,C04702,T0036596,18.1
O016,C02912,T0034945,14.9
O007,C03541,T0046533,11.86
O001,C00126,T0046617,211.22
O003,C03244,T0047932,23.38
O002,C01243,T0061695,39.11
O009,C04978,T0088139,39.7
O008,C02053,T0015741,53.46
O008,C01322,T0085234,61.34
O002,C02093,T0036321,82.72
O002,C00669,T0043284,59.53
O010,C03187,T0057708,52.38
O009,C02341,T0006795,13.1
O018,C03347,T0073514,31.01
O017,C04337,T0001744,137.31
O011,C03603,T0081213,336.86
O017,C03222,T0037804,183.91
O020,C03776,T0078323,119.37
O013,C00616,T0001340,160.59
O015,C03309,T0042365,161.53
O008,C02911,T0017080,47.03
O013,C04335,T0009140,25.14
O019,C03483,T0061007,79.09
O003,C02215,T0011448,307.76
O017,C04661,T0033490,149.58
O017,C00051,T0072351,269.08
O013,C00945,T0057588,29.35
O009,C02471,T0089023,11.37
O016,C03974,T0045856,34.74
O016,C04730,T0018068,17.16
O014,C02161,T0016546,24.4
O007,C02377,T0016785,29.35
O016,C01871,T0073440,22.84
O008,C02997,T0063576,201.17
O012,C01236,T0097028,71.99
O011,C02055,T0086974,546.92
O007,C00406,T0043930,48.08
O007,C00156,T0058927,9.76
O009,C04641,T0086970,19.11
O003,C02924,T0041072,31.56
O010,C01291,T0087509,76.38
O009,C03118,T0060859,13.08
O008,C00298,T0007504,20.53
O007,C03147,T0094380,5.17
O014,C03833,T0062032,2.98
O004,C01679,T0071991,2474.14
O011,C00412,T0074714,49.9
O012,C04465,T0000613,84.44
O005,C03171,T0082753,127.28
O012,C04219,T0016348,226.55
O013,C01837,T0047558,19.13
O016,C04077,T0051507,482.9
O016,C01180,T0037258,55.47
O009,C02633,T0075936,115.13
O017,C03766,T0060179,232.69
O008,C02092,T0064581,90.96
O012,C00159,T0076003,541.73
O007,C00934,T0020498,105.39
O013,C04076,T0074948,16.43
O009,C04298,T0043005,12.84
O019,C01017,T0032332,86.85
O009,C04351,T0090104,17.71
O017,C00439,T0025422,69.84
O008,C04081,T0083210,159.85
O002,C02500,T0088659,101.0
O011,C00478,T0029759,143.24
O015,C04556,T0055585,56.26
O012,C00773,T0012489,1677.03
O005,C02947,T0058153,306.18
O016,C01056,T0019305,11.86
O009,C02341,T0044788,34.44
O011,C01216,T0029087,23.22
O016,C00936,T0099328,39.1
O011,C01276,T0022324,86.83
O006,C04853,T0095359,65.01
O002,C02538,T0009736,231.1
O010,C04336,T0024518,85.49
O019,C04190,T0017522,44.45
O012,C03371,T0099589,25.45
O004,C03167,T0019101,143.16
O013,C00916,T0012374,56.74
O019,C04561,T0015635,90.84
O010,C03000,T0074509,96.22
O019,C02943,T0082433,426.92
O006,C02553,T0037293,63.53
O003,C01936,T0082331,91.29
O019,C00278,T0014272,24.84
O018,C02152,T0002595,88.23
O018,C03778,T0043336,160.82
O004,C04381,T0075199,29.8
O016,C01582,T0094532,37.86
O012,C01827,T0013553,39.49
O015,C01413,T0056682,101.07
O020,C04001,T0062790,192.42
O009,C00877,T0093600,40.17
O009,C00259,T0031295,19.75
O019,C02978,T0084353,19.4
O006,C03433,T0055638,51.02
O020,C00380,T0063507,22.44
O012,C04487,T0035391,80.24
O016,C03755,T0059903,20.37
O010,C00364,T0042822,17.11
O004,C01195,T0083531,143.05
O011,C00720,T0061931,57.52
O009,C02894,T0086458,38.27
O009,C03768,T0097036,66.12
O020,C01745,T0039227,35.5
O008,C01758,T0009129,61.68
O010,C03772,T0099390,184.97
O005,C04853,T0031711,731.51
O018,C01666,T0027730,148.43
O010,C01165,T0026550,97.07
O012,C00024,T0026140,278.26
O003,C01518,T0025232,96.57
O014,C03967,T0077050,6.35
O011,C00402,T0017297,90.85
O019,C01041,T0095761,66.42
O007,C04490,T0037774,15.56
O006,C04914,T0061195,174.21
O018,C02782,T0099075,90.5
O002,C02634,T0007159,32.29
O016,C02911,T0082945,26.12
O015,C03792,T0072785,68.86
O015,C01654,T0043164,10.63
O008,C01143,T0018041,146.19
O001,C02617,T0071041,68.49
O003,C02368,T0002494,138.05
O020,C00871,T0060725,23.95
O003,C02727,T0054645,82.45
O008,C04697,T0035835,192.38
O003,C04611,T0021133,75.7
O010,C04829,T0008587,20.94
O009,C01248,T0029562,26.29
O005,C04782,T0071329,517.53
O017,C03485,T0082402,111.2
O015,C02355,T0009443,21.22
O013,C04805,T0066681,419.89
O008,C03249,T0081734,372.76
O013,C03413,T0035002,51.22
O019,C04352,T0046392,43.4
O010,C04198,T0083481,19.65
O011,C02170,T0062424,74.9
O006,C03156,T0030928,749.78
O001,C04791,T0009559,152.2
O019,C04445,T0062175,88.38
O016,C03287,T0000409,34.29
O010,C02237,T0060408,100.62
O001,C02876,T0023006,85.1
O015,C03472,T0070008,89.81
O017,C01112,T0023264,18.97
O007,C00665,T0054479,8.6
O009,C01533,T0032294,15.41
O015,C02709,T0079243,17.03
O007,C02693,T0000112,60.17
O016,C03498,T0042338,255.52
O003,C02112,T0076958,38.04
O001,C02414,T0067938,136.78
O019,C01461,T0048203,26.64
O014,C00024,T0083648,176.39
O009,C03723,T0031669,51.65
O019,C00715,T0065235,31.86
O011,C01609,T0091938,283.02
O004,C03128,T0097397,160.57
O016,C00424,T0052430,32.38
O010,C02132,T0064417,183.84
O002,C03903,T0062924,55.71
O020,C01373,T0035354,42.86
O006,C02567,T0050520,76.53
O016,C00107,T0022026,3.82
O018,C03580,T0046106,108.61
O004,C02487,T0065472,110.9
O014,C04674,T0057792,26.64
O011,C03948,T0097362,63.97
O006,C02675,T0023182,328.98
O008,C04199,T0092278,178.05
O019,C01400,T0056900,65.28
O008,C00658,T0016899,37.08
O015,C03978,T0080298,264.56
O011,C02869,T0029886,32.37
O007,C01876,T0054684,101.5
O020,C02190,T0081057,427.29
O010,C02783,T0089070,293.65
O003,C01366,T0032596,99.52
O007,C00147,T0058034,14.61
O007,C01988,T0019045,258.59
O006,C00584,T0099406,114.26
O017,C01235,T0016513,19.85
O013,C03520,T0051951,47.58
O003,C02271,T0053711,23.66
O004,C04817,T0016946,83.97
O002,C03504,T0066777,25.87
O009,C03934,T0047248,23.52
O011,C00447,T0070628,59.58
O018,C04434,T0020424,37.35
O013,C02178,T0056047,28.82
O017,C00829,T0031474,426.65
O001,C04621,T0053507,189.38
O013,C04082,T0027637,122.92
O002,C03586,T0086448,22.92
O020,C00071,T0066705,666.63
O013,C00952,T0061625,342.34
O007,C03338,T0017698,41.56
O019,C01948,T0041538,31.13
O019,C03225,T0030733,42.26
O001,C03073,T0013506,54.25
O008,C04263,T0091849,97.46
O004,C01952,T0013293,161.16
O015,C01562,T0037857,132.92
O011,C03730,T0073821,50.07
O015,C01254,T0031623,150.13
O017,C00027,T0051134,228.2
O006,C04564,T0093013,55.13
O019,C04845,T0057110,22.0
O004,C04494,T0015825,100.37
O018,C02416,T0079463,73.54
O006,C04649,T0076520,183.71
O011,C04114,T0077086,826.21
O001,C02533,T0076969,202.03
O001,C04282,T0076212,57.05
O011,C02049,T0072694,751.93
O012,C03618,T0077977,60.88
O016,C01804,T0088304,61.13
O009,C04019,T0031627,104.97
O007,C01050,T0038907,9.46
O006,C00035,T0003411,184.17
O002,C01234,T0046978,20.95
O016,C01495,T0054290,20.62
O017,C00538,T0073955,36.36
O009,C03691,T0046269,99.45
O005,C02945,T0019004,28.49
O003,C03276,T0064094,441.41
O005,C01232,T0075527,180.92
O006,C01224,T0032610,61.0
O012,C03115,T0024523,59.47
O020,C00843,T0029093,147.5
O010,C02709,T0070594,204.22
O016,C03492,T0058963,24.62
O011,C02347,T0067109,230.45
O003,C04668,T0000825,501.31
O018,C02088,T0080176,38.26
O013,C03634,T0034845,90.88
O014,C00879,T0012833,17.93
O016,C02951,T0067707,170.44
O001,C02251,T0067793,248.12
O004,C04972,T0049306,548.53
O003,C01410,T0095797,111.67
O008,C04252,T0030506,130.17
O014,C04527,T0085449,4.67
O008,C03352,T0077632,146.98
O008,C03795,T0015166,122.75
O017,C04244,T0019461,80.66
O007,C04464,T0020096,22.99
O013,C00347,T0040581,156.98
O018,C04828,T0038953,105.06
O006,C00171,T0071384,200.31
O008,C03177,T0035104,125.89
O018,C01347,T0030532,182.15
O008,C00034,T0067970,68.78
O003,C04204,T0032220,163.41
O003,C04165,T0057363,100.05
O016,C03015,T0067139,31.55
O004,C02868,T0003963,69.95
O010,C01889,T0059237,130.79
O014,C00969,T0097275,9.45
O004,C03860,T0088723,-0.17
O010,C00339,T0035872,117.83
O006,C00944,T0047794,418.16
O013,C02067,T0057895,25.15
O014,C04077,T0032919,22.03
O009,C00050,T0087518,10.28
O020,C03243,T0062589,53.02
O007,C02193,T0039389,20.68
O020,C03496,T0068409,155.89
O006,C03385,T0082238,363.51
O016,C04715,T0001701,45.62
O001,C01996,T0038122,58.32
O018,C02744,T0030342,111.56
O005,C00648,T0065140,204.35
O007,C00775,T0054476,222.61
O011,C03658,T0043088,94.9
O016,C00579,T0002432,62.61
O012,C04126,T0062657,35.64
O018,C00080,T0032950,87.26
O006,C03036,T0009722,177.97
O002,C01000,T0059640,153.39
O020,C02289,T0021859,95.89
O007,C01552,T0043433,21.04
O011,C03591,T0088531,52.86
O002,C01998,T0066096,8.66
O013,C02036,T0041218,63.48
O018,C02133,T0040860,48.88
O001,C00926,T0058359,198.78
O011,C00827,T0037012,26.87
O014,C02901,T0060175,85.69
O014,C00831,T0044446,34.75
O019,C02186,T0064470,61.44
O018,C01103,T0048370,76.94
O013,C04626,T0028937,267.33
O009,C03841,T0028074,4.6
O018,C02263,T0001443,97.94
O020,C02542,T0047863,51.22
O019,C01403,T0096547,28.34
O004,C00428,T0070003,51.28
O011,C00185,T0017910,64.15
O001,C00095,T0013818,84.9
O013,C04147,T0089086,50.62
O020,C01093,T0068412,130.49
O003,C00847,T0073303,48.27
O014,C04260,T0007557,20.07
O009,C02960,T0083321,86.53
O004,C01419,T0089710,21.48
O001,C03623,T0065988,139.38
O011,C00845,T0011325,30.26
O003,C00716,T0058651,138.94
O001,C03046,T0034553,73.37
O006,C00285,T0064292,71.08
O012,C03111,T0045838,131.12
O004,C03610,T0019568,193.26
O018,C04309,T0064020,370.06
O004,C00620,T0014367,44.7
O011,C02836,T0038055,18.29
O014,C00529,T0019824,27.78
O012,C03821,T0037990,264.95
O013,C00020,T0099152,190.5
O013,C02623,T0091719,326.6
O009,C03082,T0002228,7.33
O015,C00186,T0092774,84.8
O013,C03192,T0084662,136.64
O020,C01533,T0090491,203.63
O015,C04934,T0099269,286.04
O003,C03943,T0095408,88.51
O007,C01485,T0031485,16.8
O014,C04771,T0092122,36.56
O018,C04808,T0097551,131.76
O018,C03113,T0011295,29.48
O001,C04211,T0065556,386.7
O013,C04138,T0068939,40.78
O017,C04972,T0008771,155.79
O004,C00312,T0043297,60.21
O018,C00766,T0011776,162.77
O012,C00515,T0004461,238.91
O010,C04528,T0024635,47.91
O007,C04895,T0064071,51.12
O019,C03945,T0062979,33.93
O004,C03343,T0040639,111.25
O019,C03324,T0006147,13.25
O006,C04932,T0030589,60.65
O009,C00651,T0044994,3.75
O009,C04567,T0063209,27.86
O005,C02554,T0021402,205.27
O019,C01689,T0028264,26.61
O019,C02598,T0089266,88.36
O014,C01839,T0023389,7.86
O019,C04618,T0065544,51.49
O012,C00047,T0011216,556.04
O005,C01977,T0041393,103.51
O013,C04207,T0087760,88.97
O008,C03852,T0029694,62.39
O005,C04514,T0044613,86.64
O020,C00555,T0033555,29.61
O009,C02930,T0022338,23.38
O011,C03066,T0000561,110.58
O020,C02491,T0010824,18.92
O014,C04091,T0076370,20.35
O008,C01181,T0094846,77.18
O019,C04822,T0016550,60.51
O014,C04693,T0048197,20.28
O015,C04346,T0019891,116.64
O004,C04786,T0068023,109.51
O017,C03394,T0042892,94.2
O009,C03282,T0075617,23.24
O003,C01070,T0097066,533.87
O013,C02251,T0060534,44.02
O018,C00016,T0073606,99.25
O007,C04810,T0013006,45.48
O007,C04780,T0096388,36.84
O014,C00784,T0046428,10.55
O018,C03185,T0014913,38.96
O008,C01867,T0099154,41.21
O002,C00662,T0098436,30.65
O002,C01997,T0021849,49.75
O010,C02542,T0035816,161.91
O014,C03464,T0007552,12.96
O004,C02993,T0026602,730.1
O006,C01326,T0014658,375.92
O011,C01161,T0046424,67.45
O012,C01674,T0096794,136.98
O009,C01280,T0077415,15.51
O007,C04854,T0067897,82.87
O006,C00322,T0026402,636.73
O016,C02421,T0089208,9.29
O014,C04166,T0074921,49.74
O010,C03187,T0020311,168.71
O010,C03323,T0053731,52.5
O010,C02248,T0056819,298.6
O014,C04036,T0058156,97.52
O004,C04909,T0056053,14.65
O009,C01537,T0056381,47.66
O002,C03748,T0080204,168.01
O014,C01099,T0096296,10.45
O011,C00112,T0072173,35.23
O001,C03108,T0006248,114.25
O020,C01828,T0021496,112.72
O005,C01368,T0045576,73.7
O012,C02442,T0053113,82.24
O013,C01804,T0040801,74.01
O009,C02112,T0017769,9.49
O016,C04026,T0079190,106.96
O016,C03362,T0024016,26.54
O016,C01954,T0068559,52.57
O019,C00153,T0041086,28.83
O006,C01035,T0001254,342.57
O010,C04168,T0099801,64.09
O005,C04770,T0064604,65.95
O013,C04376,T0005030,20.0
O007,C04126,T0037131,36.46
O013,C00823,T0011972,230.01
O003,C02066,T0037443,69.86
O018,C03261,T0038171,196.97
O017,C01469,T0081155,50.23
O011,C01292,T0003174,56.4
O014,C03986,T0015937,13.11
O010,C03501,T0068548,157.92
O019,C03768,T0041225,226.19
O007,C02755,T0027358,26.65
O014,C03506,T0087485,4.39
O001,C02177,T0020277,477.13
O009,C02476,T0089310,23.77
O005,C03435,T0092698,406.61
O009,C01831,T0052182,4.64
O013,C01570,T0025865,41.73
O015,C03822,T0086554,45.88
O010,C02044,T0066029,131.95
O008,C03848,T0065427,271.62
O014,C02027,T0019589,29.47
O015,C02412,T0041044,45.22
O017,C04921,T0015232,66.95
O012,C00009,T0012019,75.39
O004,C03236,T0002818,150.15
O015,C01325,T0064676,45.66
O002,C00938,T0075862,12.66
O020,C01434,T0049521,25.9
O001,C04690,T0067278,144.36
O002,C01215,T0090252,301.45
O002,C00387,T0051641,32.87
O015,C04498,T0078781,42.49
O011,C02398,T0077204,149.16
O006,C04998,T0014753,365.1
O017,C04834,T0080707,204.42
O015,C00608,T0049322,19.36
O010,C03973,T0090686,94.85
O019,C02855,T0083809,82.63
O005,C02725,T0083158,449.38
O009,C04302,T0049067,79.15
O017,C02745,T0010994,125.48
O014,C00433,T0081047,32.29
O017,C01722,T0091819,64.74
O016,C01292,T0049570,8.87
O012,C01520,T0077175,51.31
O008,C02790,T0099897,63.54
O004,C01675,T0000111,366.17
O006,C00846,T0052892,88.31
O017,C04193,T0054014,273.73
O013,C03351,T0066526,139.72
O010,C02859,T0012854,13.03
O009,C00715,T0008007,8.89
O015,C03725,T0012294,43.85
O017,C03562,T0077898,214.39
O013,C03289,T0002136,86.79
O020,C01102,T0057674,26.77
O019,C03511,T0095614,108.59
O013,C04173,T0089865,53.62
O007,C03585,T0000962,21.88
O015,C04460,T0006459,39.15
O007,C02602,T0048162,21.57
O020,C03816,T0000450,99.55
O012,C01792,T0027118,48.35
O019,C03119,T0021596,24.89
O016,C04331,T0052422,79.62
O013,C02137,T0055689,16.98
O009,C04333,T0011077,7.07
O002,C03769,T0094331,81.07
O013,C04119,T0048876,42.82
O007,C00247,T0023747,307.37
O005,C04299,T0047046,45.75
O007,C02850,T0067182,26.7
O006,C03492,T0022845,167.19
O008,C04470,T0049337,30.1
O010,C04259,T0041197,42.8
O018,C02820,T0057402,41.52
O012,C02995,T0079035,91.72
O018,C01038,T0077270,158.11
O011,C01281,T0004552,77.12
O004,C02691,T0076932,75.35
O015,C02841,T0008055,93.7
O013,C03100,T0070133,65.79
O011,C04517,T0073230,28.66
O007,C01025,T0037231,24.4
O014,C03952,T0042778,120.13
O010,C03289,T0027585,757.97
O006,C03702,T0072358,472.97
O017,C01891,T0086717,253.47
O003,C01398,T0085452,121.18
O011,C01113,T0054511,44.04
O020,C01544,T0039445,29.41
O020,C03990,T0088700,575.23
O001,C03604,T0029679,170.87
O001,C01642,T0069664,99.65
O001,C03070,T0070021,271.99
O020,C04316,T0078166,360.34
O018,C00602,T0077424,13.49
O016,C00826,T0071745,193.47
O018,C00657,T0057299,165.26
O005,C02396,T0045274,54.64
O016,C04038,T0053565,110.01
O005,C02026,T0056969,44.1
O006,C01664,T0021251,81.41
O008,C01191,T0098918,141.68
O011,C03418,T0010220,54.07
O009,C04121,T0038435,19.67
O002,C00266,T0020587,15.24
O014,C03168,T0024398,26.06
O011,C01745,T0031587,50.82
O009,C04103,T0039633,46.38
O009,C04541,T0013301,32.55
O002,C01710,T0000835,80.51
O004,C03340,T0039542,132.85
O005,C01439,T0026270,263.38
O009,C00670,T0023616,30.77
O020,C00953,T0007547,52.08
O003,C02462,T0009373,107.87
O007,C01494,T0062390,307.44
O003,C03526,T0076251,31.46
O007,C03268,T0030019,30.06
O008,C02352,T0065154,835.64
O020,C02827,T0011070,83.21
O013,C00992,T0026807,64.51
O020,C03875,T0089533,14.48
O009,C01308,T0062512,45.64
O004,C04397,T0026411,73.53
O008,C01729,T0052225,133.73
O002,C01256,T0075440,107.57
O020,C04701,T0099484,409.32
O014,C01692,T0024253,11.39
O001,C04790,T0022306,71.48
O002,C01429,T0055160,246.7
O015,C04514,T0064406,22.11
O002,C00577,T0068432,146.56
O017,C00599,T0097453,62.39
O004,C04932,T0079089,78.41
O011,C01398,T0023196,251.16
O006,C00781,T0066781,238.49
O006,C03678,T0044221,26.95
O009,C02777,T0065220,12.24
O013,C00131,T0075533,232.38
O018,C01671,T0061327,101.72
O014,C04017,T0021635,50.93
O018,C02157,T0057015,135.99
O012,C02572,T0032724,119.73
O002,C02454,T0000603,300.35
O009,C02715,T0051203,13.97
O006,C04000,T0058849,40.68
O003,C03078,T0012343,954.17
O003,C01504,T0049464,80.24
O004,C00063,T0067619,77.77
O007,C03818,T0080598,18.93
O009,C01419,T0004840,5.44
O017,C02271,T0034485,211.94
O004,C02729,T0080358,38.59
O006,C04683,T0037959,318.41
O013,C02742,T0045119,38.05
O010,C03930,T0010682,79.57
O013,C04887,T0077606,66.8
O001,C04108,T0015627,53.22
O016,C04966,T0085388,9.76
O018,C04097,T0065112,53.14
O002,C01351,T0074276,28.02
O002,C03310,T0058432,93.5
O011,C04371,T0010841,429.49
O009,C00222,T0035056,91.94
O008,C03842,T0087175,185.4
O004,C01778,T0040970,75.17
O010,C03415,T0073787,78.89
O015,C00388,T0068846,104.22
O011,C04495,T0001174,66.78
O009,C03588,T0056728,24.67
O001,C01082,T0052831,125.23
O003,C03043,T0002185,100.18
O019,C00148,T0047111,53.54
O007,C03794,T0050587,39.77
O004,C04138,T0048059,37.35
O001,C04101,T0088046,268.96
O010,C00995,T0048462,181.45
O020,C03140,T0012182,64.47
O017,C03194,T0033087,146.5
O007,C03139,T0046870,15.07
O010,C03003,T0097047,308.9
O005,C04929,T0003474,115.81
O007,C04419,T0096215,51.78
O005,C03606,T0010914,659.34
O015,C04942,T0099196,44.97
O019,C00855,T0004928,32.73
O012,C02681,T0059530,90.24
O012,C03160,T0075764,49.46
O018,C04352,T0077947,37.02
O014,C02892,T0079014,20.02
O014,C01790,T0035902,22.37
O017,C03957,T0035711,96.58
O009,C02625,T0034247,18.99
O005,C03267,T0072371,230.91
O004,C03170,T0030630,72.4
O016,C01016,T0036335,32.28
O014,C03512,T0050660,10.08
O006,C02861,T0003176,492.8
O008,C04702,T0046999,94.26
O009,C01229,T0095202,68.36
O019,C01676,T0067916,70.19
O003,C04918,T0081893,34.96
O005,C02705,T0025332,86.66
O011,C01072,T0021441,65.72
O003,C00561,T0014750,89.01
O012,C04829,T0032797,259.23
O006,C04537,T0065373,104.74
O007,C01169,T0093702,72.45
O004,C03657,T0070532,120.48
O012,C04532,T0079558,134.89
O019,C03709,T0082692,44.4
O012,C02511,T0024890,168.74
O002,C01384,T0039092,38.95
O016,C03642,T0036816,12.92
O002,C00596,T0028473,104.37
O009,C00589,T0088869,203.39
O020,C02740,T0055226,51.01
O007,C04261,T0066003,47.4
O016,C01036,T0089813,27.9
O019,C01150,T0071572,22.07
O019,C01334,T0046635,40.69
O016,C03838,T0032386,16.3
O017,C03991,T0000125,81.84
O011,C03390,T0011430,109.04
O001,C00136,T0042712,41.63
O014,C03297,T0084711,10.56
O008,C03693,T0007466,127.69
O019,C03614,T0011919,144.71
O003,C01977,T0044476,169.92
O011,C02090,T0072533,363.87
O008,C00804,T0008181,43.28
O009,C02391,T0093038,4.27
O007,C03900,T0095057,5.37
O009,C03894,T0018404,43.95
O016,C01710,T0045375,63.15
O001,C04090,T0058922,294.93
O010,C00794,T0019062,117.98
O020,C00935,T0064943,119.51
O002,C03896,T0022670,292.39
O012,C03230,T0065930,71.86
O009,C03185,T0048005,15.41
O017,C00199,T0021343,64.44
O015,C02347,T0065897,93.47
O007,C02918,T0089595,8.55
O020,C01483,T0097315,76.93
O019,C00219,T0099800,27.09
O017,C04817,T0067440,86.03
O014,C02802,T0069168,13.82
O015,C04458,T0035984,256.07
O020,C00191,T0098867,113.11
O003,C00163,T0080314,40.13
O012,C00273,T0079966,50.41
O018,C00628,T0014863,173.12
O003,C04816,T0082481,51.94
O019,C04382,T0080468,63.79
O020,C01696,T0024822,56.22
O002,C01649,T0054237,22.83
O002,C01027,T0057826,51.62
O016,C04972,T0008463,17.65
O005,C00569,T0006862,473.92
O017,C00054,T0041850,31.41
O012,C00523,T0090063,166.78
O014,C04618,T0021012,32.13
O007,C00918,T0034573,25.43
O011,C01434,T0015102,231.81
O014,C03777,T0083478,51.61
O001,C02323,T0092242,40.69
O003,C00860,T0012277,40.26
O011,C01213,T0048147,37.46
O009,C01139,T0062806,12.04
O007,C01256,T0059483,11.51
O010,C02566,T0047800,399.14
O016,C02263,T0010496,76.98
O018,C03136,T0099078,299.33
O018,C00774,T0079738,171.06
O009,C02057,T0079196,31.54
O019,C03708,T0041550,38.24
O010,C04818,T0003286,123.05
O014,C02462,T0027879,11.27
O008,C03153,T0007472,76.02
O011,C02268,T0044593,80.3
O020,C00666,T0044700,711.1
O017,C02819,T0021867,241.82
O013,C03112,T0042078,184.89
O007,C02467,T0044770,11.79
O011,C02195,T0081675,42.84
O009,C02042,T0010667,15.18
O011,C03545,T0016914,300.14
O006,C03818,T0038973,139.05
O012,C00718,T0051810,1086.48
O012,C04231,T0007568,274.29
O017,C02907,T0021550,26.18
O004,C04314,T0019349,29.18
O009,C03803,T0056065,40.6
O014,C02329,T0004943,63.7
O009,C00870,T0053424,21.54
O017,C03130,T0030488,218.21
O001,C01346,T0017437,126.15
O004,C00356,T0015465,114.16
O010,C01534,T0090078,29.64
O013,C02171,T0026420,85.86
O010,C04219,T0052487,143.67
O016,C03403,T0018545,8.75
O011,C04961,T0094703,58.36
O014,C03627,T0035077,14.85
O004,C00222,T0013870,222.62
O019,C00960,T0023741,34.29
O008,C01052,T0075276,59.68
O005,C00502,T0080575,54.84
O015,C02266,T0087216,14.81
O010,C04830,T0037775,143.6
O010,C01876,T0037449,141.12
O004,C04944,T0016061,437.6
O010,C01571,T0035248,407.19
O015,C03050,T0033677,10.11
O018,C04680,T0034528,45.39
O010,C01454,T0025390,134.2
O005,C04432,T0048467,235.97
O007,C03552,T0092443,42.33
O005,C01610,T0028691,76.25
O001,C02560,T0036068,175.1
O019,C04882,T0001152,44.13
O004,C00280,T0054433,115.96
O004,C03983,T0038364,83.95
O013,C01988,T0065532,82.09
O011,C00740,T0074662,92.61
O019,C00595,T0047545,262.69
O002,C03612,T0043734,17.28
O010,C03975,T0054360,1470.4
O002,C00971,T0074391,30.31
O019,C00212,T0018069,49.82
O018,C00167,T0027874,53.98
O014,C02254,T0088623,34.8
O009,C04161,T0072217,12.77
O001,C03685,T0050726,412.87
O001,C00012,T0066340,143.03
O018,C01120,T0040113,78.92
O007,C03056,T0087683,12.81
O018,C02363,T0068333,76.52
O003,C00048,T0031306,69.74
O010,C04306,T0080319,59.11
O014,C01086,T0072399,19.56
O013,C00033,T0091709,20.32
O001,C02620,T0078187,850.62
O001,C02057,T0032022,124.7
O014,C03906,T0068030,67.53
O009,C00016,T0053179,16.98
O019,C04213,T0068837,264.14
O020,C04926,T0064452,64.08
O008,C01437,T0076638,445.59
O001,C01934,T0060426,448.3
O016,C03351,T0002500,9.85
O005,C01767,T0037731,291.94
O014,C00970,T0041109,6.46
O006,C01250,T0036149,133.82
O004,C03379,T0005164,340.56
O004,C01388,T0007085,150.69
O019,C04851,T0007585,305.04
O006,C04196,T0018006,67.09
O003,C04216,T0064603,84.95
O005,C02215,T0054792,71.35
O011,C02431,T0090510,228.73
O005,C01621,T0051657,179.98
O009,C03890,T0060218,28.93
O013,C03297,T0094630,27.27
O008,C04251,T0015803,128.75
O007,C04837,T0068082,61.7
O013,C04842,T0012142,155.88
O007,C02115,T0012161,188.93
O008,C00153,T0044017,53.95
O018,C04652,T0030245,77.03
O010,C01003,T0024954,90.52
O019,C02377,T0047802,116.42
O008,C04410,T0002794,18.81
O014,C00588,T0075751,19.05
O002,C03981,T0016639,27.57
O013,C02828,T0093163,46.25
O006,C02355,T0035251,336.85
O001,C04032,T0040296,78.64
O020,C00771,T0068863,104.64
O002,C02848,T0081558,94.27
O017,C03749,T0034544,138.57
O015,C01268,T0039088,42.14
O019,C03332,T0014810,278.92
O019,C03290,T0085183,99.14
O005,C02411,T0083803,115.29
O003,C04505,T0029291,80.63
O007,C04892,T0095879,203.59
O010,C00347,T0002229,17.83
O017,C03993,T0035376,141.92
O004,C01106,T0047348,208.8
O012,C00146,T0034665,165.76
O004,C00891,T0075390,99.59
O002,C04748,T0051853,135.13
O001,C02171,T0051406,299.47
O014,C02512,T0043758,25.72
O002,C00148,T0009392,61.45
O018,C02339,T0089331,59.7
O008,C02367,T0018310,63.61
O002,C01461,T0025703,36.66
O017,C02869,T0089923,77.37
O015,C03987,T0009893,77.76
O013,C00339,T0058271,343.56
O003,C01495,T0037181,162.94
O004,C03775,T0026340,35.9
O016,C02817,T0067067,23.29
O009,C00862,T0046531,17.65
O005,C02748,T0017383,564.09
O011,C01987,T0028615,60.02
O014,C03406,T0031261,20.58
O010,C03643,T0068106,62.58
O015,C01716,T0092403,41.91
O013,C04212,T0064944,161.81
O012,C04112,T0025859,105.34
O001,C01594,T0087836,116.31
O007,C02813,T0073457,29.07
O007,C04564,T0006361,35.61
O011,C03793,T0072005,1032.9
O011,C02580,T0039820,84.81
O019,C00157,T0038536,123.81
O011,C04234,T0074605,39.15
O008,C00622,T0019059,92.18
O012,C00568,T0057832,100.23
O019,C00387,T0035364,232.11
O007,C00352,T0092288,41.5
O020,C04369,T0062813,31.95
O001,C02751,T0079113,168.99
O020,C04794,T0082003,106.48
O002,C02650,T0074011,57.24
O005,C00121,T0066058,74.02
O015,C00958,T0068061,227.25
O005,C03129,T0039686,68.41
O004,C02092,T0013639,117.51
O018,C01308,T0092755,283.43
O005,C02821,T0021610,621.67
O016,C02643,T0039164,66.04
O019,C02166,T0006588,67.66
O014,C04782,T0007661,32.27
O003,C03573,T0032188,37.11
O011,C03020,T0075581,377.52
O020,C02420,T0056526,60.27
O020,C00887,T0045285,412.34
O001,C03421,T0006738,214.2
O012,C00647,T0075202,118.33
O007,C04918,T0084232,26.54
O008,C01890,T0066006,236.46
O013,C01082,T0026058,47.46
O003,C01548,T0051979,43.34
O007,C03602,T0054756,13.22
O014,C04715,T0032433,32.35
O016,C03880,T0047404,21.69
O005,C00376,T0058627,312.77
O015,C00825,T0090989,27.55
O020,C00802,T0040654,536.16
O008,C03179,T0072961,90.56
O005,C04147,T0082131,16.35
O006,C01402,T0064995,137.0
O016,C02755,T0067949,18.28
O001,C01394,T0006745,274.7
O011,C01979,T0053310,36.42
O009,C02764,T0067824,73.32
O002,C01449,T0012656,38.65
O019,C02966,T0010645,30.97
O001,C01670,T0085822,250.49
O010,C01305,T0029682,163.85
O014,C00922,T0025549,23.42
O013,C01501,T0023286,60.31
O011,C04639,T0019017,84.53
O011,C00568,T0094400,42.68
O001,C01701,T0020728,383.3
O005,C00994,T0040342,282.15
O016,C02210,T0004652,10.5
O001,C03713,T0083163,59.54
O018,C02668,T0038602,43.76
O014,C02760,T0017854,30.86
O014,C00805,T0073057,29.88
O008,C02835,T0066166,65.67
O014,C04830,T0082446,18.61
O002,C03353,T0084319,56.28
O020,C02022,T0024047,92.75
O019,C02468,T0074393,18.34
O019,C02465,T0053858,22.1
O002,C02527,T0059719,131.94
O011,C02127,T0023472,166.15
O013,C02688,T0038360,25.34
O016,C04260,T0043997,42.4
O002,C03586,T0063741,92.45
O020,C03397,T0029457,124.57
O010,C03412,T0036756,1246.79
O009,C03159,T0048971,23.08
O018,C00517,T0059337,71.51
O013,C01460,T0013997,32.03
O003,C00198,T0072636,117.13
O008,C01112,T0096241,316.64
O007,C01236,T0062971,18.0
O017,C02446,T0082901,45.45
O015,C01903,T0019065,50.08
O012,C02301,T0082778,363.67
O017,C04955,T0069593,87.96
O008,C04836,T0023722,84.13
O017,C01772,T0045670,105.83
O014,C04873,T0069138,23.48
O002,C04543,T0082757,39.21
O012,C02602,T0079142,26.44
O019,C04036,T0055600,40.7
O015,C01238,T0063328,46.62
O006,C04816,T0067206,135.95
O012,C02722,T0078373,71.51
O003,C04382,T0069465,59.72
O007,C04138,T0082724,37.86
O011,C01571,T0067845,98.73
O010,C02050,T0023092,19.92
O017,C04791,T0085909,54.54
O014,C00079,T0097003,17.75
O004,C03185,T0029657,250.85
O001,C03938,T0066369,174.18
O011,C00238,T0088201,166.67
O010,C04432,T0098932,78.24
O017,C02802,T0079809,18.34
O004,C02093,T0096553,2070.25
O004,C01826,T0093869,111.57
O018,C03275,T0084271,950.04
O007,C03873,T0030352,52.77
O009,C00908,T0006223,8.8
O019,C02011,T0036614,17.0
O019,C03666,T0030000,18.54
O014,C04211,T0018877,40.84
O020,C03722,T0076333,65.34
O019,C03506,T0038329,80.14
O001,C04952,T0042605,110.55
O015,C00138,T0012715,54.03
O013,C04178,T0073946,50.03
O005,C04554,T0012417,123.2
O005,C01923,T0017625,125.31
O014,C04799,T0084702,19.33
O002,C00129,T0091941,82.55
O001,C04028,T0064976,174.08
O012,C02585,T0060794,144.16
O016,C03470,T0095128,63.05
O005,C04400,T0025308,49.06
O013,C01786,T0012655,18.25
O016,C04024,T0009477,65.77
O006,C01335,T0004631,39.45
O002,C04842,T0004870,58.25
O014,C04591,T0098925,15.23
O017,C02625,T0003805,530.44
O010,C03496,T0043891,113.41
O005,C03824,T0095730,42.98
O013,C03466,T0063881,28.98
O008,C04831,T0017428,121.99
O008,C01221,T0022788,99.72
O015,C02105,T0020671,182.92
O013,C00123,T0074822,455.37
O002,C03385,T0054417,67.41
O018,C03010,T0032715,139.34
O016,C01033,T0077000,9.49
O006,C00598,T0083978,21.77
O016,C04926,T0014339,33.1
O001,C01793,T0093660,88.71
O003,C01716,T0066838,78.22
O020,C04890,T0029495,155.3
O019,C00415,T0070735,49.63
O004,C03582,T0062973,31.79
O017,C01408,T0055901,472.34
O013,C01724,T0076722,76.43
O017,C02453,T0062977,1839.1
O009,C04019,T0004633,24.58
O018,C03635,T0065061,94.42
O007,C00921,T0063045,101.42
O012,C03479,T0087171,32.57
O010,C02573,T0008419,55.66
O010,C00293,T0012665,171.63
O002,C02230,T0098783,11.8
O001,C04620,T0045705,155.22
O003,C04363,T0029371,172.59
O013,C01253,T0082879,27.23
O003,C03316,T0061353,65.9
O018,C04426,T0093313,153.52
O005,C01647,T0037707,84.76
O017,C03919,T0048455,259.18
O013,C02595,T0013802,34.86
O015,C04181,T0024853,28.62
O018,C03171,T0078978,64.73
O005,C01978,T0096188,54.3
O001,C04192,T0072104,550.27
O019,C02338,T0081654,50.77
O016,C01951,T0024740,27.22
O014,C01386,T0035992,12.3
O002,C02315,T0089162,381.41
O010,C04319,T0011766,94.1
O018,C02561,T0073486,49.94
O007,C03098,T0084175,82.91
O006,C04063,T0013234,104.93
O012,C03038,T0011897,65.26
O003,C01987,T0075391,82.48
O011,C02092,T0084648,220.29
O005,C04066,T0061952,88.25
O015,C03737,T0032074,44.81
O015,C01563,T0067806,24.76
O019,C00319,T0039262,28.52
O017,C02653,T0003436,191.62
O006,C02570,T0026336,126.71
O008,C04070,T0002325,108.02
O012,C03359,T0097959,160.32
O017,C02304,T0091917,53.18
O010,C02322,T0054917,54.93
O008,C03408,T0055147,355.54
O017,C04199,T0020838,78.43
O017,C03532,T0020946,66.24
O019,C01248,T0070186,10.72
O010,C01812,T0077289,414.2
O006,C02234,T0093010,36.6
O013,C00642,T0046986,132.37
O006,C04866,T0094804,127.39
O009,C03934,T0088044,51.35
O004,C04000,T0092593,122.88
O018,C04490,T0016186,28.06
O014,C03516,T0046747,20.43
O001,C02980,T0009679,44.55
O020,C01886,T0019005,86.24
O015,C00311,T0026945,26.43
O017,C03043,T0025047,121.1
O006,C00928,T0069019,337.15
O004,C00913,T0061795,1437.12
O014,C02451,T0076782,61.42
O004,C01303,T0078066,78.79
O001,C02207,T0023244,224.56
O008,C02025,T0019855,75.47
O020,C00400,T0003811,140.0
O009,C02887,T0054229,23.9
O014,C03344,T0042305,26.15
O015,C04547,T0086617,43.52
O005,C00090,T0064821,20.13
O008,C02116,T0010380,111.81
O008,C00420,T0060396,249.27
O004,C02135,T0048000,28.72
O001,C04817,T0042856,70.47
O010,C02980,T0078000,87.02
O005,C03178,T0050406,268.29
O008,C01086,T0050614,581.79
O005,C02490,T0043405,86.97
O008,C01417,T0058746,835.89
O003,C03479,T0094213,279.35
O013,C03605,T0074362,24.09
O004,C02016,T0051234,611.76
O016,C03917,T0001924,22.51
O007,C01153,T0040406,30.75
O009,C03921,T0006719,34.21
O002,C00386,T0007784,201.44
O005,C00578,T0015904,690.99
O020,C00208,T0016395,103.18
O020,C01702,T0047717,231.74
O019,C01896,T0036472,35.58
O011,C02407,T0067854,12.59
O014,C00668,T0089420,31.86
O008,C01607,T0080435,590.94
O013,C01257,T0019428,151.06
O012,C01548,T0062163,183.52
O003,C00847,T0098640,56.29
O010,C03246,T0045832,212.68
O001,C00669,T0042596,50.7
O004,C03465,T0026675,209.41
O011,C03214,T0082617,36.7
O001,C04022,T0094490,191.74
O016,C02426,T0058757,46.24
O004,C02125,T0002693,126.87
O008,C04750,T0069803,62.23
O016,C01766,T0039934,71.6
O017,C01136,T0030064,74.23
O014,C03433,T0025433,15.18
O005,C01214,T0025891,97.59
O013,C01521,T0014729,115.39
O005,C01432,T0097797,52.27
O014,C00146,T0089344,27.81
O003,C04973,T0006235,398.9
O018,C01034,T0047503,120.37
O005,C00402,T0021164,45.42
O018,C03852,T0094978,325.01
O016,C02439,T0013361,44.94
O013,C00757,T0088067,83.57
O012,C01576,T0094897,164.56
O009,C01196,T0070886,8.22
O007,C04534,T0057741,6.22
O004,C04374,T0022333,61.33
O013,C00886,T0023860,41.77
O008,C01733,T0009711,179.35
O011,C00594,T0095093,181.71
O005,C04665,T0057356,668.15
O005,C03442,T0093525,212.07
O005,C03233,T0084771,21.29
O015,C03767,T0013016,196.42
O019,C02728,T0001113,10.03
O002,C01675,T0038574,21.06
O007,C01976,T0010355,61.29
O005,C00205,T0092304,198.22
O007,C01236,T0006637,252.33
O006,C00807,T0002319,102.95
O013,C04437,T0032261,57.61
O001,C03733,T0043234,53.73
O017,C01584,T0085917,132.89
O015,C01743,T0078098,57.52
O012,C04787,T0083566,845.11
O010,C04203,T0078260,112.77
O009,C00735,T0073641,14.95
O015,C01231,T0000292,136.55
O016,C01198,T0068450,10.85
O015,C04917,T0001762,17.38
O010,C01769,T0069029,142.71
O013,C03445,T0009159,321.33
O001,C02361,T0099751,428.67
O017,C01590,T0028557,64.3
O018,C00813,T0091765,6.67
O007,C03338,T0002191,24.2
O008,C02942,T0031602,2727.44
O006,C00817,T0027927,301.15
O020,C02322,T0089623,82.19
O013,C00168,T0083841,35.6
O018,C04673,T0023455,85.53
O007,C04671,T0001515,129.44
O002,C02361,T0075822,52.31
O014,C04927,T0013023,223.01
O019,C04127,T0008525,18.67
O006,C03198,T0030240,188.52
O002,C01840,T0028215,80.45
O005,C02165,T0066842,84.5
O009,C00788,T0025725,35.65
O020,C03268,T0018120,83.38
O013,C01350,T0023194,69.53
O015,C01519,T0004344,70.95
O016,C01058,T0051969,197.2
O015,C02835,T0044970,330.98
O011,C01142,T0092514,42.86
O009,C04314,T0065142,11.14
O013,C03703,T0019727,79.3
O008,C02354,T0044021,96.76
O005,C04198,T0024005,565.44
O008,C03880,T0055668,129.29
O008,C00911,T0094063,124.74
O008,C04962,T0071881,1628.84
O013,C00206,T0037557,188.96
O005,C03356,T0050423,22.25
O007,C02157,T0029977,21.38
O008,C01316,T0049088,136.59
O019,C01679,T0074875,40.0
O010,C03932,T0028953,48.73
O018,C00528,T0011159,36.42
O005,C03614,T0052703,1080.12
O004,C00630,T0046327,22.45
O013,C04451,T0007792,73.3
O014,C00527,T0076863,24.06
O008,C02716,T0049740,60.93
O008,C01960,T0091998,57.09
O004,C03899,T0072134,58.11
O002,C01036,T0002519,28.63
O010,C04196,T0097458,313.29
O017,C02010,T0066766,59.59
O013,C03391,T0017545,80.85
O003,C01227,T0095073,13.56
O012,C01442,T0016256,119.85
O011,C02295,T0047782,150.0
O014,C02705,T0041911,36.31
O007,C04714,T0012674,19.67
O011,C01960,T0053117,372.07
O005,C03279,T0071548,153.66
O005,C03921,T0035017,226.19
O013,C01337,T0053585,87.48
O010,C00246,T0050952,105.92
O004,C02116,T0014086,78.56
O002,C02750,T0040803,29.73
O020,C03048,T0094841,108.38
O015,C02983,T0031492,110.25
O006,C01730,T0024248,1493.12
O005,C00907,T0053689,31.93
O016,C03326,T0011220,54.07
O008,C04706,T0007652,81.47
O018,C01669,T0042808,102.7
O016,C04429,T0004934,11.11
O020,C03585,T0054510,605.2
O001,C01205,T0022855,61.29
O016,C04052,T0031135,71.12
O003,C04645,T0019268,161.68
O006,C04719,T0056208,65.46
O020,C03484,T0015802,231.83
O011,C03791,T0083930,257.86
O019,C04479,T0009181,33.55
O017,C02245,T0099476,434.74
O008,C00771,T0048078,27.2
O005,C02512,T0006884,88.05
O018,C03822,T0014530,105.97
O001,C03119,T0048027,508.21
O009,C01424,T0069580,15.41
O019,C00359,T0038464,23.15
O017,C04284,T0004538,91.37
O008,C02921,T0053028,45.62
O002,C04902,T0063488,29.85
O002,C01155,T0093572,240.01
O015,C01621,T0006531,120.91
O016,C03302,T0057317,29.15
O005,C02242,T0016065,363.37
O018,C03758,T0063387,111.61
O003,C04602,T0011354,180.36
O012,C03498,T0089971,117.91
O004,C00631,T0063863,66.56
O008,C01064,T0081103,47.78
O005,C00852,T0072519,59.14
O020,C02087,T0054081,58.6
O008,C03645,T0070286,402.03
O009,C00830,T0048626,18.71
O020,C01172,T0023403,36.37
O009,C01068,T0006716,43.18
O010,C02647,T0071602,38.97
O010,C01229,T0039483,213.31
O007,C01807,T0042124,14.69
O018,C01324,T0067652,94.2
O006,C03801,T0092815,462.2
O003,C04966,T0074350,116.27
O015,C03610,T0095556,92.33
O005,C02384,T0047311,818.33
O014,C04660,T0096081,32.26
O009,C04366,T0005663,8.47
O006,C01735,T0057546,83.31
O018,C00270,T0064014,60.84
O016,C04811,T0079127,16.12
O004,C03073,T0044844,437.03
O011,C03168,T0077680,63.89
O016,C03198,T0047507,24.16
O006,C00941,T0097298,72.43
O020,C04658,T0002514,240.81
O017,C02172,T0058802,122.97
O018,C02755,T0016244,31.81
O020,C01115,T0026384,130.2
O013,C02824,T0044696,125.28
O004,C01598,T0000246,66.01
O010,C03581,T0040921,65.5
O007,C00858,T0010285,76.28
O019,C04606,T0025306,181.44
O001,C02415,T0011863,328.57
O018,C03174,T0070190,185.32
O011,C02911,T0040929,33.41
O004,C00368,T0020662,115.01
O020,C02951,T0076206,182.99
O014,C03737,T0056478,25.46
O018,C01556,T0007838,19.88
O002,C01622,T0039806,43.26
O017,C02260,T0049675,41.61
O012,C00034,T0074006,154.32
O011,C01500,T0085624,84.78
O006,C00786,T0079499,97.7
O004,C00915,T0011632,65.22
O015,C01385,T0097381,22.83
O007,C04006,T0020098,71.2
O007,C03263,T0017364,7.66
O002,C04026,T0004956,41.63
O013,C00561,T0007603,47.17
O002,C00143,T0006077,50.84
O009,C03306,T0035061,10.18
O013,C03999,T0030353,63.76
O016,C04641,T0014154,32.46
O007,C01721,T0010968,12.05
O015,C02935,T0006818,25.76
O015,C01530,T0004090,29.56
O002,C02248,T0017268,31.1
O001,C01480,T0007883,125.52
O001,C02228,T0046259,163.45
O018,C00338,T0063260,33.12
O008,C04857,T0004278,879.64
O015,C02045,T0009119,44.01
O001,C03205,T0088263,114.24
O019,C04169,T0037173,115.67
O004,C04015,T0078038,79.09
O014,C01587,T0059169,64.3
O011,C04912,T0039760,144.7
O017,C03996,T0015418,55.58
O012,C00117,T0002230,199.91
O006,C02655,T0068948,63.68
O019,C00173,T0057121,71.15
O004,C04195,T0060157,415.88
O006,C00875,T0073500,94.42
O003,C01025,T0020140,12.09
O002,C01738,T0040846,17.5
O011,C03611,T0092405,60.06
O005,C03783,T0025358,145.31
O019,C02858,T0010366,68.98
O012,C04256,T0055252,57.68
O006,C04101,T0063179,182.38
O019,C00149,T0024700,328.93
O005,C04655,T0044488,119.55
O014,C02966,T0016589,33.34
O007,C03928,T0011323,13.03
O001,C00643,T0077180,415.22
O012,C04150,T0068745,19.13
O006,C02613,T0079030,64.9
O005,C03669,T0025766,81.41
O005,C01565,T0049186,36.34
O001,C03308,T0007787,255.39
O004,C01717,T0090566,101.25
O013,C00853,T0030605,44.64
O010,C00440,T0093080,166.63
O014,C04406,T0055524,29.46
O020,C02373,T0025632,174.96
O011,C01355,T0059705,1643.73
O013,C04005,T0066089,39.16
O001,C01587,T0022522,128.52
O015,C01607,T0073536,54.22
O003,C02501,T0030472,13.83
O014,C01716,T0095612,18.96
O017,C00833,T0011572,548.77
O016,C01495,T0092051,23.65
O004,C03933,T0088142,64.18
O005,C03330,T0029896,145.73
O004,C03757,T0009603,28.83
O018,C01074,T0029572,34.72
O019,C02547,T0031448,30.81
O020,C00279,T0008371,51.0
O012,C02910,T0052798,424.93
O015,C00748,T0053415,52.69
O014,C04866,T0085762,9.86
O015,C00017,T0099883,34.03
O017,C02655,T0045090,111.44
O015,C00340,T0066323,6.81
O016,C00157,T0039940,327.42
O020,C02812,T0004923,98.91
O016,C01082,T0039712,14.45
O012,C04477,T0062147,84.65
O017,C03735,T0056640,44.18
O019,C00297,T0027947,35.91
O002,C04768,T0064095,26.5
O020,C02174,T0066462,28.25
O003,C00500,T0073717,46.87
O018,C01750,T0003202,386.11
O001,C01767,T0031714,72.16
O017,C00531,T0046652,26.43
O011,C01337,T0086150,72.2
O006,C02429,T0008971,63.1
O004,C02610,T0057098,221.11
O012,C02532,T0004335,47.51
O004,C03907,T0063734,230.01
O002,C03477,T0098376,10.58
O001,C03586,T0040591,75.33
O009,C02170,T0044426,20.22
O001,C04898,T0036844,67.77
O009,C02184,T0086177,59.13
O017,C04997,T0003934,374.23
O001,C03559,T0025189,328.38
O019,C03124,T0066765,277.35
O012,C00558,T0099034,127.31
O003,C01885,T0067469,121.53
O010,C01083,T0081375,325.55
O009,C03778,T0044250,10.79
O017,C02785,T0048181,212.05
O016,C00971,T0099394,32.18
O001,C01691,T0011247,45.61
O014,C03499,T0082120,26.54
O003,C00201,T0087755,134.5
O014,C00459,T0007229,56.09
O010,C00901,T0040960,1413.3
O001,C02945,T0036436,739.64
O016,C02794,T0076021,63.58
O012,C01354,T0077902,97.96
O009,C01332,T0010450,5.87
O010,C00446,T0087102,111.74
O020,C03825,T0054946,40.35
O016,C00236,T0015501,39.45
O006,C02804,T0060154,53.56
O018,C02254,T0047731,29.36
O017,C04475,T0048394,131.87
O015,C00760,T0036971,141.75
O011,C00564,T0023745,62.13
O018,C04773,T0064349,7.64
O014,C03616,T0090380,54.41
O013,C00517,T0089790,31.25
O019,C04287,T0001556,30.06
O013,C01425,T0079061,18.0
O003,C01954,T0061611,158.67
O004,C00296,T0042422,100.49
O003,C01011,T0050558,89.29
O007,C00334,T0006669,24.6
O009,C04944,T0015994,19.81
O017,C00463,T0013983,187.98
O004,C01104,T0016532,486.56
O003,C03472,T0045096,65.09
O006,C04854,T0014617,175.97
O004,C01622,T0047696,547.44
O007,C04492,T0017099,33.82
O014,C03200,T0039014,96.77
O007,C00057,T0064212,80.57
O011,C02736,T0029950,88.88
O004,C03768,T0032697,163.8
O014,C00310,T0040119,11.22
O001,C03502,T0043274,177.21
O003,C01849,T0044720,328.08
O008,C03488,T0011228,33.33
O013,C03402,T0085750,57.31
O015,C04774,T0061437,27.7
O012,C02487,T0095371,103.4
O009,C03281,T0063205,16.37
O020,C00800,T0098438,43.03
O004,C02488,T0029522,22.17
O005,C01924,T0097016,311.07
O006,C00066,T0096362,133.19
O012,C04100,T0072734,342.14
O009,C01082,T0075396,19.04
O013,C00069,T0084039,40.32
O009,C03586,T0056506,16.69
O019,C01878,T0048663,76.75
O014,C01503,T0049487,2.24
O017,C02865,T0000404,180.31
O016,C04166,T0016673,64.49
O016,C00595,T0081037,75.26
O010,C01354,T0007767,103.63
O016,C01813,T0036974,9.39
O008,C00536,T0032889,108.57
O018,C02135,T0057041,74.0
O019,C01494,T0056492,24.07
O020,C04972,T0069529,154.04
O020,C00497,T0078871,30.09
O014,C04774,T0081714,149.41
O009,C02046,T0081240,9.32
O008,C04626,T0074192,99.74
O018,C03350,T0059092,39.54
O001,C04707,T0044792,219.85
O020,C02524,T0043723,169.68
O003,C02791,T0003123,68.33
O016,C02652,T0068711,180.14
O005,C04979,T0060584,55.88
O009,C00523,T0044435,10.73
O018,C01242,T0041445,74.65
O011,C04350,T0077614,27.97
O015,C04845,T0002653,52.74
O003,C04063,T0006076,137.16
O012,C02429,T0033874,52.8
O001,C02052,T0014876,594.47
O009,C04893,T0029448,24.04
O009,C01614,T0011138,27.78
O007,C00557,T0033155,22.14
O011,C02200,T0053075,73.01
O017,C00481,T0028922,122.26
O003,C02563,T0065379,21.84
O006,C01750,T0015919,1259.63
O006,C00199,T0093565,18.9
O016,C04279,T0026406,276.83
O017,C00829,T0057968,39.37
O002,C03145,T0091795,53.36
O009,C03361,T0068325,5.56
O008,C04492,T0079721,74.08
O004,C02117,T0082651,79.85
O015,C03219,T0075107,23.97
O005,C01122,T0053123,88.13
O018,C03891,T0071889,446.77
O018,C02511,T0026463,24.69
O008,C01644,T0076307,170.46
O013,C04429,T0043687,23.42
O020,C02883,T0022291,304.74
O003,C03352,T0016573,59.08
O002,C04658,T0076760,120.89
O002,C02249,T0069460,46.62
O012,C02978,T0059731,113.48
O008,C03161,T0013614,19.3
O020,C01713,T0008235,205.1
O013,C03658,T0060651,305.78
O010,C00081,T0094092,51.62
O008,C00174,T0008807,38.17
O014,C00293,T0036059,15.96
O002,C02996,T0029753,22.15
O003,C03144,T0083611,73.08
O014,C02210,T0043448,26.48
O004,C00891,T0084707,477.49
O019,C01211,T0038616,108.69
O018,C00979,T0013172,30.13
O015,C00562,T0061284,104.67
O004,C01228,T0011454,218.88
O017,C03374,T0068683,17.04
O002,C04087,T0051076,44.42
O018,C01860,T0063154,82.46
O016,C00501,T0075311,15.42
O013,C00837,T0033270,70.63
O019,C03301,T0045548,10.38
O003,C02395,T0009448,210.76
O009,C01470,T0016228,14.35
O012,C01857,T0096099,73.61
O017,C01471,T0072241,131.74
O002,C01781,T0045192,28.64
O002,C00393,T0000410,55.56
O014,C00319,T0061016,51.2
O004,C03891,T0037632,245.95
O012,C03721,T0082296,222.27
O002,C03536,T0060918,86.98
O010,C04524,T0003043,57.07
O007,C04129,T0079660,40.05
O010,C03389,T0096489,49.47
O018,C04291,T0080245,39.57
O010,C03977,T0095410,255.9
O014,C02812,T0069313,28.84
O013,C03880,T0072629,49.98
O004,C02032,T0081392,111.22
O018,C03498,T0057424,34.45
O003,C04158,T0018885,972.68
O013,C01493,T0062877,89.89
O019,C04792,T0071920,18.92
O004,C00648,T0004850,92.37
O010,C01461,T0069091,190.65
O011,C04133,T0063932,157.69
O017,C03494,T0056349,128.0
O003,C04811,T0017478,58.92
O008,C01016,T0036026,136.97
O009,C03745,T0070469,7.54
O003,C02320,T0059689,1470.88
O009,C02315,T0050480,12.17
O011,C04161,T0061100,55.61
O015,C03502,T0009380,24.92
O016,C00439,T0084468,75.73
O010,C01380,T0018291,337.79
O014,C03221,T0038136,26.15
O014,C01340,T0063327,4.81
O003,C03161,T0078172,98.19
O009,C02770,T0010038,15.73
O015,C02108,T0006840,5.14
O019,C00122,T0009829,46.46
O015,C03914,T0064949,315.87
O015,C02574,T0098774,101.97
O004,C03674,T0032691,72.28
O008,C00200,T0040128,255.9
O014,C03448,T0072089,20.74
O004,C04101,T0076791,349.43
O020,C01123,T0009891,80.05
O002,C01624,T0078606,11.74
O020,C03606,T0057325,39.01
O005,C02479,T0057537,841.05
O002,C00849,T0098720,35.27
O005,C00885,T0007775,429.21
O003,C02111,T0025480,52.3
O006,C01911,T0097485,43.01
O003,C03713,T0042776,163.33
O004,C04371,T0054426,11.69
O002,C01556,T0001570,60.14
O019,C00188,T0099964,87.51
O002,C00639,T0038673,136.04
O007,C04914,T0071795,47.49
O001,C00619,T0071427,103.83
O019,C02963,T0052171,60.04
O016,C00889,T0097224,9.4
O008,C00565,T0028413,63.73
O014,C03419,T0094144,25.47
O007,C04994,T0001230,
O002,C03447,T0077718,51.64
O012,C04504,T0099455,479.82
O008,C04796,T0010931,48.17
O008,C04709,T0080946,450.16
O015,C01922,T0038472,324.95
O020,C00941,T0027100,38.7
O002,C03994,T0053164,71.6
O016,C02169,T0089730,24.78
O014,C03882,T0061368,29.73
O020,C00083,T0040161,53.92
O009,C01427,T0079240,25.79
O019,C01058,T0070585,32.53
O011,C03343,T0098395,691.53
O010,C01049,T0084989,73.07
O008,C01812,T0008346,41.67
O006,C03132,T0065974,147.78
O020,C00188,T0058944,39.32
O017,C01473,T0081541,1505.12
O009,C01363,T0043075,20.69
O006,C01470,T0034868,87.26
O006,C01542,T0082220,432.11
O001,C01283,T0029545,33.83
O005,C04215,T0031673,250.89
O008,C03609,T0022421,105.77
O007,C04781,T0009239,22.96
O012,C02887,T0081873,49.96
O016,C02274,T0034687,73.0
O007,C01204,T0081795,369.79
O016,C02241,T0024702,24.53
O018,C00557,T0037619,86.99
O010,C04092,T0068085,46.63
O012,C00625,T0089272,1457.14
O011,C03984,T0056889,103.44
O005,C03487,T0019910,153.98
O007,C04087,T0020956,8.14
O007,C02084,T0049059,53.45
O009,C02833,T0042263,104.41
O012,C03624,T0022656,77.2
O002,C00055,T0076476,24.08
O019,C00387,T0015076,22.17
O001,C03149,T0029956,77.24
O019,C03614,T0080444,46.18
O019,C03879,T0084703,50.04
O019,C00551,T0073110,90.62
O012,C04634,T0089286,73.84
O003,C00793,T0034101,74.82
O019,C00718,T0089686,517.3
O010,C01419,T0080787,93.51
O002,C04744,T0009402,44.62
O010,C00044,T0036701,101.94
O011,C04982,T0000160,32.2
O006,C03162,T0002597,139.73
O007,C00277,T0072891,24.43
O008,C03663,T0019735,1328.81
O019,C03544,T0018530,125.04
O004,C04628,T0017812,960.04
O011,C00994,T0097751,124.74
O008,C04176,T0038640,102.6
O018,C02739,T0037845,48.08
O007,C01499,T0078694,160.51
O001,C01587,T0002443,279.86
O013,C03546,T0009826,19.38
O006,C02823,T0068932,81.83
O001,C02782,T0038688,88.1
O008,C04687,T0004966,17.02
O009,C03804,T0065221,9.96
O011,C00565,T0057818,721.08
O015,C04810,T0093188,58.24
O014,C00559,T0073482,29.2
O002,C03870,T0044591,31.35
O009,C00720,T0067118,16.74
O005,C01351,T0039142,370.35
O014,C04145,T0081739,13.71
O005,C01105,T0041883,162.05
O011,C00076,T0001467,355.5
O011,C03797,T0034212,143.59
O001,C03592,T0078524,36.33
O008,C01391,T0052758,19.07
O005,C04310,T0015031,379.81
O015,C04487,T0045138,235.09
O002,C01981,T0017528,281.75
O014,C04555,T0023125,106.72
O009,C02558,T0030588,12.25
O011,C00079,T0046825,222.27
O007,C02855,T0048116,90.79
O016,C00127,T0003455,118.43
O004,C01726,T0050931,138.41
O012,C00438,T0002901,150.59
O003,C03926,T0031235,88.08
O006,C04546,T0018705,53.73
O001,C03554,T0058456,353.71
O016,C02948,T0030946,105.95
O009,C01722,T0006328,104.57
O015,C04124,T0031670,30.08
O001,C02291,T0099629,93.12
O014,C01466,T0099768,11.73
O019,C00481,T0068164,25.92
O001,C00225,T0029574,127.37
O020,C00960,T0004673,132.52
O017,C03571,T0039534,155.35
O004,C03627,T0026164,643.58
O001,C03341,T0053699,143.26
O019,C00841,T0038497,67.01
O004,C01303,T0044704,81.48
O008,C01609,T0075705,56.97
O001,C00234,T0013208,35.67
O001,C00510,T0069108,626.9
O012,C00578,T0043229,51.7
O003,C01372,T0062088,26.41
O014,C02819,T0031893,29.33
O017,C02210,T0098171,98.95
O008,C04470,T0015527,346.81
O005,C02294,T0054739,101.73
O007,C02364,T0021818,232.06
O012,C01335,T0073129,64.77
O007,C01422,T0054239,50.19
O005,C03146,T0041089,39.93
O001,C02224,T0085492,114.52
O005,C02745,T0003445,240.46
O003,C00366,T0051493,38.05
O003,C02131,T0040915,174.81
O005,C02644,T0042319,149.92
O015,C00471,T0073694,25.02
O007,C03295,T0047622,82.39
O009,C01356,T0025035,16.31
O001,C03282,T0058526,50.4
O006,C04668,T0005225,128.29
O019,C02677,T0064147,31.1
O009,C03460,T0051238,7.25
O018,C01281,T0096749,48.61
O016,C04208,T0026576,98.69
O009,C03244,T0001972,20.17
O006,C00489,T0021465,266.38
O017,C00655,T0027440,23.9
O013,C01196,T0061582,37.86
O009,C04354,T0076784,14.48
O008,C00894,T0058065,77.77
O001,C03359,T0006142,81.14
O016,C04370,T0069236,82.28
O018,C04687,T0024147,163.65
O007,C02889,T0010011,18.48
O002,C02832,T0001418,302.44
O009,C02512,T0014961,11.3
O013,C04553,T0027479,234.0
O014,C02961,T0090747,10.52
O013,C04456,T0008191,59.74
O014,C02103,T0023372,25.17
O013,C02905,T0097996,108.46
O010,C04314,T0064992,106.12
O018,C00416,T0072730,25.52
O005,C01520,T0045003,223.11
O014,C03619,T0053198,13.96
O009,C00103,T0098517,18.95
O006,C04725,T0084367,480.31
O002,C00393,T0039113,276.27
O015,C02797,T0039441,39.21
O016,C01001,T0053745,84.31
O017,C01742,T0097422,993.82
O012,C01568,T0025726,65.64
O017,C01085,T0010438,111.7
O020,C01557,T0029883,112.33
O007,C03052,T0028442,29.3
O003,C03326,T0099457,74.81
O001,C04028,T0066121,113.89
O010,C03630,T0047196,315.11
O011,C03553,T0067605,190.67
O014,C00181,T0042288,99.0
O010,C03527,T0090320,41.65
O003,C03828,T0023220,517.19
O015,C01829,T0089587,22.55
O019,C04365,T0054516,68.05
O007,C03968,T0052493,32.82
O015,C03231,T0016564,5.34
O015,C01228,T0017716,122.53
O015,C01961,T0012621,38.95
O009,C02938,T0026128,5.85
O012,C04882,T0092348,25.8
O016,C04930,T0069851,21.22
O012,C03171,T0045906,262.89
O020,C03272,T0035263,220.8
O018,C02222,T0096883,18.82
O001,C02617,T0091590,783.34
O004,C01571,T0059162,430.32
O006,C02297,T0034502,195.45
O003,C03262,T0067283,83.81
O010,C00240,T0040904,402.41
O005,C04061,T0033891,80.5
O019,C04771,T0047924,97.09
O006,C04592,T0032197,178.26
O017,C01705,T0080247,35.76
O011,C03413,T0067136,64.57
O010,C03113,T0085233,-0.18
O014,C02978,T0045357,11.62
O014,C00200,T0050631,19.09
O019,C04744,T0012484,18.63
O016,C02476,T0011208,62.97
O013,C01319,T0081543,161.23
O003,C00140,T0033589,93.3
O001,C02066,T0062536,1452.45
O014,C04339,T0009876,103.22
O005,C02152,T0002365,249.43
O007,C00787,T0074075,24.78
O007,C03361,T0076260,84.04
O004,C00429,T0056932,87.51
O017,C00505,T0046784,150.93
O007,C04800,T0077291,10.52
O002,C01404,T0080766,37.42
O013,C03461,T0054127,302.47
O007,C03997,T0029460,31.04
O013,C04641,T0048946,66.43
O020,C00685,T0098155,76.38
O008,C04328,T0027071,163.18
O003,C01771,T0059710,90.67
O015,C00707,T0034269,9.55
O006,C02528,T0058523,180.25
O013,C00365,T0048697,647.46
O010,C04793,T0068791,89.31
O020,C03542,T0095820,605.2
O007,C00314,T0071378,16.86
O004,C04134,T0003883,117.05
O007,C02823,T0056015,46.56
O012,C01444,T0048237,74.58
O018,C03225,T0092399,51.33
O017,C03245,T0079690,61.73
O003,C01177,T0020866,57.74
O006,C01883,T0050686,85.76
O020,C03762,T0071083,223.97
O012,C01086,T0049885,63.98
O011,C04441,T0058732,81.77
O003,C02187,T0061364,118.37
O013,C00920,T0095966,101.04
O002,C00288,T0050514,292.56
O007,C04787,T0051822,12.55
O009,C04545,T0044400,49.84
O001,C03250,T0070923,471.05
O009,C04650,T0014165,16.58
O007,C04176,T0091250,64.94
O014,C02597,T0048747,154.18
O002,C04094,T0010815,78.88
O011,C02238,T0060713,89.65
O012,C00122,T0014792,102.32
O013,C01546,T0065871,320.54
O004,C04497,T0016610,99.17
O004,C03821,T0070109,208.71
O019,C01178,T0017996,121.88
O016,C04352,T0087000,62.63
O001,C00640,T0052833,636.96
O006,C00576,T0027056,181.31
O003,C03116,T0095281,86.97
O019,C00167,T0046527,26.28
O009,C03353,T0028821,11.41
O018,C03965,T0039618,161.99
O013,C01943,T0007181,21.7
O007,C04782,T0054418,27.16
O015,C01634,T0085373,128.19
O004,C02357,T0043646,36.82
O007,C00832,T0063264,26.76
O019,C01493,T0045812,93.19
O020,C00586,T0017991,30.98
O009,C02728,T0092887,10.5
O020,C02424,T0035041,33.97
O013,C01053,T0066773,73.21
O016,C03832,T0029521,15.45
O011,C00425,T0078550,76.85
O015,C02449,T0082532,320.57
O005,C02339,T0051375,56.37
O014,C02954,T0078439,196.19
O010,C01021,T0030582,69.12
O003,C04156,T0063722,84.99
O007,C00782,T0088806,33.15
O012,C01669,T0057186,535.25
O016,C02851,T0023261,26.94
O016,C00806,T0025815,49.39
O001,C04350,T0073838,130.52
O016,C01758,T0093659,23.04
O016,C04566,T0079049,22.08
O013,C03364,T0007355,77.51
O006,C01855,T0025592,39.54
O014,C00126,T0050859,47.74
O012,C04870,T0016336,326.07
O015,C04933,T0064532,29.96
O007,C04900,T0043015,35.59
O007,C03648,T0034140,72.91
O016,C02424,T0038211,119.11
O010,C01483,T0097288,52.88
O017,C00667,T0075899,76.54
O009,C00505,T0040149,64.32
O020,C03493,T0041255,132.81
O008,C04571,T0063361,93.82
O007,C00970,T0097744,20.05
O005,C02900,T0079226,137.81
O002,C02607,T0045037,43.61
O004,C04811,T0014266,601.59
O005,C02505,T0063950,58.71
O006,C02053,T0012136,30.45
O009,C01217,T0063236,5.36
O004,C00240,T0073614,20.68
O002,C03332,T0051741,59.26
O004,C02057,T0020217,47.05
O008,C00159,T0028522,87.7
O001,C04922,T0067748,17.24
O008,C04984,T0020964,215.1
O017,C02632,T0001250,311.57
O011,C04762,T0088633,927.82
O014,C02365,T0093383,34.74
O013,C00758,T0015587,17.31
O019,C02066,T0038124,13.64
O002,C01077,T0091343,96.1
O020,C03757,T0081188,90.91
O012,C00580,T0004724,91.93
O018,C00148,T0040363,25.44
O020,C03350,T0037958,124.78
O012,C04053,T0041502,83.82
O020,C03768,T0063597,68.78
O005,C03480,T0082836,14.18
O004,C01752,T0095639,108.31
O018,C00197,T0035324,46.43
O018,C00203,T0029172,18.76
O018,C01064,T0069731,25.56
O020,C04915,T0016112,25.12
O019,C04053,T0005973,89.25
O018,C01482,T0084365,69.24
O013,C04244,T0016894,17.91
O020,C04877,T0008500,102.51
O016,C01521,T0073005,7.14
O011,C04505,T0059882,55.14
O004,C04945,T0005893,30.3
O015,C03140,T0080972,300.22
O011,C03321,T0043019,85.69
O018,C00833,T0012518,47.69
O018,C04286,T0077082,79.6
O019,C02326,T0016492,56.66
O018,C00760,T0058154,78.31
O014,C03129,T0011847,29.84
O003,C01341,T0086775,195.07
O008,C00925,T0062285,115.22
O003,C00579,T0019033,52.34
O019,C04232,T0002533,78.9
O011,C04652,T0063069,63.48
O018,C00217,T0003262,84.66
O017,C00891,T0023656,134.8
O011,C00704,T0084373,165.8
O008,C04584,T0074621,133.6
O018,C04459,T0099356,51.08
O015,C03518,T0094999,10.78
O016,C00177,T0095747,10.55
O006,C01299,T0059292,326.8
O018,C04120,T0076352,104.38
O018,C00063,T0017924,56.54
O006,C00230,T0073350,43.42
O017,C02290,T0048265,253.65
O016,C03878,T0086649,21.57
O014,C02376,T0021899,49.52
O010,C03760,T0084049,106.93
O004,C03764,T0011230,53.19
O004,C04190,T0075641,70.2
O019,C00363,T0023288,75.62
O001,C03941,T0070245,203.28
O005,C03839,T0051814,33.01
O009,C03871,T0094087,2.0
O004,C01035,T0059718,143.82
O014,C03719,T0024792,30.9
O012,C00215,T0074376,364.41
O017,C01699,T0094752,211.26
O019,C03346,T0031875,32.14
O001,C04325,T0021215,93.45
O013,C01290,T0032170,56.76
O004,C02638,T0012559,835.03
O004,C01638,T0043819,141.57
O004,C02423,T0075628,350.72
O013,C04296,T0046569,152.42
O011,C04508,T0021150,40.9
O011,C03871,T0080509,58.78
O010,C04972,T0034267,335.91
O006,C00103,T0003887,166.01
O010,C03489,T0011574,177.57
O004,C02023,T0035676,50.02
O007,C02402,T0065617,38.7
O009,C04314,T0052183,72.45
O008,C00516,T0096670,69.7
O018,C01853,T0004374,114.66
O006,C01780,T0060934,85.85
O001,C02461,T0034251,125.52
O019,C01755,T0098248,35.71
O006,C00149,T0035426,823.3
O010,C00115,T0051534,238.44
O006,C01110,T0060391,378.36
O017,C02211,T0084370,94.55
O006,C03672,T0077942,91.57
O003,C03867,T0000171,72.44
O004,C00334,T0089101,149.93
O010,C04749,T0049543,246.72
O002,C00056,T0054140,22.05
O002,C03200,T0003084,23.96
O016,C02378,T0010622,119.82
O004,C03909,T0049472,104.43
O002,C01019,T0033886,86.38
O006,C00444,T0076131,32.98
O003,C01026,T0072224,260.74
O009,C01239,T0045624,14.28
O017,C01977,T0046158,78.48
O004,C04966,T0072454,7.3
O013,C03304,T0054429,179.01
O008,C04062,T0067028,86.87
O009,C01092,T0009998,10.25
O005,C00829,T0091146,53.54
O007,C03224,T0043310,145.64
O009,C00520,T0070911,22.77
O012,C01296,T0070905,
O010,C02586,T0088396,179.42
O012,C01301,T0074482,313.57
O009,C01561,T0012220,20.76
O014,C00287,T0053146,15.36
O010,C02642,T0037911,69.9
O002,C02244,T0006374,97.76
O019,C04260,T0016218,77.68
O017,C03629,T0098689,589.29
O008,C04653,T0002880,329.76
O016,C01162,T0012432,14.23
O004,C01934,T0026361,54.62
O015,C02643,T0015093,22.24
O015,C01892,T0092301,13.21
O019,C02151,T0030186,32.57
O009,C03518,T0030441,48.05
O016,C00230,T0042765,16.45
O020,C00485,T0028227,181.52
O019,C02716,T0081605,95.96
O009,C00803,T0064691,13.32
O016,C01950,T0019606,44.57
O008,C01601,T0052219,366.69
O004,C03782,T0007311,112.09
O015,C01259,T0041186,23.53
O004,C00368,T0016720,24.27
O003,C01068,T0050691,648.43
O016,C04161,T0098696,31.89
O006,C04148,T0066019,82.96
O007,C04650,T0029045,42.65
O010,C00158,T0042706,397.63
O012,C03352,T0005286,291.72
O012,C04487,T0018651,72.82
O009,C04828,T0054953,71.44
O014,C03954,T0042730,7.46
O018,C01066,T0082525,36.71
O007,C03414,T0073693,61.22
O005,C03156,T0068996,43.16
O019,C01741,T0091929,32.76
O014,C04258,T0039847,57.33
O001,C02000,T0030038,88.76
O001,C04263,T0014872,255.61
O002,C04408,T0077775,20.13
O002,C02015,T0075591,40.62
O010,C04123,T0091105,136.64
O011,C02665,T0084510,91.8
O019,C03998,T0099298,20.2
O014,C02776,T0047390,21.42
O018,C01235,T0098634,27.26
O003,C04419,T0004508,49.84
O009,C03802,T0057513,16.56
O019,C00751,T0049302,235.77
O011,C03218,T0052140,939.64
O009,C00727,T0030590,95.17
O003,C03774,T0023016,78.37
O007,C02933,T0027702,41.03
O004,C02733,T0099680,92.84
O005,C02192,T0078525,120.6
O016,C00672,T0009888,41.9
O008,C04160,T0071734,52.54
O009,C02264,T0078949,59.45
O020,C04119,T0027777,372.55
O001,C00543,T0074749,265.14
O019,C04854,T0073932,76.15
O004,C00586,T0029315,61.91
O016,C03368,T0006214,14.61
O012,C04114,T0067173,191.07
O013,C01329,T0052400,38.63
O011,C03895,T0084772,54.07
O015,C02866,T0053893,17.05
O013,C03816,T0060004,40.7
O008,C02766,T0063851,245.97
O006,C03834,T0081444,245.76
O007,C00596,T0046294,51.56
O013,C00879,T0073753,120.61
O009,C03791,T0061482,30.9
O018,C03102,T0002411,335.73
O013,C00260,T0098571,78.32
O005,C01576,T0045298,17.78
O018,C03180,T0015528,37.9
O002,C02130,T0021558,68.69
O011,C02295,T0025033,29.37
O005,C04655,T0084286,124.59
O011,C01592,T0080329,17.85
O015,C04072,T0079028,34.33
O017,C01051,T0018811,157.02
O011,C02302,T0059345,46.9
O006,C04882,T0059243,90.68
O016,C01205,T0086502,13.91
O019,C01407,T0075841,59.18
O016,C02101,T0062687,90.38
O009,C01910,T0047950,18.7
O008,C02898,T0068770,479.74
O009,C03469,T0098178,83.64
O009,C00896,T0061748,15.12
O018,C03845,T0087949,22.42
O020,C00351,T0044368,132.74
O004,C04245,T0056359,161.41
O008,C03184,T0021002,114.46
O004,C00374,T0071957,38.68
O014,C04027,T0075708,20.24
O001,C01127,T0094792,76.47
O015,C03591,T0019654,50.21
O008,C02083,T0046110,226.4
O002,C03856,T0048787,259.7
O008,C02271,T0068338,80.66
O019,C03610,T0028596,71.79
O014,C02098,T0017220,79.02
O012,C03879,T0050702,49.1
O004,C01508,T0068701,57.87
O004,C02420,T0025691,57.85
O007,C03570,T0055350,16.39
O015,C00418,T0027587,40.39
O001,C02645,T0027483,18.0
O001,C00940,T0036235,68.31
O006,C03250,T0092598,609.79
O015,C03409,T0078236,85.37
O009,C04447,T0056786,2.44
O020,C04575,T0090755,108.1
O018,C01121,T0028690,613.45
O018,C00774,T0061659,190.21
O017,C03259,T0067961,115.67
O004,C01254,T0054808,95.41
O018,C00951,T0074856,100.96
O014,C00524,T0047160,44.95
O007,C04813,T0052267,38.06
O015,C04677,T0077574,42.18
O001,C03873,T0020598,90.28
O016,C03347,T0047387,47.97
O007,C04990,T0093540,9.47
O014,C03173,T0049378,12.85
O001,C04104,T0087565,387.27
O012,C03990,T0067749,1752.38
O003,C01654,T0009191,121.99
O010,C03193,T0035741,101.59
O013,C02885,T0018304,89.77
O011,C04646,T0031418,126.62
O016,C04512,T0045918,76.79
O020,C00730,T0001465,82.8
O017,C04529,T0071588,120.52
O017,C04351,T0081211,116.96
O006,C04339,T0000138,118.14
O018,C01651,T0060458,113.82
O010,C02598,T0044505,82.02
O020,C01686,T0070348,128.73
O007,C01754,T0034717,119.53
O007,C04135,T0086413,151.3
O005,C00432,T0073241,43.52
O009,C03270,T0085018,15.35
O009,C00129,T0084240,21.74
O011,C04740,T0062158,168.38
O001,C03301,T0080123,246.21
O004,C02218,T0027399,160.69
O014,C00610,T0010316,22.5
O008,C01669,T0054463,516.72
O014,C00212,T0034429,11.99
O009,C04220,T0057661,8.33
O011,C04302,T0027817,700.87
O016,C04235,T0015913,6.17
O012,C03173,T0076102,46.47
O017,C03012,T0021222,382.01
O014,C02043,T0028062,9.84
O001,C00699,T0011522,63.14
O012,C00262,T0020205,73.07
O012,C00580,T0057663,32.68
O014,C04008,T0018724,47.24
O015,C00327,T0069504,117.49
O020,C04749,T0018795,227.28
O014,C03629,T0050616,20.14
O005,C04379,T0020286,677.57
O010,C01635,T0043621,80.08
O017,C03545,T0046672,119.02
O012,C00656,T0005781,282.23
O001,C04563,T0083393,43.14
O013,C00345,T0042824,361.92
O010,C00609,T0075600,879.1
O016,C00269,T0030716,21.98
O006,C03940,T0029241,72.94
O016,C04577,T0098136,67.73
O010,C02196,T0057027,486.29
O007,C01532,T0046728,41.99
O019,C02546,T0058972,124.97
O010,C01415,T0068585,127.13
O006,C02259,T0076045,67.38
O003,C03233,T0037008,408.23
O002,C01233,T0097697,186.24
O020,C02432,T0091933,337.88
O004,C02955,T0006663,72.72
O005,C01591,T0039061,466.64
O008,C04316,T0005957,75.71
O003,C01611,T0058840,121.26
O007,C03348,T0091078,62.86
O010,C03788,T0048745,61.05
O016,C03585,T0067343,40.02
O002,C02496,T0062486,58.16
O020,C00811,T0090137,224.33
O008,C04119,T0091472,41.24
O018,C04276,T0092040,20.16
O013,C01072,T0015309,49.37
O003,C01880,T0031664,98.32
O010,C00290,T0043523,102.17
O006,C04512,T0008770,25.57
O019,C02542,T0075882,146.82
O012,C04997,T0040850,46.31
O006,C03685,T0091813,40.31
O002,C04833,T0033232,179.76
O019,C01696,T0061188,38.96
O003,C01642,T0030411,169.2
O018,C03891,T0038216,246.99
O005,C02414,T0010292,345.02
O013,C04355,T0051144,95.14
O015,C00585,T0026111,41.74
O011,C00901,T0085389,70.55
O002,C00378,T0057172,65.18
O015,C00073,T0028504,105.86
O005,C02887,T0043951,48.77
O004,C00071,T0020261,69.26
O010,C04783,T0059184,361.84
O012,C00144,T0064842,40.68
O020,C02820,T0098905,62.77
O016,C02333,T0070882,452.3
O013,C01298,T0039225,76.68
O004,C01688,T0029198,88.07
O002,C01091,T0051668,20.66
O007,C01572,T0004454,95.3
O009,C03460,T0059354,12.53
O005,C02235,T0083020,254.65
O018,C02249,T0071122,27.76
O012,C03612,T0096820,61.92
O007,C02266,T0046474,7.41
O018,C02476,T0002589,577.33
O018,C02544,T0030655,298.01
O015,C02367,T0014471,155.69
O008,C01827,T0055473,28.66
O009,C02108,T0088865,20.32
O010,C04773,T0025796,92.51
O011,C02972,T0088024,226.12
O006,C02033,T0096277,79.18
O004,C01617,T0073412,386.21
O016,C03792,T0047935,849.08
O017,C03576,T0054217,116.71
O003,C03372,T0063300,48.76
O019,C01243,T0029494,78.55
O011,C01404,T0038723,46.0
O007,C04446,T0001022,18.79
O013,C03400,T0029715,126.11
O006,C02536,T0001581,519.93
O013,C02396,T0088191,86.47
O016,C02346,T0080098,14.6
O012,C04485,T0094272,69.07
O013,C02288,T0080593,66.5
O017,C04298,T0024051,185.01
O014,C04012,T0009509,26.03
O005,C03569,T0099162,196.48
O006,C03295,T0098378,91.1
O011,C01820,T0036473,109.37
O004,C01920,T0036313,77.39
O001,C03453,T0086724,166.24
O020,C01960,T0016337,140.25
O020,C01721,T0038638,34.98
O013,C01331,T0007078,98.01
O018,C04971,T0050464,315.75
O002,C02278,T0096764,28.59
O018,C01971,T0032551,32.46
O017,C02598,T0052689,141.37
O007,C01417,T0009774,95.62
O001,C02416,T0022147,101.72
O006,C00300,T0020759,124.07
O003,C03534,T0085545,17.92
O012,C00823,T0065152,94.48
O004,C00565,T0071412,76.91
O011,C04806,T0008700,106.31
O017,C04609,T0035527,68.65
O002,C03812,T0059536,39.8
O012,C04562,T0088120,1347.92
O008,C04441,T0079488,73.24
O007,C02794,T0077840,166.4
O016,C03046,T0044949,19.52
O014,C01637,T0031847,39.51
O018,C01448,T0033220,69.39
O015,C02169,T0036267,71.02
O008,C01101,T0000095,400.9
O008,C03356,T0037088,53.65
O017,C00959,T0064593,28.88
O011,C00056,T0054189,55.0
O007,C03569,T0094253,63.86
O004,C04906,T0001538,125.18
O017,C00418,T0050897,45.23
O003,C02670,T0070292,141.15
O019,C02734,T0053314,374.29
O006,C02157,T0006714,269.88
O017,C04112,T0018780,397.2
O007,C04705,T0028854,22.22
O019,C04436,T0051389,55.54
O014,C04051,T0026175,31.31
O007,C00735,T0088942,56.37
O002,C01919,T0006981,43.63
O010,C01243,T0088293,241.84
O015,C03063,T0007110,16.64
O017,C00121,T0061626,101.62
O013,C01744,T0091642,143.44
O002,C02749,T0096723,11.55
O013,C03985,T0084681,10.41
O009,C04596,T0079826,22.25
O018,C04573,T0031616,66.05
O019,C00535,T0063099,32.56
O009,C01560,T0001998,42.05
O006,C04374,T0026193,128.17
O013,C03192,T0092289,60.21
O012,C04552,T0083552,1179.97
O013,C01521,T0093043,26.11
O006,C00725,T0007887,29.63
O015,C02532,T0056592,14.82
O015,C00515,T0031088,39.17
O020,C02286,T0024435,52.89
O014,C02675,T0024250,18.06
O004,C02786,T0071841,2026.9
O018,C04312,T0059099,248.28
O011,C01692,T0057210,33.11
O008,C02005,T0040218,116.18
O018,C02675,T0022104,21.61
O010,C00107,T0012438,96.07
O009,C04790,T0045451,10.23
O014,C01587,T0033896,15.92
O013,C01272,T0011472,40.2
O005,C01880,T0056622,408.28
O005,C03351,T0001932,823.86
O011,C02636,T0018201,61.9
O006,C01550,T0055597,348.48
O018,C00299,T0068898,446.5
O011,C01949,T0007980,179.53
O007,C04593,T0002000,21.77
O006,C04297,T0048052,62.27
O003,C02150,T0098779,57.08
O018,C02406,T0013149,51.39
O011,C03425,T0090923,71.63
O013,C01009,T0037960,86.99
O004,C02327,T0030801,131.85
O014,C01157,T0029953,6.1
O006,C04283,T0094782,1012.11
O016,C04545,T0004961,177.77
O019,C02157,T0019016,36.71
O007,C02198,T0004495,159.64
O001,C03062,T0086158,114.18
O002,C04783,T0018650,72.21
O012,C03665,T0021640,394.86
O007,C03784,T0027208,41.24
O014,C00401,T0092112,25.61
O013,C04740,T0073825,495.37
O015,C02693,T0057248,85.58
O001,C04632,T0088910,193.32
O001,C03680,T0064085,53.44
O007,C03759,T0015419,120.53
O019,C00223,T0020595,309.81
O011,C04679,T0076200,168.73
O019,C00182,T0074073,16.57
O006,C02007,T0035605,49.65
O018,C02237,T0055247,55.71
O011,C02066,T0020095,66.31
O007,C01443,T0091166,81.89
O017,C00429,T0016843,81.5
O011,C04960,T0075047,96.84
O013,C01671,T0046807,122.76
O013,C01511,T0043121,38.76
O004,C03741,T0039230,37.17
O008,C03198,T0080137,318.56
O012,C03456,T0094247,19.81
O020,C04811,T0040420,249.48
O020,C04825,T0020690,153.01
O018,C02398,T0003818,234.2
O002,C00766,T0058131,51.44
O020,C01132,T0076288,159.25
O016,C04344,T0098997,205.03
O018,C03982,T0013854,58.72
O003,C01681,T0088219,51.51
O015,C00032,T0033225,10.53
O014,C01628,T0000399,20.92
O007,C04146,T0034682,47.5
O019,C04545,T0076257,58.33
O019,C01510,T0023941,26.54
O020,C02387,T0043039,15.48
O015,C02486,T0007533,8.27
O007,C00699,T0033443,19.12
O018,C04700,T0030327,93.05
O011,C02082,T0053064,53.02
O011,C01655,T0060985,118.15
O017,C01388,T0089907,27.11
O015,C04295,T0078017,60.33
O001,C02559,T0031243,67.5
O002,C00260,T0010189,29.21
O017,C03809,T0008196,122.7
O016,C03111,T0012244,14.45
O015,C03586,T0030244,31.22
O014,C04729,T0042002,14.38
O019,C03843,T0002840,118.6
O011,C00855,T0072192,165.36
O006,C03142,T0026909,233.73
O016,C04680,T0071740,14.35
O009,C01437,T0012467,68.78
O017,C00151,T0048873,50.49
O017,C04823,T0016450,271.2
O015,C04406,T0081510,60.35
O020,C03713,T0050594,38.95
O010,C01066,T0058014,176.23
O006,C02850,T0057259,709.01
O007,C04965,T0068279,9.78
O017,C03575,T0067522,231.99
O014,C00579,T0054661,107.45
O013,C02942,T0098743,77.46
O005,C02233,T0098441,73.05
O020,C00447,T0048983,61.18
O018,C00776,T0041430,394.97
O014,C01298,T0096466,34.69
O019,C03097,T0005912,93.26
O007,C03506,T0081565,114.32
O005,C02342,T0014772,29.63
O018,C02209,T0048611,13.9
O018,C03680,T0077507,51.0
O001,C03798,T0094749,115.92
O006,C04560,T0097726,160.63
O004,C03653,T0039753,818.18
O017,C04596,T0028296,172.67
O003,C01066,T0045585,60.42
O005,C03594,T0056617,81.17
O019,C02386,T0040071,22.09
O015,C03825,T0022289,49.58
O019,C00241,T0099842,64.94
O009,C00981,T0070492,176.59
O007,C01840,T0013556,39.49
O004,C04681,T0093822,60.74
O013,C03088,T0002982,16.91
O014,C03536,T0063294,21.46
O003,C01388,T0074784,44.64
O010,C03289,T0085971,97.91
O001,C02254,T0018082,71.13
O012,C00400,T0083484,148.51
O003,C01393,T0079632,37.02
O011,C03836,T0070734,197.11
O005,C01073,T0011651,131.82
O014,C03515,T0080782,14.25
O020,C01623,T0065674,78.39
O009,C02207,T0097913,6.8
O010,C00815,T0032003,144.47
O006,C01101,T0042336,90.56
O019,C04234,T0008594,59.82
O017,C04892,T0005186,49.46
O018,C01053,T0084035,72.43
O007,C04516,T0047067,13.15
O009,C01561,T0047499,91.98
O005,C02385,T0092204,118.49
O008,C02980,T0051952,126.19
O006,C01972,T0095132,251.96
O008,C00581,T0037180,404.59
O010,C02811,T0021944,48.17
O012,C03539,T0012563,133.61
O014,C01949,T0023488,59.12
O006,C02897,T0044737,209.61
O009,C04497,T0094899,21.59
O019,C04521,T0065965,27.92
O011,C01185,T0023709,1877.47
O002,C03802,T0010103,10.34
O006,C03254,T0096321,138.47
O017,C04088,T0001498,179.99
O001,C02937,T0034798,18.6
O019,C04684,T0078810,278.15
O001,C04279,T0020738,35.66
O008,C00368,T0089842,151.45
O011,C04602,T0008631,120.57
O009,C01410,T0013435,8.2
O003,C04607,T0021615,34.73
O018,C01052,T0085141,243.33
O004,C04680,T0073306,186.97
O010,C03039,T0059510,118.81
O010,C01789,T0012239,37.17
O015,C01062,T0029285,38.81
O015,C03425,T0056365,32.76
O008,C00260,T0008984,20.19
O017,C03069,T0025227,405.88
O012,C02118,T0010030,99.54
O011,C02554,T0073152,121.8
O005,C00606,T0056373,56.85
O007,C04916,T0026810,19.48
O007,C02425,T0011461,38.36
O017,C02522,T0084402,126.02
O006,C00928,T0051368,88.03
O013,C01021,T0086602,23.83
O018,C01372,T0096947,121.64
O015,C03094,T0083935,23.75
O007,C00239,T0007749,11.88
O008,C00588,T0044129,219.64
O012,C01055,T0085453,75.76
O016,C04656,T0009029,14.56
O004,C04434,T0096275,313.0
O003,C04506,T0097508,879.88
O013,C04183,T0085285,191.43
O016,C04754,T0097494,46.63
O001,C01095,T0028371,103.08
O002,C04931,T0000476,19.99
O007,C03961,T0039718,87.16
O006,C00360,T0098010,155.11
O019,C01903,T0074669,228.22
O009,C01204,T0062702,21.74
O001,C03986,T0080640,131.95
O005,C03191,T0057184,77.21
O016,C03919,T0078495,18.24
O013,C04294,T0057855,61.81
O006,C00775,T0012927,163.28
O012,C02472,T0019523,472.73
O015,C01973,T0049875,19.73
O009,C02295,T0042080,36.16
O005,C03722,T0091251,45.21
O012,C00318,T0035149,108.12
O007,C00311,T0044566,53.5
O002,C02005,T0048732,33.03
O004,C01099,T0019296,94.15
O016,C00715,T0005619,26.15
O008,C02192,T0024728,54.76
O005,C02746,T0038568,133.5
O012,C01051,T0020736,49.27
O007,C03821,T0072253,34.22
O006,C03844,T0083610,1143.13
O006,C03148,T0009669,176.81
O005,C03491,T0082313,140.22
O015,C01596,T0052563,116.97
O002,C02738,T0077390,38.51
O016,C04960,T0084787,103.1
O013,C04156,T0097724,34.03
O013,C01729,T0050389,74.49
O019,C01437,T0095393,707.99
O017,C03353,T0036633,137.87
O017,C04964,T0066610,88.9
O010,C00626,T0025414,535.64
O005,C01958,T0032327,29.84
O020,C01110,T0040653,34.83
O020,C00410,T0089600,121.13
O007,C02610,T0079284,12.82
O017,C04205,T0057031,36.7
O005,C01152,T0078709,65.25
O007,C03315,T0078492,25.24
O010,C01306,T0082085,93.77
O011,C03587,T0059787,23.79
O007,C02885,T0094070,199.71
O009,C03257,T0025904,5.31
O017,C01762,T0005954,46.93
O018,C00229,T0075321,93.26
O007,C00147,T0031238,17.9
O005,C03917,T0088499,100.07
O020,C01587,T0053010,95.28
O014,C01732,T0083234,11.48
O006,C03714,T0086934,190.02
O020,C00341,T0003444,161.04
O009,C00259,T0093110,19.72
O007,C02719,T0026798,66.45
O006,C04812,T0097088,1928.22
O013,C04074,T0036690,86.03
O014,C00451,T0080265,82.25
O016,C02050,T0007889,23.16
O011,C04646,T0016921,23.68
O010,C01313,T0055918,568.75
O008,C04235,T0005219,50.39
O017,C00282,T0058471,199.79
O012,C01769,T0029836,50.45
O001,C00461,T0076553,175.22
O009,C03709,T0071882,110.71
O010,C00433,T0010483,210.68
O006,C02845,T0053568,181.71
O005,C04152,T0052010,33.69
O011,C00709,T0094348,53.22
O015,C02560,T0079043,12.62
O004,C02783,T0001977,51.31
O009,C04496,T0053767,6.89
O019,C04241,T0060992,165.84
O017,C04019,T0034284,123.26
O009,C02923,T0014535,23.72
O007,C01223,T0090244,279.6
O012,C04395,T0098217,237.33
O002,C00540,T0025685,104.72
O002,C03855,T0059749,14.9
O013,C01292,T0015977,273.14
O003,C04438,T0097410,128.91
O005,C04442,T0027731,249.27
O001,C02371,T0020266,162.13
O018,C03435,T0035212,46.81
O010,C00855,T0096971,227.86
O008,C04210,T0048899,253.14
O004,C02278,T0051097,940.37
O015,C01583,T0004174,26.66
O006,C01376,T0095311,333.23
O015,C03501,T0012040,44.93
O004,C03389,T0056569,228.58
O018,C04086,T0063568,126.7
O013,C03394,T0022935,49.68
O013,C00590,T0045600,85.38
O003,C03887,T0076827,49.42
O004,C02226,T0047504,171.53
O006,C02284,T0079344,99.08
O017,C02666,T0045030,209.54
O012,C02492,T0048298,126.98
O006,C00552,T0008830,172.75
O002,C00817,T0010575,28.67
O016,C00438,T0046766,52.14
O020,C00670,T0023217,74.39
O013,C03542,T0095377,70.23
O002,C01393,T0018720,89.3
O020,C01032,T0014733,107.72
O012,C01294,T0091108,215.47
O017,C03732,T0055091,238.5
O006,C03177,T0054899,56.87
O008,C02323,T0048004,48.61
O011,C01487,T0016730,150.05
O016,C01692,T0000487,7.56
O013,C04683,T0033569,27.53
O019,C02844,T0024999,205.65
O001,C01405,T0091854,122.1
O012,C01190,T0060957,21.52
O011,C00273,T0068663,930.1
O009,C04447,T0084542,60.76
O003,C04394,T0009750,139.19
O004,C03195,T0008862,66.96
O006,C02850,T0080328,103.75
O001,C03394,T0097392,227.19
O010,C03097,T0071146,
O015,C01126,T0037802,41.6
O016,C02001,T0011274,30.92
O004,C02242,T0024474,190.06
O019,C02322,T0089990,38.02
O003,C02816,T0017333,88.34
O016,C04626,T0002461,9.29
O004,C02214,T0093115,47.04
O015,C03997,T0041933,115.9
O020,C03732,T0050868,125.52
O010,C01636,T0059575,254.24
O018,C04892,T0074734,39.88
O016,C03428,T0057773,12.79
O014,C03093,T0028092,90.44
O010,C04205,T0098167,168.03
O012,C00448,T0037479,89.47
O006,C01691,T0012099,155.53
O016,C03316,T0040688,94.06
O015,C00272,T0038833,70.62
O018,C02785,T0077480,366.55
O020,C00349,T0078086,72.27
O007,C04358,T0008135,26.92
O016,C04633,T0096031,24.0
O018,C02401,T0009214,52.01
O006,C02515,T0086820,72.01
O001,C02842,T0074854,217.54
O004,C04699,T0065551,128.65
O004,C04170,T0007233,426.18
O019,C00183,T0059960,25.58
O002,C04353,T0064227,165.88
O010,C03763,T0051051,121.88
O007,C04008,T0011965,50.06
O009,C02574,T0024216,15.67
O009,C04340,T0096514,141.9
O019,C04965,T0007169,179.41
O006,C02200,T0041077,152.09
O004,C03860,T0061901,88.77
O007,C03665,T0064317,50.27
O004,C03300,T0077302,97.14
O020,C01588,T0088535,1493.56
O008,C00126,T0067963,113.13
O002,C02931,T0091818,39.01
O013,C02697,T0062955,26.97
O014,C02709,T0046777,12.74
O009,C00269,T0015119,19.72
O009,C03298,T0051750,8.69
O007,C04359,T0063865,28.21
O016,C04545,T0047882,41.65
O017,C04242,T0027201,26.11
O002,C03011,T0064512,119.36
O017,C03166,T0086403,136.35
O018,C04439,T0050225,84.71
O013,C02656,T0064760,57.01
O012,C00701,T0026809,59.13
O013,C02917,T0056026,21.68
O003,C00433,T0091110,64.01
O013,C04281,T0026668,80.56
O009,C01614,T0033105,11.28
O013,C03860,T0097232,13.36
O015,C03079,T0086543,185.87
O012,C00768,T0057933,63.0
O017,C03174,T0042320,120.65
O008,C00663,T0080408,81.1
O019,C03257,T0066782,39.39
O013,C00696,T0028489,306.13
O014,C03233,T0059069,12.59
O011,C00569,T0084052,186.54
O003,C00358,T0051273,87.59
O003,C04122,T0007501,97.33
O009,C00592,T0016277,61.22
O011,C03731,T0004694,66.4
O001,C02555,T0026439,67.8
O008,C02811,T0042630,624.64
O012,C03732,T0092430,77.42
O004,C01988,T0020279,53.72
O008,C02820,T0020052,27.11
O017,C01958,T0027402,57.61
O002,C03143,T0033144,85.84
O013,C03173,T0012420,114.06
O001,C02921,T0061508,31.46
O017,C03231,T0057390,133.37
O010,C04145,T0024877,481.79
O014,C03683,T0074444,44.6
O009,C03719,T0011989,26.88
O001,C01461,T0096703,71.41
O018,C04602,T0013467,68.11
O004,C04410,T0072974,98.78
O017,C00643,T0025177,697.0
O009,C00606,T0010836,23.76
O009,C04179,T0015116,6.9
O019,C00392,T0008250,127.29
O017,C03381,T0090345,352.02
O020,C02750,T0061741,68.88
O008,C03758,T0041508,211.68
O017,C03990,T0027377,268.87
O006,C02417,T0058250,210.6
O019,C04353,T0043222,25.04
O009,C03148,T0002246,34.51
O018,C04335,T0088675,87.66
O020,C01700,T0018731,295.42
O004,C03388,T0073757,243.67
O010,C03195,T0044576,363.13
O017,C01738,T0027576,122.77
O001,C02823,T0014170,115.83
O015,C03929,T0026779,15.88
O020,C04100,T0020919,57.5
O004,C01578,T0074147,79.78
O010,C01937,T0051699,165.19
O018,C01256,T0005208,98.45
O009,C01297,T0095767,8.61
O002,C04432,T0019679,28.74
O003,C00741,T0053751,14.67
O003,C01651,T0052784,221.24
O018,C03318,T0036428,105.05
O018,C02561,T0003550,81.05
O019,C01754,T0010298,33.4
O004,C03227,T0034415,24.23
O004,C03446,T0010508,75.58
O005,C00061,T0061407,94.88
O011,C04057,T0074123,142.21
O010,C01932,T0065101,187.56
O011,C04746,T0093396,32.45
O014,C01857,T0003256,14.54
O010,C02757,T0030569,197.93
O007,C00255,T0078219,15.7
O011,C02288,T0094192,43.51
O003,C02939,T0028212,228.67
O018,C03181,T0030148,574.67
O005,C02785,T0038892,189.6
O012,C01430,T0099630,28.54
O011,C01874,T0004414,365.1
O010,C01789,T0045048,102.54
O008,C02821,T0019839,61.27
O016,C02925,T0018576,37.0
O015,C04478,T0090083,445.18
O004,C03971,T0093075,171.07
O011,C01330,T0076471,-0.15
O015,C03563,T0081900,11.18
O003,C02299,T0090366,113.53
O015,C03614,T0020950,44.25
O006,C01564,T0007622,314.24
O011,C03546,T0032370,44.84
O010,C01311,T0027674,64.16
O006,C00689,T0069700,52.14
O005,C04432,T0041304,72.86
O005,C02730,T0044849,45.06
O010,C00264,T0016310,167.85
O003,C01543,T0095210,166.74
O008,C00714,T0041985,465.47
O014,C03322,T0030450,7.04
O020,C01298,T0071330,64.34
O014,C04087,T0057851,18.73
O007,C00990,T0043441,140.14
O020,C01086,T0062945,63.66
O004,C04931,T0017379,92.79
O001,C01647,T0090740,122.6
O002,C03831,T0076699,48.47
O002,C04270,T0035861,18.02
O009,C03704,T0094862,14.48
O016,C00490,T0094385,12.23
O004,C02648,T0064825,56.59
O013,C02551,T0037027,268.71
O001,C01129,T0052131,51.82
O014,C04583,T0029240,15.81
O009,C00428,T0060981,144.66
O007,C03234,T0040871,29.82
O017,C04575,T0060294,87.45
O010,C01907,T0068806,554.36
O005,C03810,T0043862,31.7
O012,C03691,T0066825,295.99
O018,C04800,T0029739,11.67
O013,C00960,T0003211,50.58
O004,C01665,T0069174,694.96
O001,C03473,T0024097,543.1
O019,C04566,T0090242,42.4
O005,C03265,T0001024,270.56
O003,C04535,T0049043,58.45
O010,C01109,T0018233,49.54
O013,C02126,T0026037,25.87
O007,C03399,T0043390,15.49
O006,C03847,T0000555,
O019,C00430,T0017638,65.02
O008,C03048,T0088673,16.15
O019,C00704,T0091605,66.39
O015,C01964,T0072137,51.6
O002,C00719,T0023342,60.07
O013,C00330,T0018771,20.06
O014,C00672,T0022730,37.8
O011,C02434,T0021537,66.7
O004,C01783,T0038039,170.86
O003,C00896,T0033350,39.75
O004,C02549,T0020342,529.76
O001,C03391,T0034968,1676.2
O018,C00154,T0033486,21.15
O007,C00419,T0046668,9.77
O006,C03916,T0039157,358.65
O016,C00262,T0099000,9.79
O011,C01138,T0059101,1027.78
O002,C03302,T0096311,12.12
O012,C01357,T0080430,143.19
O008,C03368,T0015457,74.05
O015,C00157,T0002697,32.88
O005,C04581,T0049179,79.48
O016,C03319,T0045359,59.44
O002,C01580,T0011893,31.86
O019,C00567,T0068437,48.24
O012,C00026,T0067724,54.47
O004,C04059,T0071752,716.49
O019,C00674,T0004947,20.62
O002,C00280,T0003867,7.45
O014,C00804,T0049429,182.82
O005,C02450,T0089206,93.55
O011,C04410,T0087573,137.86
O004,C03850,T0079931,471.19
O006,C02848,T0091841,51.79
O005,C00047,T0057713,36.78
O009,C03374,T0092555,3.88
O020,C04677,T0085850,65.83
O011,C03403,T0019402,135.32
O015,C04003,T0078983,83.08
O011,C04811,T0080587,142.39
O011,C02249,T0070189,25.2
O020,C02720,T0080540,217.37
O013,C02671,T0000856,43.56
O007,C03308,T0099899,5.84
O015,C01809,T0081312,36.41
O003,C03859,T0044611,30.64
O009,C01578,T0004932,28.6
O019,C01135,T0001958,82.48
O020,C01191,T0017691,74.38
O006,C03136,T0025385,380.23
O008,C01617,T0008846,51.43
O014,C03352,T0012354,16.73
O010,C00936,T0006803,491.69
O006,C01517,T0038004,62.37
O014,C03768,T0007809,10.1
O005,C04021,T0003018,58.56
O012,C00685,T0058671,34.08
O009,C04403,T0075985,8.58
O008,C01643,T0093688,349.2
O001,C03629,T0042646,322.04
O012,C00447,T0062135,178.84
O003,C02583,T0070811,33.71
O016,C00364,T0074326,40.5
O016,C02517,T0093118,72.57
O005,C01764,T0028364,70.06
O009,C02302,T0007505,14.62
O020,C02811,T0039031,131.32
O014,C03164,T0031891,7.92
O002,C04337,T0060954,35.51
O002,C04148,T0007739,97.28
O018,C00030,T0037539,38.3
O019,C03976,T0029537,554.24
O009,C01239,T0093215,46.01
O001,C00782,T0024355,315.21
O007,C03508,T0028570,28.51
O007,C02757,T0056067,31.92
O007,C03703,T0043293,21.64
O017,C04219,T0069807,47.18
O010,C03358,T0045681,103.66
O014,C02665,T0061360,61.28
O001,C03088,T0043689,324.49
O008,C00445,T0071338,143.87
O018,C00464,T0095470,42.22
O014,C00990,T0046821,94.19
O013,C04331,T0035535,202.86
O006,C03435,T0034024,74.72
O011,C03595,T0096219,203.65
O008,C00537,T0075584,36.03
O020,C00099,T0012433,102.29
O007,C00828,T0001642,26.51
O016,C02200,T0087294,59.73
O007,C00143,T0030936,25.72
O008,C00742,T0087772,364.95
O004,C04277,T0071768,86.03
O015,C03178,T0096584,70.11
O003,C03174,T0089488,55.03
O019,C00519,T0051039,127.33
O002,C02887,T0042568,409.99
O013,C00095,T0037770,584.29
O005,C00235,T0014859,174.31
O001,C01591,T0026619,248.35
O018,C03171,T0041887,42.97
O019,C04773,T0071664,40.32
O018,C02930,T0037294,129.02
O018,C00488,T0001854,39.36
O006,C00008,T0038388,106.08
O018,C03080,T0048113,79.75
O018,C03098,T0077456,350.27
O006,C02367,T0082779,43.59
O006,C04348,T0085828,36.22
O020,C03497,T0070038,234.49
O004,C02327,T0096928,111.08
O003,C02824,T0030307,105.6
O007,C03215,T0085726,54.25
O019,C02472,T0039600,144.54
O008,C01403,T0010693,52.66
O019,C02023,T0079746,202.44
O018,C00412,T0061205,144.1
O007,C01038,T0050857,70.52
O012,C02909,T0070860,14.92
O015,C00235,T0023814,63.77
O005,C03698,T0083514,89.87
O004,C02473,T0007583,202.6
O004,C00458,T0025143,273.57
O013,C00097,T0043196,169.09
O012,C02901,T0051313,97.34
O017,C01443,T0026760,18.16
O016,C02680,T0016709,65.52
O008,C02175,T0060172,423.02
O006,C03463,T0066671,823.7
O003,C02577,T0061423,101.56
O017,C04820,T0028430,497.67
O019,C04336,T0037968,37.89
O002,C01722,T0007149,35.38
O011,C04502,T0077199,391.59
O013,C03407,T0084422,43.68
O007,C00831,T0062401,10.44
O018,C00067,T0013092,58.76
O016,C02366,T0099891,107.42
O017,C03308,T0049915,42.18
O007,C00518,T0034264,29.64
O010,C04417,T0007770,74.86
O005,C01854,T0077376,38.37
O006,C03955,T0076432,51.05
O007,C01811,T0017612,19.44
O016,C04319,T0085945,53.62
O018,C03609,T0049082,21.07
O016,C04777,T0002515,33.11
O011,C02758,T0074770,95.68
O018,C01503,T0089778,98.05
O004,C02914,T0034215,104.66
O017,C03784,T0082064,1307.43
O006,C00754,T0048921,153.89
O003,C01701,T0043552,225.25
O019,C00698,T0017571,9.94
O001,C00771,T0011586,73.06
O010,C04990,T0092096,279.85
O014,C02017,T0010747,40.25
O015,C01524,T0044353,40.44
O006,C02831,T0096138,46.14
O005,C02234,T0035487,269.75
O015,C04117,T0006296,79.66
O008,C03683,T0062585,70.65
O014,C01565,T0034328,318.13
O019,C04211,T0020609,184.4
O006,C02352,T0050146,129.19
O019,C02361,T0098676,229.04
O020,C02877,T0041469,66.65
O020,C04698,T0051349,34.24
O014,C01611,T0075028,57.58
O018,C01380,T0018694,63.87
O015,C04355,T0063813,60.01
O014,C02772,T0098962,20.52
O003,C02567,T0022429,173.83
O014,C01760,T0033032,6.33
O015,C01754,T0043291,39.89
O006,C00144,T0028278,108.38
O017,C03772,T0051792,119.52
O019,C02105,T0035369,31.99
O020,C04849,T0070290,91.52
O016,C00969,T0076433,14.01
O015,C04244,T0094376,52.2
O017,C00621,T0093189,143.11
O002,C02589,T0090829,229.99
O012,C02533,T0090034,36.27
O019,C02469,T0061493,237.54
O006,C02363,T0071992,103.17
O007,C03534,T0090970,11.86
O006,C03356,T0092155,145.54
O012,C03357,T0048620,33.93
O011,C03652,T0070275,20.28
O004,C01878,T0054829,54.5
O015,C00914,T0057524,42.4
O017,C04444,T0063564,50.83
O010,C02163,T0038067,65.94
O006,C04858,T0034278,24.7
O015,C02518,T0074379,158.94
O018,C01011,T0042872,94.54
O015,C04172,T0058192,140.2
O011,C00416,T0049005,839.36
O008,C04327,T0050045,24.98
O014,C04660,T0003855,27.53
O005,C04821,T0059846,437.8
O011,C02085,T0072320,34.71
O008,C01210,T0028003,353.07
O009,C04032,T0092572,34.46
O003,C04020,T0046968,43.54
O018,C00592,T0017356,76.6
O004,C01246,T0055092,152.17
O016,C03712,T0068513,171.47
O006,C01856,T0013354,127.49
O011,C02308,T0029805,96.5
O019,C00259,T0037143,52.15
O005,C01258,T0087452,17.37
O017,C03157,T0026229,46.8
O016,C01723,T0080135,6.7
O008,C04753,T0002585,132.45
O011,C01849,T0008380,81.18
O012,C02597,T0012889,18.26
O002,C03292,T0009969,36.82
O010,C01083,T0033214,236.91
O018,C01484,T0008836,51.72
O014,C00217,T0016289,41.7
O004,C03926,T0078382,195.25
O019,C00387,T0069515,27.63
O019,C01119,T0038660,208.41
O019,C01332,T0000604,55.0
O010,C01521,T0070407,207.02
O005,C01927,T0078233,70.03
O019,C01800,T0088088,138.66
O007,C04326,T0000499,87.02
O016,C01088,T0052069,177.14
O001,C00751,T0007746,11.03
O018,C01617,T0029050,19.56
O013,C04101,T0058060,133.19
O001,C04048,T0098271,38.71
O020,C02601,T0098722,48.08
O007,C00501,T0039482,62.33
O007,C04869,T0034759,62.51
O020,C02867,T0068761,392.9
O020,C00327,T0083315,82.6
O002,C00204,T0099966,13.31
O006,C03362,T0020715,84.08
O019,C04606,T0024836,98.01
O008,C02815,T0071087,18.09
O010,C04742,T0015950,567.23
O004,C02275,T0025408,24.2
O018,C03116,T0081626,25.01
O008,C01906,T0089349,391.13
O002,C03007,T0015245,546.48
O008,C04052,T0015202,18.56
O011,C00890,T0005899,33.21
O013,C04949,T0036769,11.2
O005,C02411,T0035040,1325.31
O020,C02219,T0042043,58.61
O003,C02414,T0002695,80.45
O011,C02038,T0075775,199.57
O002,C01362,T0047771,70.51
O005,C02706,T0044119,103.91
O002,C00855,T0051591,30.3
O010,C04966,T0080759,83.56
O014,C00606,T0045494,26.79
O005,C01901,T0007247,466.1
O019,C02748,T0091320,20.14
O019,C04520,T0065494,107.63
O004,C02765,T0061544,144.01
O012,C03081,T0081701,129.79
O020,C04405,T0070078,70.46
O010,C01615,T0047471,68.26
O011,C04663,T0081756,96.41
O013,C01705,T0017556,180.65
O001,C02249,T0023346,96.5
O007,C03013,T0035039,15.72
O011,C03150,T0098038,86.28
O017,C04597,T0081532,94.27
O014,C03495,T0023284,17.72
O020,C04886,T0042788,51.65
O011,C02455,T0041544,16.44
O005,C03236,T0043187,235.72
O013,C02560,T0024031,127.5
O017,C03444,T0000745,34.53
O012,C01617,T0059743,300.44
O001,C00825,T0070620,89.26
O002,C00529,T0036536,40.9
O005,C02079,T0041542,62.47
O007,C00712,T0023108,11.01
O016,C02745,T0002549,21.71
O017,C00529,T0036120,112.87
O011,C00320,T0023133,24.23
O016,C02975,T0066458,7.5
O019,C02340,T0005251,76.01
O003,C03118,T0008088,66.35
O009,C00762,T0004521,129.88
O015,C02025,T0052369,22.32
O013,C00731,T0024863,184.34
O002,C00491,T0009359,37.56
O017,C03283,T0069904,2195.54
O006,C04717,T0070537,647.99
O004,C00866,T0077918,47.33
O013,C01912,T0084739,52.42
O004,C01897,T0001832,46.42
O013,C03041,T0021628,209.57
O019,C03874,T0047751,19.73
O019,C02822,T0054678,25.19
O009,C02173,T0083250,77.67
O012,C03487,T0001864,19.3
O020,C03258,T0075631,539.75
O007,C02587,T0073595,52.37
O008,C00776,T0089912,110.81
O015,C04945,T0067510,100.21
O002,C02927,T0065882,104.76
O020,C03867,T0072361,97.59
O017,C01406,T0092966,53.45
O006,C01805,T0068438,321.75
O003,C04162,T0013584,34.83
O011,C04579,T0033620,73.82
O016,C04219,T0035441,22.11
O007,C01311,T0028341,36.76
O014,C03814,T0025640,11.22
O009,C00307,T0075867,41.3
O018,C02355,T0056166,345.23
O007,C01431,T0072330,25.3
O020,C01543,T0003572,101.67
O005,C02492,T0033052,221.31
O008,C01918,T0069489,383.15
O009,C02709,T0065244,17.17
O005,C02627,T0073953,167.76
O010,C03154,T0050940,82.38
O012,C02755,T0036735,211.41
O008,C02624,T0052837,286.57
O012,C00961,T0057782,26.53
O015,C02562,T0036446,88.54
O012,C01093,T0012236,976.06
O012,C01904,T0094664,63.49
O011,C02006,T0003512,127.43
O005,C00954,T0006476,117.83
O017,C03225,T0080025,690.4
O015,C01034,T0049368,12.92
O003,C00269,T0039342,1198.8
O020,C03047,T0016319,61.55
O019,C04807,T0072627,34.11
O004,C03523,T0023931,47.02
O014,C02336,T0044650,11.51
O006,C03987,T0088587,22.05
O004,C03645,T0052961,73.65
O004,C00247,T0020821,328.21
O006,C03864,T0033255,141.13
O016,C02122,T0068997,45.76
O007,C02162,T0011838,176.16
O006,C01545,T0078290,185.27
O012,C02751,T0049637,173.2
O005,C04544,T0047601,126.85
O011,C04864,T0008973,893.58
O002,C00806,T0099179,15.46
O011,C03209,T0088159,93.7
O013,C01022,T0050109,10.98
O015,C01132,T0058179,28.1
O001,C02337,T0017259,57.78
O017,C01367,T0098680,239.03
O020,C03141,T0031692,40.18
O003,C02476,T0048031,299.13
O011,C01300,T0029028,1930.88
O005,C01985,T0071625,91.68
O004,C02747,T0081695,66.05
O003,C03309,T0006102,92.78
O007,C01362,T0030372,12.07
O005,C00875,T0020189,239.71
O006,C03011,T0020326,255.22
O001,C04860,T0076060,314.81
O018,C04952,T0062716,16.02
O012,C03479,T0035684,43.12
O013,C01905,T0075143,106.62
O003,C01920,T0032029,198.72
O005,C02244,T0001829,315.48
O015,C00526,T0088439,37.12
O016,C03926,T0045055,19.84
O007,C03989,T0096854,131.21
O019,C04488,T0024267,93.2
O012,C01454,T0023378,639.51
O007,C03692,T0079817,40.0
O017,C02173,T0000381,139.51
O009,C04608,T0019585,45.12
O013,C01784,T0041160,58.21
O013,C01279,T0087897,221.47
O020,C01072,T0080604,126.01
O010,C04584,T0053307,61.63
O019,C04440,T0038098,127.93
O006,C04736,T0081467,330.85
O020,C04220,T0034631,96.15
O016,C01033,T0014334,17.0
O017,C04394,T0048979,127.93
O005,C02765,T0076014,134.15
O018,C01442,T0015732,50.39
O007,C04000,T0034513,60.59
O013,C03626,T0059376,96.21
O016,C00043,T0033786,77.9
O003,C00757,T0090676,131.33
O004,C03688,T0097029,48.28
O006,C02070,T0020223,134.8
O002,C03818,T0000893,35.35
O015,C03643,T0062506,56.74
O017,C03263,T0057193,595.31
O008,C01664,T0004377,127.13
O002,C02815,T0009381,121.47
O018,C02920,T0017255,585.8
O018,C01535,T0078526,150.09
O020,C03376,T0034757,765.87
O007,C00706,T0046507,13.76
O002,C04755,T0018903,24.43
O001,C04339,T0008198,232.26
O008,C04682,T0026813,101.9
O002,C01308,T0000677,131.81
O005,C01087,T0031695,185.41
O015,C04362,T0020006,16.81
O018,C01475,T0091782,39.01
O014,C02274,T0036029,22.85
O010,C00025,T0075646,119.93
O004,C00316,T0086259,149.56
O019,C01704,T0021410,78.02
O009,C04924,T0051648,20.75
O009,C04601,T0088368,45.42
O016,C03594,T0066686,40.34
O007,C03458,T0012270,6.62
O018,C03413,T0050240,61.26
O002,C01848,T0013115,34.3
O011,C01736,T0041203,59.06
O011,C03023,T0061854,86.76
O012,C01330,T0023457,208.5
O017,C01451,T0055018,619.49
O004,C03916,T0021514,170.22
O010,C02762,T0077138,118.42
O004,C01808,T0040834,87.91
O001,C03613,T0002913,134.93
O002,C01509,T0034878,93.97
O009,C00742,T0017585,16.81
O015,C04317,T0090230,144.55
O005,C00845,T0046923,546.67
O016,C03680,T0057493,27.63
O010,C03674,T0025906,91.89
O017,C01892,T0036066,99.74
O009,C02589,T0072428,30.47
O005,C02407,T0084307,113.73
O002,C01259,T0073283,24.64
O010,C01610,T0080145,821.35
O012,C03037,T0072814,8.15
O004,C03430,T0071962,116.2
O007,C02095,T0004192,49.27
O018,C04417,T0030899,84.83
O014,C00984,T0057651,5.91
O008,C00516,T0075508,51.98
O019,C02970,T0025626,82.77
O017,C03312,T0035130,39.84
O015,C02666,T0072988,251.48
O009,C00051,T0004044,25.56
O016,C01289,T0077585,8.45
O020,C03330,T0046998,137.6
O020,C02527,T0047113,84.53
O012,C01329,T0040769,47.81
O014,C02666,T0082802,9.14
O020,C02498,T0030108,545.65
O019,C01860,T0039478,71.02
O010,C02228,T0025574,123.27
O019,C04130,T0074324,40.28
O016,C01052,T0006728,352.16
O001,C03537,T0080553,58.87
O011,C03458,T0013787,228.66
O010,C02814,T0007936,46.56
O012,C01124,T0044612,432.96
O017,C03033,T0052912,42.27
O013,C02876,T0094015,35.97
O020,C00123,T0029660,943.23
O009,C01869,T0093649,19.28
O006,C04015,T0095142,132.04
O014,C04011,T0010169,8.85
O013,C01821,T0050914,99.46
O016,C01539,T0027851,32.41
O016,C01186,T0097352,67.56
O004,C00260,T0091187,49.33
O008,C02743,T0081094,69.95
O014,C04036,T0093051,15.9
O011,C00259,T0073044,92.42
O002,C04215,T0014478,116.26
O003,C03895,T0062888,50.31
O016,C00001,T0098400,11.51
O011,C01245,T0061479,161.26
O017,C01987,T0096143,138.14
O002,C03526,T0060291,39.43
O010,C03433,T0064815,258.27
O014,C03285,T0032781,45.46
O010,C00468,T0019221,148.31
O006,C00844,T0056496,147.45
O014,C00852,T0013572,12.3
O005,C00905,T0006575,70.47
O006,C03902,T0009319,247.74
O009,C03602,T0092990,12.46
O006,C03658,T0059770,33.42
O020,C04636,T0059895,373.86
O014,C00682,T0081141,57.14
O004,C03224,T0082627,46.15
O008,C02508,T0012034,242.17
O011,C00617,T0077635,192.17
O016,C03608,T0099156,37.77
O015,C01058,T0084730,31.89
O003,C01265,T0075417,89.59
O019,C04871,T0051403,36.18
O016,C03217,T0054458,46.0
O015,C04808,T0071323,28.1
O013,C00439,T0096784,31.38
O008,C04554,T0024541,116.23
O007,C00677,T0078815,24.43
O012,C01090,T0063397,188.83
O009,C00825,T0022455,13.59
O015,C03181,T0008443,146.58
O017,C00903,T0041376,43.0
O002,C00619,T0085916,52.99
O008,C01423,T0026836,99.0
O017,C03127,T0033301,74.16
O019,C03286,T0086597,18.32
O010,C01281,T0056294,223.66
O017,C04743,T0016284,8.45
O017,C03239,T0053840,41.49
O002,C00634,T0055405,35.45
O013,C03977,T0015898,806.27
O008,C02121,T0047399,142.3
O001,C01854,T0099795,244.21
O013,C04669,T0016833,11.84
O005,C02149,T0059514,102.18
O009,C04730,T0008814,18.25
O009,C01720,T0031318,65.12
O019,C04351,T0027125,33.59
O009,C00350,T0053134,49.2
O005,C04891,T0013065,283.58
O002,C00722,T0017718,59.66
O003,C01908,T0061510,115.08
O008,C03931,T0078396,15.26
O008,C00771,T0039104,115.49
O016,C02060,T0065278,17.87
O008,C02897,T0083135,267.83
O018,C03151,T0010724,105.8
O001,C02222,T0055637,46.97
O008,C00878,T0073496,101.91
O006,C03406,T0023974,98.83
O008,C03183,T0007515,148.52
O004,C00610,T0068009,255.65
O014,C04912,T0076039,17.39
O017,C03834,T0057090,2203.75
O014,C00313,T0093948,138.0
O011,C03833,T0067772,102.66
O009,C02125,T0035730,17.75
O003,C02584,T0024515,48.79
O002,C00035,T0044931,12.92
O005,C03238,T0034296,194.19
O015,C04532,T0016797,76.3
O015,C02952,T0005367,28.6
O017,C02285,T0080770,73.8
O006,C00447,T0030839,185.63
O018,C03063,T0050186,232.91
O007,C04448,T0067935,13.05
O011,C03427,T0008263,26.84
O008,C02169,T0060682,62.18
O019,C04906,T0042474,138.39
O002,C04045,T0001275,37.42
O019,C03931,T0047452,40.81
O009,C01932,T0087163,5.17
O002,C01279,T0045400,17.91
O003,C04247,T0019872,39.15
O003,C04514,T0079703,118.16
O015,C00154,T0084545,77.42
O010,C03925,T0077819,106.35
O017,C04142,T0010880,34.15
O016,C04352,T0093907,29.22
O020,C00378,T0079513,287.06
O010,C03672,T0007493,110.59
O004,C03157,T0063302,16.06
O010,C02072,T0040945,163.79
O019,C00237,T0008227,69.17
O004,C01678,T0023545,92.67
O015,C04887,T0097407,129.5
O020,C01077,T0060038,72.27
O019,C02696,T0091197,13.41
O012,C00776,T0018748,49.79
O016,C01122,T0010464,86.2
O008,C01794,T0078082,567.69
O012,C04827,T0050405,41.66
O010,C00055,T0062982,220.74
O016,C00480,T0041737,22.77
O005,C02149,T0063396,125.9
O005,C01694,T0042762,110.37
O020,C03813,T0084551,164.26
O016,C02077,T0023511,32.6
O017,C03729,T0067333,88.43
O001,C03805,T0036713,56.97
O017,C03979,T0072069,161.03
O003,C03296,T0004077,136.8
O001,C04435,T0065356,32.67
O017,C02208,T0008553,54.23
O016,C00576,T0041578,7.68
O010,C04419,T0019087,15.02
O006,C04726,T0061540,122.99
O004,C01974,T0080882,56.67
O015,C04326,T0028561,14.25
O018,C04785,T0038017,81.02
O002,C04973,T0063759,9.04
O009,C03129,T0026887,13.33
O017,C00612,T0086900,577.68
O016,C03989,T0056088,190.64
O002,C02293,T0090939,288.48
O017,C03802,T0030565,118.12
O006,C02105,T0023838,165.26
O006,C02463,T0087208,34.31
O016,C00583,T0035450,35.63
O007,C01426,T0089931,29.66
O011,C04859,T0055912,187.32
O010,C04881,T0028029,397.9
O015,C04197,T0008348,66.5
O020,C04420,T0068558,70.97
O008,C01376,T0068341,115.13
O009,C03530,T0009387,16.21
O003,C04859,T0044421,117.46
O013,C01160,T0073678,50.29
O020,C04442,T0017302,191.87
O001,C00727,T0038287,123.79
O005,C03636,T0044633,124.64
O006,C03827,T0030386,102.74
O006,C00025,T0088460,146.26
O005,C00258,T0056304,84.96
O014,C02227,T0038977,44.74
O009,C03339,T0092965,36.19
O017,C02722,T0059913,249.41
O004,C03751,T0029227,235.36
O005,C00224,T0065972,362.59
O013,C04614,T0010115,46.41
O005,C02706,T0002482,1332.89
O013,C04473,T0098969,436.83
O014,C04434,T0041028,57.89
O011,C01239,T0064433,148.22
O008,C04268,T0005497,92.2
O001,C01254,T0078069,405.85
O004,C03287,T0046485,122.35
O012,C01382,T0007975,94.16
O002,C01558,T0051170,33.9
O002,C04833,T0051778,78.47
O010,C04859,T0003053,61.29
O014,C01734,T0082854,51.86
O013,C04558,T0093274,488.33
O011,C03104,T0010027,97.88
O006,C02649,T0013303,90.67
O005,C01214,T0046352,227.29
O010,C03398,T0014444,80.69
O005,C00911,T0036950,329.44
O003,C03216,T0068436,185.3
O016,C03678,T0051866,41.65
O004,C02291,T0006199,59.34
O019,C03346,T0078144,15.95
O005,C04679,T0095557,29.06
O020,C02932,T0064927,58.02
O018,C01834,T0005026,28.77
O019,C00364,T0041741,37.63
O008,C02006,T0020989,116.27
O019,C04880,T0057073,49.59
O001,C02805,T0038523,18.96
O019,C01174,T0041436,162.43
O016,C01823,T0069307,10.52
O002,C04033,T0052844,197.03
O005,C03415,T0032498,215.63
O012,C01827,T0007728,66.38
O007,C04913,T0035550,10.43
O001,C04084,T0056221,59.64
O009,C01360,T0013494,12.99
O016,C02266,T0003391,8.88
O018,C01361,T0026218,42.04
O019,C01362,T0087283,132.76
O018,C00462,T0051184,91.46
O014,C04909,T0051161,21.56
O020,C02888,T0083067,57.3
O019,C03319,T0049957,56.14
O019,C00602,T0082676,30.64
O015,C02103,T0057898,26.01
O012,C00958,T0054904,64.29
O011,C00588,T0048565,77.62
O017,C00593,T0012720,305.93
O009,C00932,T0070995,15.35
O015,C03792,T0076297,120.19
O009,C04159,T0045998,27.71
O008,C04112,T0068042,39.92
O018,C00539,T0082343,31.31
O012,C01970,T0066806,99.61
O005,C02862,T0077468,401.11
O016,C01175,T0069809,11.17
O002,C02635,T0095530,32.14
O014,C01898,T0076197,16.22
O018,C01676,T0004944,38.94
O005,C00613,T0022176,34.16
O015,C03505,T0003507,19.68
O013,C00052,T0015429,99.69
O013,C04822,T0066941,44.19
O002,C01270,T0088651,76.71
O011,C04939,T0020332,70.03
O012,C00976,T0041456,153.05
O015,C02355,T0099922,32.66
O010,C01927,T0010963,39.6
O015,C01468,T0055159,21.23
O018,C00514,T0024176,64.22
O015,C02620,T0074638,334.46
O017,C00286,T0099141,382.93
O014,C02660,T0084568,3.1
O003,C00215,T0009478,317.9
O001,C02921,T0073969,58.98
O020,C03033,T0064912,49.63
O013,C02042,T0090349,88.19
O001,C01967,T0063352,280.97
O016,C00097,T0094619,52.04
O001,C01744,T0085194,527.25
O011,C00596,T0035327,1057.23
O008,C03453,T0082666,120.97
O018,C03607,T0055594,292.33
O003,C02629,T0027254,148.46
O007,C03761,T0078281,32.59
O015,C00684,T0065622,132.46
O014,C04673,T0020371,117.94
O015,C03944,T0064990,86.38
O018,C01819,T0058335,43.47
O020,C02432,T0089207,83.37
O017,C02865,T0032172,137.29
O005,C02788,T0086360,125.97
O010,C03288,T0024905,25.53
O008,C04155,T0079306,44.86
O015,C03763,T0042379,39.72
O014,C02079,T0023119,65.03
O005,C02809,T0099537,50.31
O012,C03938,T0064660,469.89
O008,C01432,T0058491,30.98
O013,C02604,T0009571,72.56
O009,C04588,T0031783,4.87
O003,C04803,T0064652,81.77
O012,C04958,T0051474,251.24
O016,C04884,T0083160,241.65
O001,C01662,T0088087,178.26
O009,C01059,T0038670,19.02
O015,C00423,T0092490,81.83
O002,C01185,T0057360,14.68
O008,C00152,T0044206,24.13
O017,C04066,T0031768,1098.1
O012,C02888,T0051581,202.83
O008,C00678,T0055799,83.51
O009,C00221,T0041777,25.75
O006,C04091,T0040333,115.08
O019,C00155,T0041231,15.68
O014,C00606,T0092486,19.06
O020,C01194,T0043996,35.92
O008,C01377,T0020764,196.44
O016,C01953,T0034948,65.12
O019,C04679,T0087743,53.55
O004,C04905,T0075451,88.04
O016,C03778,T0032186,10.72
O001,C04511,T0082486,246.02
O002,C02844,T0050170,22.99
O008,C01699,T0059597,54.05
O010,C02491,T0053108,156.75
O006,C02638,T0019254,117.24
O008,C00112,T0031219,58.72
O003,C02261,T0059356,30.95
O015,C03979,T0075722,47.63
O020,C01104,T0046255,197.31
O013,C01812,T0037422,117.22
O016,C02167,T0060698,24.44
O020,C04527,T0018290,22.69
O004,C03475,T0007408,150.62
O003,C00233,T0032726,48.84
O007,C00675,T0040782,39.97
O008,C04845,T0041139,251.86
O007,C01068,T0003848,429.83
O001,C01230,T0000300,97.4
O002,C01088,T0022639,34.84
O017,C00567,T0096379,243.13
O001,C04397,T0067578,152.8
O012,C01379,T0056657,202.48
O019,C02161,T0093180,11.66
O015,C02482,T0065909,80.18
O015,C01058,T0079360,200.88
O011,C01509,T0061485,22.04
O001,C03585,T0005340,506.1
O001,C03113,T0075026,57.09
O013,C04597,T0041068,106.54
O002,C01625,T0008352,59.53
O015,C04175,T0040300,39.62
O001,C01372,T0037997,28.94
O011,C04107,T0052304,615.92
O009,C01182,T0029741,7.83
O001,C01807,T0067521,340.72
O017,C02645,T0006874,41.37
O001,C00271,T0053178,277.0
O014,C00835,T0086378,26.15
O014,C03274,T0057152,17.2
O006,C01309,T0072065,59.89
O004,C01025,T0020884,141.64
O018,C02926,T0065165,177.9
O001,C03159,T0049708,124.08
O001,C04429,T0077118,225.17
O018,C04365,T0083703,355.07
O020,C04948,T0068444,460.96
O018,C02243,T0025589,151.74
O003,C02022,T0066704,395.9
O010,C04320,T0083779,265.12
O016,C00560,T0059525,175.69
O010,C00863,T0045464,106.41
O012,C03089,T0013410,150.95
O018,C01426,T0066362,101.2
O020,C04602,T0044887,50.03
O005,C01831,T0003892,61.14
O007,C03022,T0097339,86.02
O014,C00945,T0073325,34.51
O011,C00615,T0095404,143.23
O009,C00812,T0062313,13.35
O012,C00216,T0065230,42.34
O015,C00023,T0027938,203.82
O010,C00414,T0017941,108.23
O016,C00023,T0004637,74.55
O002,C01601,T0021968,138.62
O002,C01278,T0032057,49.12
O001,C02820,T0029131,169.79
O008,C03105,T0097425,71.78
O005,C03975,T0093905,59.28
O019,C01506,T0014322,33.71
O019,C01193,T0028931,154.06
O001,C00427,T0024582,536.8
O003,C03849,T0061052,67.64
O011,C00505,T0086672,262.98
O008,C02216,T0089727,145.34
O016,C03906,T0043532,10.5
O010,C03879,T0032537,277.73
O003,C01493,T0025172,83.57
O012,C02937,T0021733,274.33
O010,C04626,T0003510,47.57
O018,C03881,T0002366,142.27
O004,C04148,T0079855,435.95
O011,C04471,T0073119,71.05
O004,C04531,T0022880,874.29
O002,C04341,T0054266,42.11
O019,C02339,T0068131,132.27
O019,C02675,T0083652,24.65
O002,C03153,T0039935,29.42
O007,C04601,T0010959,65.28
O010,C03379,T0049052,49.57
O002,C00061,T0042368,29.06
O008,C00134,T0099808,248.13
O019,C01077,T0034900,18.32
O011,C02967,T0031495,163.85
O003,C02315,T0076163,31.87
O001,C02016,T0083590,196.91
O002,C00183,T0025158,38.87
O015,C01346,T0013825,652.65
O003,C04436,T0057102,96.05
O018,C02954,T0011356,71.29
O006,C03963,T0042669,48.05
O014,C03414,T0054276,6.62
O020,C02693,T0094596,107.79
O007,C01722,T0063727,444.88
O009,C01546,T0020101,32.12
O012,C02672,T0042381,226.97
O019,C00806,T0003367,22.31
O001,C04638,T0021534,482.79
O002,C03984,T0099215,24.0
O010,C03463,T0003180,88.51
O003,C03365,T0037171,192.8
O001,C04706,T0043729,92.89
O008,C01285,T0036563,109.05
O012,C01821,T0024722,43.55
O011,C03709,T0029982,90.34
O019,C00875,T0089434,30.63
O005,C04847,T0064547,72.7
O020,C04637,T0029588,52.6
O011,C02545,T0066720,147.07
O001,C03405,T0091739,22.71
O019,C03057,T0029929,22.22
O006,C04333,T0087730,133.5
O019,C00051,T0004199,154.09
O020,C03407,T0042061,741.37
O014,C01109,T0096271,77.78
O007,C00987,T0042850,15.29
O010,C03407,T0080881,159.36
O006,C00957,T0046897,32.45
O017,C03253,T0080393,33.83
O003,C02199,T0057038,39.66
O001,C03121,T0020854,57.89
O009,C03034,T0069348,24.82
O017,C02165,T0019722,61.57
O012,C03776,T0003318,30.46
O018,C03115,T0000738,28.49
O014,C04613,T0070474,19.75
O011,C01847,T0011617,280.19
O003,C01838,T0052147,35.7
O015,C02302,T0049525,68.96
O001,C03222,T0071488,111.73
O001,C02182,T0018136,180.32
O009,C01155,T0061970,12.42
O012,C02936,T0008736,16.59
O019,C02868,T0094750,521.57
O002,C00261,T0095523,47.01
O017,C01291,T0070064,67.69
O011,C02983,T0082484,72.72
O008,C04083,T0001964,195.99
O014,C01221,T0096970,29.93
O011,C02469,T0016385,175.48
O003,C04825,T0048521,218.06
O011,C01250,T0008147,30.59
O004,C00288,T0097479,219.8
O006,C03537,T0036463,186.04
O020,C00963,T0032076,231.78
O012,C00925,T0087723,120.33
O012,C00597,T0049015,49.79
O017,C01943,T0027238,30.61
O019,C02513,T0039357,85.59
O011,C02299,T0059015,42.24
O010,C02316,T0047599,53.88
O019,C01234,T0031296,20.81
O001,C00883,T0056451,43.15
O011,C01823,T0013054,183.39
O003,C00096,T0042265,141.07
O005,C02282,T0024167,128.21
O004,C01348,T0058952,262.59
O012,C02129,T0085412,202.87
O004,C02885,T0058426,551.19
O018,C00721,T0071997,138.29
O018,C03329,T0090884,981.21
O020,C01089,T0066192,55.81
O010,C04908,T0033320,277.28
O006,C02176,T0055644,85.59
O016,C04392,T0074489,322.57
O015,C02495,T0065836,62.7
O003,C02787,T0017544,230.28
O001,C00328,T0082285,46.3
O019,C03705,T0037723,70.9
O001,C01789,T0064319,162.26
O009,C04809,T0082351,36.33
O018,C01969,T0050207,126.99
O016,C00874,T0051431,70.64
O007,C01252,T0097790,203.57
O011,C00721,T0011273,126.46
O001,C01712,T0049328,123.82
O010,C00456,T0094836,123.61
O011,C03713,T0075861,278.55
O009,C02282,T0066988,36.77
O011,C01189,T0042554,255.01
O009,C00537,T0059370,33.76
O018,C03066,T0030892,25.49
O016,C03626,T0019165,10.09
O010,C04529,T0051793,40.09
O006,C03253,T0034963,155.44
O016,C04609,T0007013,38.18
O006,C02522,T0096024,82.78
O015,C04836,T0011076,38.5
O001,C03593,T0097566,116.41
O004,C01080,T0071512,75.76
O020,C04159,T0076263,88.8
O005,C00987,T0039321,70.35
O016,C04140,T0028554,24.54
O008,C02679,T0050482,52.5
O014,C02749,T0070523,98.54
O007,C03117,T0005808,33.73
O014,C02736,T0021346,32.01
O005,C00335,T0070126,443.22
O006,C04480,T0094921,283.79
O004,C02182,T0010680,65.74
O017,C00984,T0069246,369.58
O017,C02527,T0022331,84.88
O010,C02203,T0000669,229.31
O013,C03421,T0051024,38.34
O005,C02616,T0012582,83.8
O006,C01791,T0088075,197.58
O002,C01435,T0051066,31.66
O016,C04376,T0068708,16.85
O006,C00225,T0096482,120.03
O019,C00153,T0001947,11.97
O020,C00713,T0064662,97.08
O016,C00139,T0008230,61.75
O010,C02470,T0068510,65.13
O018,C00032,T0013634,226.15
O004,C03414,T0095936,272.63
O001,C03340,T0029750,16.13
O004,C01671,T0075799,52.78
O010,C01492,T0049940,458.95
O002,C01458,T0024142,46.76
O002,C03732,T0028920,38.92
O010,C03636,T0094848,98.08
O019,C02027,T0064576,131.87
O001,C02817,T0030049,545.45
O006,C02826,T0089943,69.63
O017,C04397,T0067645,228.95
O007,C00151,T0004355,12.79
O014,C01797,T0056055,19.85
O014,C03677,T0083318,12.98
O001,C02601,T0036298,21.37
O005,C00448,T0070380,74.13
O005,C02637,T0096933,193.58
O001,C01554,T0095710,443.26
O006,C04585,T0092109,46.53
O004,C01446,T0004384,144.87
O015,C01241,T0020259,28.52
O019,C01405,T0029344,439.72
O003,C01979,T0032682,29.78
O011,C00186,T0094786,81.72
O008,C01814,T0099905,128.25
O010,C03857,T0097150,466.53
O020,C03732,T0019830,179.42
O016,C03314,T0067863,8.75
O006,C00849,T0096745,407.19
O016,C03791,T0006015,8.33
O017,C01139,T0065912,51.89
O012,C01357,T0064005,67.65
O003,C00109,T0086759,33.61
O003,C02138,T0091656,54.16
O008,C01956,T0085218,1119.97
O019,C01227,T0067289,357.8
O015,C00794,T0099350,21.84
O011,C04145,T0075234,1040.02
O018,C03280,T0024928,173.73
O020,C03215,T0000538,176.09
O005,C02934,T0049787,512.35
O009,C04229,T0089041,3.66
O012,C04899,T0024323,51.78
O010,C01775,T0024668,228.87
O015,C00371,T0023135,29.94
O001,C03945,T0057174,98.43
O004,C02966,T0058481,133.26
O003,C03549,T0034345,131.58
O016,C02593,T0054938,19.73
O002,C02452,T0092369,16.46
O013,C02062,T0068628,390.1
O003,C03124,T0020061,53.85
O016,C00942,T0036179,41.38
O019,C01082,T0098999,32.06
O016,C00934,T0093716,283.89
O007,C04434,T0086051,37.01
O011,C00141,T0052524,59.28
O002,C04872,T0043123,117.61
O015,C04312,T0021625,147.83
O019,C02438,T0049691,30.42
O019,C03931,T0094838,69.47
O018,C04737,T0084962,354.12
O007,C04447,T0010727,32.24
O018,C02455,T0089299,126.36
O016,C03747,T0067447,15.52
O014,C03251,T0026820,21.05
O016,C01927,T0044847,2.62
O013,C03452,T0084237,50.71
O002,C04291,T0072140,28.19
O020,C01125,T0061900,669.21
O002,C02237,T0027328,78.88
O002,C00631,T0001233,289.88
O014,C04506,T0052616,18.49
O015,C02482,T0039894,20.35
O007,C04789,T0092500,33.28
O016,C04502,T0075912,26.5
O006,C04696,T0065378,43.77
O016,C02227,T0072212,20.02
O015,C03829,T0071156,21.07
O018,C02582,T0059334,92.37
O003,C00352,T0058983,198.41
O018,C00390,T0020689,98.47
O003,C04706,T0087141,85.31
O009,C03976,T0009281,53.33
O011,C03323,T0062505,61.46
O017,C04618,T0027425,227.33
O009,C02723,T0066478,23.36
O009,C00252,T0078256,14.5
O003,C04705,T0005170,474.47
O013,C04870,T0091956,37.76
O020,C01490,T0085049,255.95
O010,C01260,T0069623,18.39
O009,C04341,T0023415,4.35
O015,C00634,T0055228,29.2
O007,C04984,T0087678,108.23
O001,C03302,T0052845,330.17
O019,C01200,T0084599,209.25
O011,C03337,T0039628,31.64
O002,C02179,T0013371,126.87
O015,C02543,T0086767,33.36
O006,C00918,T0037991,87.39
O019,C03152,T0087348,72.35
O016,C04922,T0051548,16.58
O012,C01944,T0058654,611.27
O004,C03730,T0074304,161.1
O014,C03232,T0052372,17.32
O006,C02599,T0025750,35.33
O015,C00185,T0015714,31.43
O006,C04850,T0092310,140.92
O009,C04865,T0091815,39.91
O017,C03310,T0060484,184.4
O010,C04457,T0090658,361.86
O014,C01801,T0027123,29.56
O013,C02011,T0051338,261.8
O012,C00783,T0051779,45.49
O015,C03826,T0002995,108.4
O014,C00352,T0040516,8.97
O014,C00657,T0089249,12.3
O004,C01862,T0052316,123.81
O019,C01032,T0084757,85.89
O012,C00805,T0037877,54.94
O002,C04520,T0093940,210.83
O019,C04991,T0084120,1031.95
O020,C03937,T0007370,189.93
O008,C00062,T0062395,497.16
O004,C00254,T0056100,67.48
O012,C04072,T0002459,97.82
O017,C01956,T0046614,61.59
O001,C02203,T0013598,56.66
O001,C01270,T0012509,53.76
O014,C01564,T0047548,26.64
O002,C01700,T0007381,545.74
O006,C03550,T0040382,124.08
O009,C03970,T0000560,19.72
O007,C02976,T0069247,26.24
O004,C01049,T0066189,284.48
O008,C02030,T0097679,1816.51
O008,C01418,T0079885,122.43
O012,C00975,T0018251,159.71
O013,C04347,T0028421,26.63
O002,C04113,T0021426,20.57
O014,C03546,T0033037,8.44
O001,C03257,T0004345,100.58
O017,C00454,T0027288,402.1
O013,C01367,T0091962,211.64
O018,C02782,T0077245,78.47
O005,C04899,T0041668,42.87
O011,C01411,T0051922,55.75
O009,C04411,T0026581,361.45
O010,C00742,T0002104,70.08
O009,C04562,T0018464,71.15
O009,C03756,T0050759,5.0
O009,C01891,T0049880,7.29
O016,C01489,T0078655,46.92
O004,C03564,T0036077,219.91
O020,C02754,T0001374,102.01
O003,C00917,T0003205,38.1
O008,C02484,T0015786,52.67
O003,C03127,T0017158,486.93
O001,C02808,T0020193,56.09
O012,C04655,T0038446,118.86
O017,C02885,T0018469,71.69
O018,C00509,T0011074,61.09
O016,C04543,T0030321,37.19
O014,C02079,T0081980,24.51
O009,C03619,T0084354,13.78
O014,C01441,T0072835,23.78
O004,C02138,T0026604,186.69
O004,C02495,T0077242,114.74
O008,C04970,T0061850,86.99
O006,C00547,T0038068,41.6
O003,C01997,T0083689,136.14
O006,C04754,T0009823,671.74
O012,C00161,T0094232,87.16
O010,C00206,T0029439,31.12
O010,C02060,T0032054,48.45
O020,C04894,T0066258,251.01
O013,C01628,T0015482,167.06
O010,C04743,T0001959,246.42
O008,C00762,T0038787,27.78
O018,C00767,T0024445,398.64
O005,C04423,T0057796,
O008,C01629,T0035107,144.79
O019,C00512,T0030688,52.33
O010,C04852,T0002779,451.48
O017,C03567,T0012335,175.85
O009,C02318,T0076364,17.67
O005,C04142,T0087046,105.6
O017,C04861,T0059276,104.83
O003,C01250,T0043051,79.11
O014,C03542,T0083425,12.05
O002,C02371,T0058970,13.28
O015,C00530,T0043192,31.45
O006,C04674,T0010996,301.5
O019,C03730,T0029781,265.88
O018,C04615,T0068760,137.94
O006,C03062,T0035468,151.98
O012,C04182,T0042828,36.54
O002,C03390,T0026537,46.1
O010,C03328,T0062052,131.43
O015,C03147,T0049760,64.77
O020,C02818,T0092712,233.16
O013,C01623,T0022923,70.05
O013,C04434,T0046375,197.64
O010,C00829,T0047842,91.48
O020,C00991,T0090235,189.67
O006,C01800,T0066659,271.03
O001,C03218,T0025682,181.78
O018,C03194,T0080605,66.36
O009,C01309,T0067160,20.61
O012,C01185,T0099972,82.81
O020,C00553,T0091137,134.22
O008,C04586,T0097953,15.23
O002,C04336,T0046224,84.34
O008,C02262,T0028989,78.12
O002,C02881,T0047375,71.91
O014,C04703,T0036706,22.61
O017,C02567,T0082298,62.47
O005,C03175,T0044640,47.19
O009,C03335,T0086138,13.39
O015,C01482,T0019713,56.65
O015,C03901,T0075905,43.08
O007,C03650,T0006581,25.02
O005,C00314,T0011980,440.19
O019,C00855,T0007095,46.57
O003,C01981,T0041588,38.32
O020,C02154,T0092516,71.0
O011,C03677,T0097296,223.8
O012,C00263,T0029926,50.36
O005,C00083,T0026898,200.35
O016,C04545,T0021786,16.83
O007,C00454,T0077243,10.05
O020,C02844,T0018971,117.73
O020,C03094,T0066432,45.19
O014,C02206,T0008657,23.51
O019,C01309,T0068298,45.9
O010,C01574,T0048673,183.37
O014,C02490,T0018536,87.59
O016,C00942,T0045668,44.66
O006,C01436,T0069500,281.91
O012,C00447,T0089035,162.06
O019,C02796,T0041823,198.6
O011,C02532,T0043718,107.37
O011,C02723,T0015836,74.64
O012,C00393,T0068000,61.56
O012,C04222,T0011338,300.99
O007,C02147,T0020774,7.79
O020,C03130,T0050776,53.18
O007,C01558,T0014742,89.14
O005,C01882,T0093112,176.68
O012,C01894,T0060513,76.05
O013,C02474,T0011184,20.11
O010,C01792,T0058067,141.87
O019,C03758,T0078769,127.26
O013,C00806,T0007817,5.48
O005,C04176,T0069953,107.68
O010,C02965,T0071748,104.51
O012,C00614,T0098358,621.94
O014,C01326,T0045416,14.16
O002,C02757,T0076519,48.12
O003,C00135,T0062525,81.23
O012,C02991,T0067493,171.1
O009,C02090,T0075847,58.44
O008,C02649,T0022581,165.32
O015,C04070,T0050290,165.96
O001,C01945,T0036819,33.29
O019,C01728,T0027759,71.8
O020,C04572,T0014229,141.87
O003,C02838,T0020573,67.57
O001,C00275,T0081586,59.0
O004,C00862,T0065313,162.7
O017,C02394,T0014564,102.63
O020,C02374,T0068215,78.72
O016,C03617,T0087042,28.14
O016,C00704,T0084044,28.62
O015,C01596,T0025596,84.87
O014,C00099,T0008446,7.37
O007,C04072,T0007227,28.48
O017,C01614,T0009504,40.69
O009,C03213,T0049064,8.75
O012,C02348,T0068155,92.04
O018,C00101,T0052572,109.01
O002,C02639,T0045409,44.78
O009,C02381,T0002598,86.12
O016,C03991,T0069881,22.06
O008,C03256,T0056910,421.26
O018,C00529,T0085042,577.92
O020,C03057,T0038696,338.15
O006,C03808,T0026972,92.08
O002,C01914,T0085343,14.0
O012,C03805,T0069701,10.05
O005,C01342,T0010336,146.77
O009,C04861,T0026867,43.66
O010,C00123,T0048527,488.59
O016,C04585,T0036573,11.65
O010,C00899,T0003147,141.54
O019,C00835,T0094687,53.32
O019,C01742,T0006480,50.72
O009,C03804,T0072207,5.4
O005,C00419,T0077652,30.8
O010,C04350,T0082243,119.58
O010,C00497,T0067533,141.2
O017,C02910,T0076787,126.15
O009,C02152,T0061714,23.88
O011,C03937,T0006385,151.9
O013,C03241,T0060972,48.8
O013,C02380,T0006649,717.19
O019,C00344,T0032259,8.54
O005,C03791,T0080372,39.48
O019,C02052,T0053988,59.3
O002,C03216,T0078350,9.01
O009,C01263,T0002951,94.11
O002,C04345,T0023827,153.14
O017,C01051,T0040785,50.3
O001,C00117,T0097716,312.82
O008,C04060,T0055804,45.91
O005,C00661,T0049430,153.54
O013,C02043,T0050419,27.25
O015,C02845,T0015832,93.56
O006,C01858,T0085663,254.49
O009,C04457,T0004924,30.27
O006,C03046,T0065625,373.34
O009,C02127,T0076363,8.47
O019,C00789,T0057530,66.01
O009,C01947,T0057144,96.17
O011,C01998,T0000585,269.36
O016,C02706,T0036422,30.9
O005,C00977,T0017335,242.63
O019,C01869,T0061443,139.83
O019,C04599,T0046404,82.72
O011,C02141,T0027583,10.17
O013,C04501,T0007534,44.6
O004,C00668,T0039079,563.99
O017,C01174,T0004018,156.56
O006,C02436,T0083326,358.09
O004,C02223,T0027339,132.94
O007,C03240,T0088761,28.18
O009,C02732,T0021468,34.53
O009,C00919,T0058181,8.65
O007,C01013,T0011078,27.26
O002,C02965,T0001366,56.51
O007,C01680,T0076368,76.63
O007,C02886,T0041027,46.92
O004,C02304,T0020159,105.04
O011,C02283,T0044862,554.39
O018,C01028,T0015656,147.74
O001,C01520,T0064765,31.46
O011,C00977,T0099068,99.25
O013,C03358,T0079057,49.67
O016,C01480,T0016556,14.39
O004,C00606,T0042091,133.14
O012,C01192,T0085633,76.9
O006,C01194,T0005420,106.52
O014,C00754,T0043771,17.44
O015,C04077,T0042332,39.41
O020,C04582,T0046103,141.66
O008,C03901,T0013456,189.35
O008,C02036,T0050715,103.84
O005,C01621,T0086053,250.94
O005,C04006,T0026226,101.4
O012,C04989,T0007067,366.44
O006,C04995,T0081766,210.12
O009,C03337,T0064714,115.41
O001,C01175,T0094915,35.77
O017,C03396,T0097641,65.64
O005,C04672,T0012065,138.85
O014,C04013,T0061616,29.73
O009,C03413,T0046070,10.55
O019,C03262,T0081594,124.41
O011,C02673,T0025205,63.1
O008,C02287,T0097674,48.62
O008,C01900,T0075780,271.5
O001,C00835,T0017535,575.26
O012,C02855,T0021833,105.35
O010,C01037,T0010898,69.29
O012,C02383,T0036592,143.89
O006,C00029,T0083298,190.95
O003,C02329,T0035760,62.4
O014,C02314,T0057723,9.15
O010,C01456,T0092320,26.8
O006,C02014,T0088814,72.62
O012,C03035,T0074960,20.96
O017,C02030,T0057990,86.79
O017,C03142,T0021256,161.55
O016,C01580,T0045039,31.09
O011,C03428,T0034015,150.42
O014,C04453,T0013891,6.49
O015,C02702,T0055199,45.09
O019,C02773,T0025587,161.3
O019,C03461,T0048148,120.47
O008,C01962,T0050755,66.72
O003,C02093,T0026241,154.12
O016,C04025,T0040637,17.59
O018,C02242,T0055988,43.98
O012,C03461,T0063580,100.0
O014,C04618,T0067637,29.16
O014,C00740,T0090435,10.28
O019,C02607,T0055227,73.78
O005,C04529,T0053332,44.23
O005,C04012,T0033478,106.26
O002,C00921,T0069620,19.27
O019,C01232,T0038847,472.2
O003,C00317,T0058571,59.33
O016,C00396,T0063492,40.36
O019,C00198,T0095764,37.46
O005,C03808,T0014683,102.61
O009,C04920,T0054831,433.34
O006,C04065,T0091695,37.45
O016,C01216,T0057252,48.71
O011,C02459,T0006481,71.62
O010,C04854,T0077856,75.36
O007,C02771,T0058210,32.69
O010,C04873,T0023035,32.31
O017,C01029,T0025039,145.95
O008,C04650,T0035308,77.0
O007,C00714,T0091899,26.13
O013,C03821,T0082237,80.47
O002,C04199,T0099496,49.87
O005,C00230,T0040767,256.39
O015,C00851,T0099360,70.86
O008,C01298,T0066448,85.24
O009,C02470,T0068248,30.13
O001,C00485,T0071620,89.75
O009,C04115,T0016760,40.17
O020,C04880,T0086688,171.1
O019,C04209,T0046944,133.82
O011,C04747,T0085248,88.4
O001,C03022,T0086206,66.6
O007,C01406,T0048342,24.19
O012,C00598,T0028311,124.03
O011,C01815,T0022625,205.84
O010,C04857,T0067090,278.65
O003,C01797,T0009043,112.24
O014,C04793,T0062728,10.63
O010,C04568,T0093848,72.22
O016,C01800,T0003221,59.84
O007,C03075,T0099575,120.79
O017,C03276,T0060259,79.01
O011,C03436,T0082769,204.71
O004,C02534,T0059762,52.76
O001,C02516,T0068124,285.42
O010,C03743,T0022976,52.64
O018,C00267,T0031626,90.63
O009,C02934,T0055650,20.52
O002,C01820,T0026329,32.52
O010,C04067,T0096862,427.91
O002,C01267,T0062703,140.05
O009,C04017,T0092745,16.7
O014,C02596,T0079960,145.0
O001,C00397,T0021621,104.04
O002,C03363,T0095697,46.42
O014,C04936,T0025742,104.7
O001,C02845,T0093069,227.01
O007,C04265,T0047885,18.62
O010,C00983,T0078104,28.68
O011,C00669,T0029771,122.36
O001,C01779,T0018752,135.08
O001,C04905,T0039883,372.99
O019,C03194,T0041478,88.67
O020,C01502,T0012502,66.52
O014,C01643,T0056959,15.95
O007,C00644,T0072830,7.62
O016,C04370,T0027825,16.39
O020,C04728,T0065018,78.27
O003,C00434,T0033583,254.66
O001,C00735,T0086591,33.53
O001,C02687,T0035427,47.71
O008,C04148,T0032666,227.16
O008,C02485,T0077689,350.87
O009,C01602,T0013052,22.08
O007,C04790,T0094412,74.91
O011,C00723,T0043907,435.1
O007,C01748,T0084929,28.25
O005,C00731,T0091119,618.51
O015,C04774,T0080886,28.16
O018,C03668,T0090241,123.41
O009,C04005,T0065901,24.58
O014,C02131,T0088206,25.8
O020,C00630,T0091037,79.12
O003,C02746,T0006759,36.11
O013,C02517,T0076354,27.48
O014,C00590,T0057417,19.66
O013,C03869,T0083423,35.58
O002,C00489,T0025234,42.45
O009,C01331,T0054071,77.54
O020,C00931,T0046942,75.48
O018,C02430,T0064957,126.78
O019,C04582,T0045754,53.54
O019,C01519,T0093214,71.92
O018,C03467,T0014994,162.89
O010,C00087,T0014401,82.79
O005,C02363,T0092938,97.66
O009,C00559,T0077070,18.57
O004,C03131,T0061009,102.87
O015,C03859,T0024158,91.28
O011,C02524,T0000468,79.76
O011,C03626,T0096542,119.63
O006,C04220,T0010098,272.4
O005,C04385,T0091351,200.21
O003,C00482,T0002988,69.68
O013,C04327,T0090715,12.39
O015,C00736,T0092460,22.46
O019,C00212,T0053233,49.44
O019,C04310,T0025704,33.35
O014,C00894,T0074198,30.47
O008,C01044,T0013154,160.16
O004,C02839,T0086830,67.62
O012,C01706,T0016617,117.81
O009,C04964,T0097246,61.49
O010,C00546,T0064340,346.29
O012,C03396,T0056323,358.38
O006,C00432,T0001476,179.2
O012,C02858,T0086576,376.93
O018,C03690,T0080116,62.99
O010,C01921,T0045950,105.64
O011,C01349,T0095977,181.81
O003,C02203,T0038679,58.45
O003,C03421,T0081848,33.7
O001,C03745,T0034669,65.95
O019,C03081,T0095776,81.03
O010,C01496,T0041359,2069.04
O017,C02014,T0050268,110.05
O020,C03609,T0075320,99.53
O008,C04334,T0020565,360.86
O020,C02567,T0086655,379.68
O016,C01945,T0024139,88.98
O006,C01127,T0032214,66.64
O020,C02682,T0048684,38.03
O002,C04227,T0019295,89.0
O015,C04968,T0013805,6.38
O016,C00032,T0062368,10.47
O017,C02587,T0093644,26.25
O008,C00251,T0015051,114.31
O003,C00301,T0093100,97.55
O001,C02940,T0041053,85.86
O004,C03727,T0035509,85.15
O008,C01665,T0046660,125.81
O004,C00206,T0045575,217.91
O005,C03538,T0085029,251.86
O005,C00526,T0068400,238.94
O020,C00151,T0032681,51.49
O012,C03858,T0079688,154.33
O010,C01418,T0083682,365.34
O002,C00607,T0065610,97.93
O009,C04186,T0069917,6.75
O020,C04691,T0021053,31.02
O012,C02369,T0019420,124.5
O019,C04278,T0075619,54.37
O019,C01384,T0090091,27.52
O015,C04515,T0027513,14.72
O010,C01205,T0043040,282.34
O017,C04372,T0012514,26.01
O017,C04409,T0012959,44.85
O012,C00581,T0045819,74.89
O004,C03168,T0097701,230.73
O001,C02108,T0072099,284.45
O010,C03114,T0007301,114.22
O003,C00504,T0083732,40.19
O018,C02298,T0071341,15.42
O002,C02310,T0044596,47.16
O012,C02830,T0016729,83.67
O013,C02996,T0008748,400.0
O008,C00001,T0018134,92.58
O008,C03554,T0089127,286.26
O012,C03730,T0060504,25.55
O012,C03799,T0092285,36.9
O018,C03585,T0003007,148.86
O018,C04818,T0057736,23.53
O010,C01235,T0040266,2674.12
O005,C00192,T0038870,84.42
O001,C03274,T0031885,86.53
O016,C03394,T0000673,27.97
O008,C01564,T0094538,72.31
O005,C02218,T0050983,104.96
O016,C03720,T0014329,43.31
O009,C02458,T0077059,7.27
O013,C04389,T0080399,41.28
O020,C02469,T0066770,100.62
O011,C02645,T0000392,28.86
O002,C03219,T0000720,7.25
O013,C01102,T0014662,269.46
O006,C01494,T0063601,772.13
O008,C04835,T0032416,59.85
O016,C03302,T0038546,65.45
O019,C03835,T0078420,29.51
O019,C01284,T0092752,53.98
O006,C04662,T0022683,181.4
O003,C00914,T0058567,134.73
O020,C04441,T0022672,282.64
O012,C02491,T0020542,133.12
O017,C03398,T0098930,73.03
O007,C00403,T0096847,27.42
O017,C02705,T0033017,193.16
O016,C04465,T0018388,55.51
O013,C02405,T0012596,154.16
O013,C03522,T0044557,42.17
O020,C03469,T0047455,212.41
O012,C01478,T0075990,67.57
O017,C00072,T0004436,199.43
O015,C00667,T0007664,45.86
O001,C04708,T0051543,83.95
O017,C00277,T0060753,284.04
O016,C00982,T0003587,30.0
O018,C02053,T0063196,255.57
O010,C02617,T0030061,57.9
O006,C03093,T0076085,380.17
O001,C03940,T0018894,203.19
O005,C00459,T0077946,122.54
O020,C04676,T0080248,249.52
O014,C04295,T0057112,8.28
O011,C01019,T0057216,89.26
O016,C03981,T0009401,23.94
O009,C00048,T0026612,41.23
O008,C02551,T0045963,97.17
O003,C02157,T0069391,65.93
O004,C01826,T0057572,58.97
O016,C00586,T0067491,78.02
O008,C03593,T0017409,195.93
O009,C00428,T0088537,8.85
O017,C00559,T0037525,65.17
O013,C01197,T0066463,16.23
O009,C02739,T0040526,23.49
O003,C03554,T0098949,34.13
O011,C00030,T0068904,56.56
O001,C02769,T0097240,320.32
O008,C02173,T0031570,63.28
O007,C03640,T0036513,
O017,C03169,T0040078,156.35
O017,C01779,T0020835,669.04
O009,C03332,T0039648,21.8
O001,C01193,T0005741,53.22
O010,C00974,T0009040,46.45
O018,C01779,T0066570,65.12
O001,C04851,T0033394,165.55
O006,C01336,T0058965,261.71
O013,C04027,T0004588,44.15
O004,C01203,T0079417,100.55
O001,C02456,T0019866,146.86
O009,C01901,T0085473,11.61
O010,C00847,T0080569,56.97
O014,C02124,T0079163,15.83
O004,C02086,T0084628,27.4
O019,C01387,T0061187,53.57
O005,C02454,T0078877,11.87
O012,C03994,T0099802,84.46
O007,C00418,T0042360,47.71
O005,C04091,T0039558,117.17
O003,C04288,T0056458,44.27
O015,C00453,T0094019,16.17
O020,C03959,T0026687,429.91
O006,C04955,T0056368,56.67
O015,C03797,T0039183,13.53
O018,C04634,T0085548,462.71
O019,C00729,T0071571,42.54
O018,C00952,T0046431,1737.99
O017,C03606,T0096889,369.83
O012,C03255,T0005377,80.7
O017,C03725,T0064114,28.47
O013,C03898,T0048135,75.84
O003,C03001,T0002547,143.39
O004,C00454,T0086736,21.31
O002,C01863,T0041596,39.78
O018,C03905,T0001337,273.21
O002,C03099,T0099953,27.16
O012,C00858,T0012139,165.86
O006,C03399,T0015651,151.5
O004,C04317,T0040102,117.99
O001,C03579,T0082382,288.37
O020,C03719,T0010310,301.97
O010,C04979,T0088091,277.12
O014,C04019,T0002842,40.95
O008,C04935,T0086909,96.95
O001,C02746,T0037782,166.26
O011,C03998,T0055532,62.36
O001,C01593,T0076224,46.15
O018,C01154,T0003742,49.39
O007,C01645,T0098082,34.03
O001,C01058,T0020521,37.42
O008,C02189,T0047809,184.44
O007,C04453,T0042534,25.0
O020,C01467,T0065594,137.1
O005,C04300,T0009912,167.57
O014,C00373,T0083370,58.41
O003,C00611,T0034289,91.81
O005,C00948,T0035542,197.21
O006,C01686,T0094135,155.47
O010,C04191,T0071251,194.38
O014,C00545,T0036419,63.77
O003,C00481,T0062240,201.35
O002,C04751,T0047502,147.96
O011,C04397,T0006781,53.87
O005,C01608,T0093995,130.93
O017,C00552,T0039149,210.49
O010,C04472,T0022085,139.78
O012,C04368,T0082177,50.79
O013,C03733,T0018119,93.5
O018,C03329,T0075916,442.2
O002,C04826,T0048223,122.45
O001,C02085,T0055968,33.03
O006,C04661,T0067408,62.28
O009,C02241,T0045349,78.4
O015,C04946,T0037750,20.57
O005,C04938,T0025491,77.07
O007,C01889,T0010640,18.41
O011,C03753,T0011657,36.56
O009,C01420,T0050908,11.04
O012,C02811,T0020776,174.21
O006,C02056,T0008517,57.4
O006,C00024,T0047385,29.32
O002,C02009,T0020479,52.67
O009,C03635,T0069573,11.55
O017,C02154,T0079731,1015.14
O008,C04713,T0007715,129.98
O003,C03132,T0048973,186.93
O012,C00616,T0034417,262.45
O019,C02810,T0007423,33.38
O012,C00665,T0032073,57.94
O014,C03306,T0012393,190.99
O002,C02358,T0099968,48.46
O006,C02147,T0065300,137.7
O006,C01998,T0061869,64.12
O019,C01573,T0000919,190.47
O006,C00200,T0080698,396.4
O005,C03731,T0000414,134.38
O018,C03729,T0048515,18.78
O014,C00701,T0082092,34.62
O014,C00150,T0003516,13.26
O004,C01083,T0025153,1998.91
O006,C02030,T0020641,60.6
O018,C03093,T0011748,77.34
O019,C02629,T0067771,58.29
O016,C00696,T0097208,74.48
O011,C04626,T0012271,96.24
O001,C04186,T0044684,153.3
O016,C03288,T0036970,25.44
O004,C00558,T0031118,313.89
O013,C03865,T0086435,92.84
O002,C02536,T0058872,13.51
O016,C04234,T0072649,58.58
O016,C04671,T0009793,78.43
O009,C04313,T0019553,23.66
O003,C00021,T0009176,104.33
O014,C04681,T0065646,28.21
O019,C01623,T0002020,306.06
O007,C01818,T0005615,7.55
O005,C03516,T0074411,64.38
O001,C04583,T0029388,568.74
O017,C02248,T0088847,54.13
O013,C01916,T0056044,246.65
O017,C04951,T0023493,39.66
O001,C01127,T0001195,58.93
O011,C03959,T0031752,115.87
O015,C03631,T0062834,163.37
O002,C03846,T0048132,24.48
O004,C00961,T0073847,88.22
O001,C03325,T0092195,312.33
O004,C00306,T0025216,188.71
O001,C01122,T0054668,94.33
O009,C04409,T0053640,6.94
O003,C04331,T0047690,39.97
O017,C00783,T0063013,127.29
O012,C02249,T0080046,46.88
O003,C03706,T0011891,98.97
O011,C03068,T0084534,854.1
O006,C03510,T0003843,131.87
O002,C02195,T0048963,29.42
O013,C00318,T0050496,267.43
O015,C00725,T0097158,53.61
O001,C04720,T0019575,212.03
O016,C04047,T0050827,18.41
O004,C02144,T0022353,48.74
O009,C01019,T0094608,18.11
O017,C02878,T0093632,538.17
O005,C03263,T0051462,276.9
O018,C04326,T0083608,34.97
O006,C01240,T0052228,37.05
O016,C00308,T0044038,26.88
O016,C04637,T0001153,30.8
O014,C00068,T0088916,24.83
O015,C01745,T0047617,57.93
O010,C04883,T0029697,266.57
O007,C01533,T0048574,32.35
O009,C02094,T0093595,23.46
O017,C04393,T0088001,89.66
O012,C02087,T0015491,102.76
O014,C03560,T0009334,23.48
O002,C01718,T0069092,54.29
O018,C01728,T0049943,342.03
O019,C03748,T0002214,32.48
O012,C03583,T0031857,70.56
O011,C03250,T0015236,120.81
O014,C04703,T0012896,27.88
O019,C04695,T0056743,9.74
O018,C02885,T0027019,77.01
O008,C00402,T0053471,74.53
O011,C04933,T0045063,56.1
O010,C00776,T0058768,50.42
O015,C04809,T0065696,23.49
O017,C04688,T0019413,204.01
O015,C02288,T0088832,55.7
O014,C04317,T0059487,16.34
O004,C04915,T0088179,56.2
O003,C00666,T0041136,208.83
O020,C03647,T0001741,125.89
O003,C03557,T0034084,57.26
O005,C00410,T0052114,97.46
O020,C04749,T0008128,501.91
O005,C02790,T0083603,51.13
O018,C02485,T0065110,109.83
O019,C01946,T0062129,13.98
O013,C04702,T0088687,94.89
O012,C02972,T0091805,125.16
O004,C04595,T0064602,288.46
O020,C00571,T0037191,51.85
O014,C02086,T0062518,27.33
O001,C04528,T0064780,526.78
O010,C00159,T0062941,158.34
O002,C01930,T0034824,131.89
O005,C01100,T0078512,124.19
O010,C00215,T0051806,409.36
O008,C04675,T0036405,25.46
O010,C03343,T0082701,21.59
O013,C03690,T0002421,128.64
O009,C01466,T0028342,26.04
O007,C04970,T0051378,49.1
O010,C04835,T0027004,983.79
O003,C01702,T0043045,140.22
O012,C00866,T0027340,53.07
O001,C00560,T0083526,56.54
O016,C03073,T0064398,38.39
O004,C04256,T0088099,113.92
O007,C02305,T0039492,4.96
O011,C04829,T0084086,20.87
O019,C02632,T0096177,139.56
O008,C00468,T0042690,260.86
O006,C04963,T0072747,921.58
O020,C04086,T0010385,665.91
O008,C04722,T0054089,23.99
O014,C04299,T0002898,141.91
O005,C03445,T0054832,44.81
O016,C02698,T0064766,32.22
O018,C01135,T0091792,78.03
O015,C04429,T0068655,35.42
O011,C01776,T0023166,383.01
O004,C02931,T0039547,191.03
O005,C02088,T0067124,202.79
O003,C04029,T0083880,83.4
O018,C00468,T0097305,235.91
O016,C02201,T0015082,22.41
O005,C01910,T0031312,114.59
O016,C04652,T0066150,28.05
O012,C04198,T0010949,138.29
O010,C01104,T0026249,2449.0
O017,C00083,T0003543,180.74
O014,C03845,T0026804,37.41
O002,C04414,T0007113,23.95
O002,C00264,T0021751,220.39
O014,C03010,T0008123,14.98
O020,C04940,T0073575,56.29
O013,C02890,T0021265,33.48
O015,C03190,T0089270,33.15
O014,C04761,T0032924,92.49
O007,C00873,T0007951,215.54
O020,C02587,T0001456,53.32
O012,C03242,T0061035,497.65
O011,C03910,T0021738,28.04
O004,C00869,T0060734,122.71
O017,C01555,T0000351,149.86
O002,C02783,T0004082,23.95
O013,C00075,T0022471,228.79
O005,C00601,T0092089,59.92
O009,C03448,T0036506,32.97
O010,C04057,T0023080,155.2
O009,C01238,T0088198,11.01
O003,C03267,T0081454,69.75
O016,C03123,T0008616,122.23
O011,C02785,T0083063,110.41
O011,C00308,T0071480,102.47
O008,C01759,T0079077,146.64
O003,C01352,T0021302,58.09
O018,C01524,T0005841,74.41
O002,C03981,T0086859,78.83
O002,C02741,T0079428,172.73
O007,C02487,T0043067,52.72
O014,C03799,T0003660,13.01
O004,C03066,T0090679,76.21
O010,C01633,T0051604,49.45
O019,C00524,T0013564,168.39
O015,C04653,T0098064,64.84
O003,C03799,T0086667,37.53
O007,C03756,T0080386,31.7
O008,C03505,T0055697,120.65
O001,C00614,T0096445,286.5
O011,C03547,T0044103,109.17
O005,C04846,T0095173,73.86
O018,C01721,T0095948,29.81
O013,C04935,T0009325,8.76
O006,C02705,T0000186,759.12
O007,C03394,T0053074,16.19
O013,C03136,T0048324,163.51
O017,C04277,T0007781,193.93
O020,C03086,T0083112,366.76
O002,C04435,T0057255,186.59
O019,C04551,T0066324,56.78
O001,C02098,T0083687,773.8
O020,C03529,T0062546,38.41
O019,C04957,T0020353,276.5
O008,C00362,T0020697,47.57
O020,C00628,T0038188,48.1
O014,C04556,T0028669,22.69
O001,C02131,T0041360,47.96
O001,C04659,T0045184,323.98
O019,C00060,T0095751,107.05
O015,C01856,T0026866,152.88
O006,C04424,T0020554,1123.25
O005,C04062,T0001232,48.96
O015,C04060,T0060821,48.11
O002,C03013,T0044878,12.96
O019,C04957,T0013455,30.99
O015,C02802,T0096549,102.84
O004,C03291,T0085019,46.02
O009,C02113,T0018783,51.02
O006,C00182,T0064918,33.22
O010,C04360,T0026749,144.58
O020,C00977,T0025276,41.86
O004,C03882,T0008667,223.44
O002,C03158,T0035881,40.58
O011,C04998,T0029871,62.82
O001,C00584,T0096037,477.89
O020,C03755,T0075903,27.72
O006,C03263,T0022568,54.95
O020,C01656,T0094818,117.01
O013,C03457,T0095407,63.11
O014,C03337,T0072725,22.56
O011,C03702,T0034209,308.96
O005,C04529,T0074365,77.06
O001,C03125,T0038736,85.33
O018,C02409,T0084754,112.82
O012,C00057,T0059303,75.56
O017,C03751,T0043721,249.98
O015,C03598,T0018580,72.28
O008,C04613,T0017819,64.4
O011,C03477,T0007213,43.96
O013,C02285,T0016846,69.74
O015,C00648,T0002993,16.39
O011,C01045,T0025807,349.01
O019,C02664,T0083967,27.13
O018,C03900,T0065702,47.1
O011,C01083,T0013850,163.43
O020,C03861,T0093740,149.75
O011,C03087,T0076864,45.73
O019,C01786,T0063518,21.74
O012,C00991,T0083266,115.19
O014,C01880,T0035761,24.43
O004,C04108,T0059776,302.6
O011,C04766,T0036462,42.14
O007,C03806,T0009038,50.74
O007,C01870,T0060790,10.63
O004,C03808,T0066337,91.12
O001,C00025,T0068269,242.7
O017,C02565,T0055114,86.45
O019,C01357,T0087634,183.08
O010,C04013,T0067713,114.64
O010,C00331,T0037217,87.45
O009,C02699,T0025170,202.37
O005,C03438,T0061281,570.43
O013,C02925,T0082052,65.71
O007,C00883,T0049022,25.95
O007,C03955,T0064363,46.01
O012,C00750,T0017336,142.5
O018,C04128,T0068459,44.14
O010,C02551,T0078887,132.5
O013,C04634,T0091905,67.75
O006,C00773,T0031232,79.35
O012,C01874,T0043596,161.65
O019,C01669,T0039265,137.99
O013,C00515,T0071673,52.63
O003,C04670,T0059027,366.02
O007,C01633,T0037097,150.33
O005,C00763,T0035219,71.0
O016,C02067,T0022694,21.5
O010,C00900,T0097239,145.25
O003,C01952,T0040873,83.85
O005,C04985,T0052211,334.49
O017,C00765,T0071676,48.95
O014,C02498,T0064044,54.98
O017,C02142,T0062155,73.41
O010,C03511,T0039396,94.02
O006,C01733,T0045233,87.24
O008,C01855,T0073072,628.36
O016,C02810,T0049561,190.73
O020,C00174,T0008802,958.97
O019,C00224,T0075024,44.91
O019,C01637,T0010138,135.05
O010,C03176,T0070921,2379.99
O013,C03094,T0009404,107.87
O002,C02778,T0075057,191.89
O002,C03951,T0022375,23.2
O007,C01018,T0080812,99.01
O014,C01125,T0073799,39.81
O019,C02969,T0062026,393.86
O017,C04381,T0034664,607.29
O008,C03205,T0099299,81.46
O002,C04475,T0069472,83.56
O002,C02613,T0070004,62.16
O014,C04329,T0026211,23.24
O018,C04103,T0060508,71.93
O020,C01362,T0014320,51.12
O007,C01194,T0098636,32.29
O018,C00542,T0029663,73.82
O009,C03174,T0095217,19.71
O017,C04014,T0040002,205.04
O012,C00930,T0052328,712.33
O006,C02835,T0003441,61.81
O020,C01271,T0026692,52.27
O017,C01434,T0022994,314.16
O009,C01632,T0001053,36.61
O006,C01047,T0031030,114.65
O019,C02061,T0040772,89.51
O005,C00570,T0020493,67.03
O014,C03507,T0018888,7.45
O002,C03256,T0014576,33.29
O019,C01968,T0085323,62.51
O002,C02450,T0099309,19.91
O014,C04689,T0061911,27.14
O002,C00446,T0030680,28.9
O015,C00446,T0041848,55.88
O019,C00114,T0004468,34.07
O016,C01418,T0014943,45.11
O010,C03429,T0000211,165.42
O006,C01644,T0086748,152.17
O018,C00557,T0059148,31.19
O012,C00532,T0064004,127.35
O009,C03078,T0097951,1.98
O001,C01774,T0027275,36.33
O016,C04519,T0097272,12.56
O002,C04720,T0015602,48.03
O007,C01696,T0042794,581.02
O009,C01764,T0035832,289.36
O010,C03011,T0023994,39.7
O007,C03783,T0041670,31.57
O005,C02539,T0022463,159.41
O019,C01330,T0049494,26.71
O007,C01116,T0034339,7.98
O010,C03189,T0056626,509.93
O014,C03837,T0004266,15.4
O020,C04249,T0032206,151.39
O020,C04251,T0075994,196.95
O006,C04081,T0014565,55.9
O017,C03355,T0078818,41.94
O016,C03317,T0018956,46.26
O010,C03139,T0074275,112.79
O005,C00642,T0078132,83.41
O011,C03572,T0002322,106.74
O007,C02903,T0059727,14.75
O005,C04259,T0064392,18.09
O016,C03319,T0082918,68.78
O008,C04294,T0082440,56.1
O011,C03954,T0030437,55.02
O009,C03928,T0003950,8.0
O008,C03145,T0028689,720.18
O006,C04947,T0099516,238.49
O020,C04741,T0090115,133.71
O016,C02373,T0074836,17.08
O007,C00381,T0091939,46.16
O018,C00094,T0045652,145.97
O004,C02352,T0081386,107.12
O004,C03602,T0080824,509.88
O011,C04161,T0043915,92.1
O003,C03758,T0021042,35.19
O013,C01965,T0040876,495.17
O009,C01036,T0037350,52.88
O020,C02288,T0047135,62.84
O014,C00011,T0003476,129.44
O005,C04668,T0019977,157.61
O017,C02790,T0019605,138.09
O006,C04601,T0091390,95.62
O003,C02823,T0098731,130.03
O018,C03276,T0020224,821.12
O017,C02730,T0069136,106.45
O004,C01133,T0001030,21.06
O006,C01206,T0083536,53.48
O006,C03807,T0039980,346.26
O010,C00156,T0018718,127.8
O016,C00944,T0026939,118.64
O006,C04622,T0048566,699.66
O002,C04440,T0056541,15.05
O001,C00388,T0062015,309.23
O007,C01118,T0009871,66.09
O015,C00541,T0049324,10.38
O017,C04707,T0068577,1233.39
O013,C02904,T0057838,26.66
O013,C01268,T0017744,31.96
O010,C04231,T0058960,367.25
O008,C00964,T0032570,121.94
O005,C03663,T0047658,35.76
O018,C00861,T0068915,17.27
O005,C04811,T0096474,498.0
O001,C01096,T0044125,250.22
O002,C02861,T0012480,107.57
O012,C04779,T0001544,101.91
O003,C02615,T0046153,86.26
O013,C02134,T0003783,25.84
O010,C04102,T0059517,181.36
O012,C01365,T0043867,189.67
O013,C02611,T0029979,32.21
O010,C04755,T0018494,271.82
O003,C04263,T0073547,157.65
O005,C01281,T0083932,150.3
O012,C03879,T0099210,100.85
O011,C00207,T0024625,912.94
O017,C02805,T0081171,59.43
O014,C04034,T0007981,14.98
O010,C02154,T0069093,87.92
O011,C04007,T0040297,90.32
O012,C04066,T0033847,1268.42
O005,C04730,T0050647,286.19
O006,C01464,T0003810,54.37
O010,C01209,T0097656,318.66
O003,C00525,T0058213,121.11
O020,C04940,T0079039,266.67
O018,C00635,T0034596,103.71
O017,C03089,T0018618,133.07
O014,C01297,T0055374,7.44
O007,C02918,T0006468,13.06
O017,C03134,T0045421,36.38
O003,C01059,T0038320,50.78
O014,C04436,T0042280,247.98
O012,C03869,T0064223,97.67
O009,C01415,T0060469,45.68
O012,C00878,T0060132,117.53
O012,C00682,T0073778,196.65
O013,C02223,T0025601,73.63
O005,C02084,T0077209,102.71
O005,C02655,T0088908,139.43
O001,C04914,T0047126,82.11
O015,C03725,T0011601,101.42
O005,C03809,T0005659,86.37
O008,C02986,T0017506,82.11
O011,C04541,T0054353,37.8
O006,C01005,T0011846,339.0
O002,C00054,T0009696,14.89
O019,C03082,T0055793,36.64
O002,C02401,T0077956,30.45
O008,C00093,T0076273,131.02
O018,C00078,T0081060,20.66
O007,C00611,T0099761,16.77
O012,C01218,T0006371,55.57
O019,C04751,T0060993,28.17
O012,C03963,T0004863,62.49
O005,C04266,T0054145,85.21
O018,C03621,T0039011,108.4
O007,C02462,T0035440,102.07
O002,C00550,T0066548,60.54
O008,C02963,T0012788,409.36
O002,C03381,T0085536,51.56
O008,C03542,T0015066,816.14
O002,C01879,T0010010,39.47
O015,C04494,T0050323,
O012,C02772,T0079017,76.81
O018,C01577,T0018930,68.42
O010,C04361,T0003421,56.02
O019,C02998,T0061880,81.77
O001,C02029,T0006370,421.41
O012,C04150,T0044556,418.45
O010,C04343,T0004470,88.08
O011,C04519,T0035476,56.03
O006,C00527,T0069145,95.8
O002,C02786,T0054020,165.71
O005,C01687,T0040691,52.55
O005,C02913,T0076907,349.06
O009,C04102,T0075817,77.07
O015,C01100,T0079659,36.05
O011,C02908,T0071484,149.72
O016,C04841,T0026212,10.03
O003,C04441,T0045689,31.74
O009,C00459,T0074508,23.15
O011,C02582,T0087762,513.33
O018,C01753,T0044146,74.18
O002,C01872,T0024328,45.05
O014,C03970,T0089389,34.88
O012,C04617,T0068617,83.03
O004,C00567,T0006109,621.13
O004,C04409,T0013353,149.28
O004,C00466,T0009733,120.96
O010,C00337,T0051102,89.63
O010,C04253,T0085833,42.3
O006,C01795,T0002453,90.67
O007,C00795,T0099258,97.73
O001,C02442,T0012821,54.14
O017,C02222,T0099880,27.05
O008,C04434,T0098907,411.55
O011,C00315,T0051717,1075.36
O001,C01578,T0036100,207.15
O001,C03081,T0037974,81.82
O013,C00296,T0083676,86.53
O018,C03695,T0068696,117.9
O016,C03631,T0046714,73.51
O012,C01089,T0063681,83.06
O008,C01785,T0057966,237.86
O016,C04081,T0020890,20.14
O014,C04556,T0026089,294.68
O006,C03326,T0041631,94.05
O005,C00024,T0029404,84.58
O006,C03366,T0075409,322.09
O010,C04118,T0058680,39.53
O015,C02053,T0005381,16.8
O019,C02880,T0082004,26.82
O007,C00376,T0046410,24.04
O016,C03825,T0009700,10.94
O019,C04315,T0024687,61.95
O014,C01772,T0054230,88.5
O014,C02752,T0010068,13.47
O020,C02558,T0003514,145.15
O018,C02432,T0088200,56.54
O011,C00426,T0021863,75.98
O003,C03825,T0038683,77.37
O007,C04830,T0097136,15.13
O019,C00151,T0092914,104.91
O003,C02474,T0001928,100.05
O019,C04075,T0002302,122.58
O016,C04643,T0052006,113.65
O005,C02301,T0067098,126.94
O013,C04632,T0081527,181.4
O001,C01409,T0008752,200.47
O010,C04288,T0001380,125.55
O014,C03525,T0015336,29.32
O004,C02109,T0041020,180.22
O005,C01976,T0000675,567.39
O004,C03069,T0019724,138.36
O018,C02850,T0053895,81.31
O007,C04682,T0082260,143.66
O018,C02062,T0013475,39.35
O007,C02991,T0035640,23.79
O020,C03268,T0024428,1728.35
O005,C03135,T0063900,289.34
O001,C01056,T0027169,195.26
O013,C02360,T0028839,214.99
O009,C03661,T0055451,3.19
O002,C03131,T0040191,62.35
O002,C00993,T0082510,33.69
O013,C03118,T0018578,216.54
O019,C03324,T0068887,419.72
O008,C02628,T0065932,317.25
O015,C01943,T0073512,70.16
O008,C00590,T0050530,83.25
O010,C03005,T0051252,735.35
O002,C04104,T0060302,120.51
O002,C03348,T0037793,25.62
O017,C02956,T0066990,100.4
O007,C01266,T0020399,41.68
O001,C02812,T0076176,143.73
O018,C02372,T0007318,322.17
O020,C03852,T0071705,2117.17
O012,C00181,T0051910,79.5
O003,C00896,T0023304,127.45
O002,C04797,T0028041,41.12
O004,C03724,T0005902,62.52
O010,C04819,T0084912,345.72
O003,C04821,T0081658,60.13
O019,C03359,T0080901,24.36
O016,C04793,T0089676,29.7
O013,C00453,T0030101,19.88
O007,C04035,T0080511,283.65
O007,C02125,T0027724,72.59
O004,C00559,T0022515,129.71
O011,C02276,T0050549,218.44
O019,C04457,T0083828,99.79
O017,C02033,T0031486,64.07
O009,C01141,T0058715,90.44
O014,C04285,T0062563,4.23
O016,C04112,T0017786,26.07
O014,C04810,T0042285,31.04
O001,C02169,T0089630,74.16
O010,C03012,T0067665,103.28
O012,C00798,T0016956,536.06
O008,C03256,T0067042,45.04
O004,C00619,T0086525,170.03
O001,C04294,T0092531,137.52
O009,C00374,T0010243,13.03
O013,C03716,T0075661,22.31
O012,C02293,T0046007,122.57
O019,C04127,T0056227,94.51
O004,C02379,T0033592,168.52
O003,C00726,T0063600,262.29
O003,C00683,T0023939,32.18
O003,C00043,T0006677,97.28
O018,C02611,T0069288,69.72
O004,C00979,T0072383,84.51
O009,C04126,T0027451,13.23
O007,C04447,T0070975,9.2
O015,C04422,T0059790,42.04
O018,C00581,T0035235,17.17
O005,C00522,T0014486,134.68
O003,C03166,T0088078,86.55
O002,C00304,T0035646,35.24
O011,C02824,T0075414,38.38
O005,C01638,T0071725,114.48
O001,C00101,T0090160,190.51
O014,C02736,T0073014,4.06
O020,C04455,T0041632,253.33
O002,C00092,T0010626,62.29
O012,C02507,T0021231,102.07
O010,C03633,T0063431,167.3
O020,C04762,T0072587,280.44
O006,C02536,T0099708,51.92
O015,C03476,T0095306,75.86
O003,C00843,T0065573,240.15
O013,C02266,T0039929,128.85
O012,C02336,T0059922,151.74
O009,C02023,T0018703,10.91
O010,C03684,T0015549,365.0
O018,C00849,T0070837,340.36
O012,C04237,T0015911,43.19
O014,C00881,T0022380,12.63
O015,C02884,T0034888,58.2
O016,C02704,T0064204,39.57
O010,C01595,T0017948,132.38
O014,C02872,T0054226,11.84
O001,C01360,T0011261,36.99
O018,C00739,T0051824,107.6
O007,C02592,T0072191,58.29
O011,C01053,T0039219,160.57
O011,C00676,T0007200,84.92
O015,C03309,T0082926,98.22
O015,C00557,T0024476,241.29
O001,C01684,T0072861,101.62
O018,C03643,T0078284,27.2
O003,C01231,T0043792,59.82
O006,C04313,T0075236,70.09
O007,C01740,T0086035,35.77
O010,C04031,T0019923,167.73
O001,C02598,T0070087,579.34
O018,C00260,T0028778,237.44
O010,C03353,T0091258,66.26
O002,C04837,T0029529,15.82
O020,C00934,T0084077,38.99
O016,C04876,T0045278,33.11
O015,C04854,T0089395,89.1
O014,C03506,T0010218,13.18
O002,C03979,T0080320,60.59
O001,C02125,T0007543,157.7
O002,C01488,T0083846,37.12
O015,C02710,T0077202,23.75
O019,C03873,T0058098,204.21
O015,C03105,T0057370,54.07
O011,C01730,T0062248,337.97
O016,C04089,T0004624,23.14
O002,C03175,T0073015,30.51
O008,C04995,T0026429,21.16
O020,C04341,T0061996,42.92
O001,C01523,T0032887,358.13
O019,C00594,T0007179,21.02
O014,C00495,T0098583,78.39
O012,C01434,T0040380,95.01
O009,C03489,T0044281,16.5
O013,C02917,T0095922,19.07
O004,C01425,T0084368,173.87
O014,C04268,T0077226,16.41
O008,C00430,T0053546,387.16
O007,C03624,T0053570,26.33
O009,C01862,T0089894,13.29
O012,C01644,T0002006,128.89
O012,C01180,T0095679,33.8
O001,C01957,T0027078,53.3
O008,C00357,T0042584,311.31
O017,C00715,T0048445,91.42
O011,C04066,T0030782,58.22
O016,C02555,T0003275,101.81
O007,C04004,T0056293,9.96
O005,C04660,T0090624,66.28
O012,C00749,T0011351,81.62
O006,C02341,T0071980,432.4
O007,C01266,T0045051,15.07
O014,C01562,T0050155,13.19
O016,C00840,T0046612,35.72
O003,C00686,T0002655,126.3
O005,C00771,T0039244,72.12
O015,C04144,T0030749,15.93
O006,C00194,T0024442,60.71
O001,C03302,T0071002,266.9
O015,C02486,T0085709,40.38
O016,C00430,T0076595,29.65
O002,C00386,T0099951,20.29
O019,C04813,T0050814,55.55
O001,C00276,T0025474,135.96
O015,C01988,T0035353,27.95
O018,C00653,T0081459,44.23
O015,C00318,T0009547,150.04
O007,C03664,T0070302,21.1
O017,C04656,T0026423,293.47
O004,C03591,T0065558,54.64
O004,C03943,T0021825,70.62
O018,C00056,T0072333,73.11
O009,C01864,T0072571,27.43
O006,C00098,T0019249,119.26
O003,C00686,T0057147,87.03
O005,C02744,T0016993,204.82
O003,C04606,T0038720,43.39
O009,C02276,T0006980,8.65
O019,C03993,T0047073,40.06
O010,C03896,T0030915,72.51
O007,C00127,T0008321,43.73
O003,C01450,T0021235,1652.39
O018,C02353,T0062599,113.75
O018,C04721,T0013246,49.9
O020,C03719,T0043961,221.25
O015,C03722,T0088060,29.26
O006,C03596,T0014895,453.81
O005,C02956,T0064845,33.61
O006,C04084,T0001386,59.14
O013,C04828,T0029704,70.76
O008,C03991,T0014786,171.02
O001,C04360,T0007121,872.73
O010,C01830,T0090245,126.17
O018,C03464,T0034604,89.03
O004,C02533,T0041305,58.42
O015,C02935,T0079467,223.96
O004,C04250,T0095348,65.33
O016,C04474,T0032784,22.41
O010,C03026,T0086937,27.25
O013,C03820,T0086730,451.99
O008,C03215,T0083872,99.6
O014,C04469,T0076647,29.78
O006,C02406,T0042286,135.75
O016,C02320,T0063691,18.09
O002,C01979,T0013956,137.12
O007,C02998,T0066602,11.41
O020,C01654,T0061317,168.49
O017,C02234,T0056745,163.37
O013,C01971,T0069866,132.75
O020,C00861,T0096671,489.47
O012,C01454,T0052032,199.5
O014,C02577,T0088261,12.35
O017,C03394,T0087329,85.93
O010,C03475,T0079364,283.64
O009,C01252,T0061852,-0.03
O019,C04979,T0063014,48.7
O011,C02789,T0048149,35.44
O003,C01433,T0017945,57.6
O006,C00395,T0049986,187.57
O002,C00570,T0028205,35.83
O015,C01088,T0066007,29.97
O019,C04065,T0059029,138.09
O020,C02332,T0066326,60.02
O018,C04238,T0011455,1775.7
O006,C02230,T0044177,29.09
O007,C01532,T0010876,47.83
O020,C00119,T0032864,19.38
O008,C04341,T0030156,144.87
O019,C02540,T0089535,27.94
O015,C01599,T0019718,40.87
O007,C03761,T0010209,31.84
O008,C03080,T0070582,46.82
O015,C02147,T0037075,32.55
O019,C03445,T0064610,30.9
O005,C00682,T0047888,131.93
O004,C01595,T0056470,202.23
O007,C03207,T0027280,29.38
O011,C01754,T0038703,140.99
O001,C03257,T0014949,63.7
O019,C00293,T0011380,37.99
O002,C01417,T0074516,26.58
O011,C01951,T0048746,860.99
O003,C01342,T0036312,110.03
O001,C01443,T0062594,80.44
O017,C00155,T0098633,366.26
O005,C02279,T0003015,43.54
O020,C01366,T0053342,65.86
O008,C03539,T0031988,109.44
O002,C04217,T0059929,177.37
O004,C03054,T0017754,162.53
O006,C03750,T0088917,1893.44
O017,C01893,T0016905,96.1
O001,C00370,T0067425,265.56
O003,C04249,T0092038,32.37
O013,C02135,T0046358,55.84
O004,C01059,T0028434,25.89
O004,C04158,T0058900,88.14
O007,C00041,T0044165,10.57
O020,C01435,T0080349,305.51
O005,C02406,T0077858,106.31
O011,C04765,T0080266,149.96
O002,C04454,T0074079,13.66
O010,C00688,T0083911,91.06
O001,C00614,T0001127,93.75
O002,C02062,T0067842,93.57
O004,C02458,T0062456,81.78
O006,C02280,T0017668,1740.31
O015,C02978,T0079093,43.03
O002,C00408,T0092016,50.03
O002,C01775,T0050678,45.54
O010,C04436,T0001495,299.96
O010,C01977,T0073112,64.32
O002,C03030,T0006535,20.63
O005,C04839,T0096963,114.67
O017,C01452,T0046775,666.24
O009,C01565,T0045607,7.04
O007,C01002,T0075215,27.08
O013,C00177,T0026734,174.21
O007,C01099,T0088724,34.31
O018,C03070,T0063665,92.16
O013,C04057,T0070170,120.93
O004,C01077,T0051239,868.8
O011,C02426,T0064240,482.89
O017,C02125,T0071631,61.77
O003,C00510,T0019223,60.9
O018,C00801,T0001971,62.2
O020,C00741,T0078995,29.77
O008,C03480,T0006851,65.58
O008,C01681,T0031618,23.83
O016,C01872,T0090217,104.24
O016,C04165,T0066714,28.01
O011,C03660,T0087984,697.06
O003,C01581,T0022636,78.48
O011,C00226,T0033889,183.3
O002,C04127,T0049671,13.49
O019,C02246,T0023038,23.67
O004,C03143,T0002473,296.72
O015,C03326,T0090530,32.01
O017,C00089,T0039866,343.68
O003,C04391,T0013330,131.83
O010,C01021,T0015738,427.02
O002,C01895,T0015897,164.08
O017,C04438,T0071983,22.02
O003,C02650,T0084300,83.94
O019,C01028,T0046473,62.69
O004,C00826,T0052559,47.22
O019,C00077,T0079307,95.52
O011,C03691,T0088679,82.96
O007,C04952,T0093052,684.72
O004,C02978,T0008576,225.74
O017,C04326,T0051884,594.1
O006,C00134,T0027812,176.22
O008,C04206,T0025739,57.15
O001,C03197,T0059619,62.71
O018,C02021,T0001976,24.81
O017,C04335,T0034655,124.14
O014,C01704,T0067018,6.4
O005,C00214,T0084988,57.7
O003,C01592,T0003935,17.83
O017,C02064,T0043779,119.92
O005,C04914,T0021084,243.34
O005,C01512,T0072003,64.87
O014,C04790,T0031080,51.35
O008,C04451,T0050169,100.95
O003,C02122,T0072111,128.03
O017,C03527,T0089363,37.71
O013,C04376,T0088155,90.7
O004,C00782,T0025934,26.25
O016,C03949,T0058535,59.28
O002,C02291,T0093240,94.99
O015,C03128,T0001734,278.57
O013,C02586,T0017229,32.2
O007,C01978,T0026161,973.65
O008,C00729,T0032629,11.09
O011,C01546,T0085229,48.8
O011,C01159,T0046289,84.24
O013,C03336,T0091232,36.45
O011,C01158,T0015062,824.83
O007,C03321,T0099933,18.51
O001,C00408,T0025100,143.01
O015,C01208,T0049402,23.55
O009,C04775,T0055681,32.24
O005,C03756,T0079993,548.58
O006,C04495,T0091256,156.67
O006,C00004,T0084866,59.78
O006,C01655,T0023605,275.32
O007,C00672,T0098946,23.3
O015,C03070,T0076956,29.14
O010,C03992,T0087596,69.08
O004,C00185,T0063207,61.03
O005,C03451,T0089708,198.04
O003,C04593,T0000957,209.6
O019,C01932,T0064942,34.63
O001,C01768,T0043938,179.84
O015,C02150,T0060357,112.86
O020,C00588,T0011910,54.87
O015,C02211,T0046929,56.37
O019,C04355,T0017533,48.32
O017,C04954,T0029605,49.55
O004,C01156,T0063510,94.67
O015,C00610,T0050941,13.85
O015,C03552,T0007457,68.82
O010,C02988,T0056744,14.09
O020,C02201,T0012831,24.62
O007,C02078,T0077148,87.19
O001,C04883,T0032338,102.88
O014,C01630,T0032704,68.63
O010,C04061,T0025753,1253.38
O018,C03239,T0000241,85.46
O005,C04928,T0066238,381.58
O012,C04141,T0057507,1034.16
O012,C02002,T0030668,108.14
O019,C01526,T0083091,68.05
O001,C04342,T0042323,113.4
O016,C00547,T0000548,8.85
O005,C04668,T0000697,258.13
O011,C00524,T0053669,57.47
O013,C02351,T0056549,210.97
O009,C02855,T0072783,15.89
O001,C02092,T0022195,129.99
O001,C00070,T0076135,217.35
O017,C04521,T0097253,150.02
O015,C02714,T0020269,62.01
O003,C04481,T0018869,719.24
O012,C00440,T0045067,281.8
O005,C03027,T0076226,83.34
O002,C04493,T0050665,24.58
O010,C04122,T0007897,1100.0
O006,C04908,T0055927,33.93
O005,C01162,T0039994,41.63
O016,C01043,T0069305,73.82
O013,C02415,T0080144,20.59
O004,C01342,T0007102,375.04
O016,C02039,T0031519,195.55
O017,C02626,T0050727,56.13
O010,C04125,T0090914,93.24
O012,C03733,T0050247,349.91
O012,C04842,T0070644,183.83
O015,C01770,T0092090,23.84
O010,C00505,T0003222,223.24
O003,C01929,T0071514,139.45
O002,C00210,T0017751,87.12
O009,C03757,T0061312,224.76
O004,C02955,T0079192,152.08
O014,C04349,T0093365,20.51
O018,C04824,T0021977,16.17
O015,C01992,T0038397,34.31
O005,C04630,T0026875,41.62
O011,C01088,T0044460,52.75
O018,C03780,T0077183,104.04
O007,C00369,T0025894,26.62
O010,C00513,T0037051,350.23
O011,C04082,T0071682,59.36
O003,C01491,T0012311,124.32
O004,C02971,T0016046,68.84
O016,C03948,T0043358,91.56
O009,C01321,T0031405,21.73
O003,C00615,T0077683,39.52
O018,C03864,T0075637,63.27
O005,C03707,T0037811,135.88
O012,C01385,T0028466,105.74
O005,C01323,T0018214,149.56
O004,C02818,T0095854,630.65
O014,C02863,T0035405,8.97
O017,C02771,T0050032,130.63
O019,C00399,T0044800,17.49
O018,C04087,T0047369,77.52
O003,C04167,T0056995,51.4
O011,C00348,T0049762,135.89
O017,C00448,T0036356,1151.89
O016,C03152,T0046873,22.69
O015,C03596,T0028976,459.14
O004,C03874,T0050463,35.2
O010,C02299,T0000495,91.85
O018,C03456,T0091629,120.7
O020,C03656,T0086955,156.93
O001,C02821,T0087663,39.22
O001,C04171,T0006564,89.27
O008,C03531,T0082896,166.76
O014,C04656,T0090472,100.26
O003,C02929,T0012474,386.78
O007,C03320,T0005930,172.13
O009,C04289,T0094142,21.03
O018,C01757,T0041159,79.02
O009,C00520,T0098037,21.82
O015,C03647,T0071028,40.82
O014,C02861,T0073318,73.9
O001,C02532,T0025957,50.46
O016,C03985,T0018436,80.73
O011,C04154,T0099203,604.78
O008,C01291,T0084528,78.15
O004,C03443,T0043984,155.18
O019,C03548,T0072666,78.48
O004,C00584,T0069748,60.18
O007,C00663,T0013867,119.01
O016,C04518,T0068687,9.07
O009,C02018,T0097057,21.19
O014,C01376,T0048319,8.29
O020,C02619,T0027575,102.59
O008,C04961,T0020714,171.91
O016,C02570,T0073802,33.47
O016,C04502,T0095451,14.49
O014,C03846,T0000811,101.87
O018,C04878,T0057191,118.75
O017,C04122,T0020726,28.68
O007,C03913,T0040939,36.44
O012,C03206,T0021643,67.69
O004,C02125,T0082123,124.97
O007,C00703,T0094294,45.96
O002,C01048,T0048449,122.05
O011,C00223,T0064382,80.23
O017,C00665,T0026838,90.84
O008,C03658,T0094083,70.02
O003,C00427,T0088107,29.3
O017,C04074,T0061415,140.04
O002,C01975,T0003309,50.44
O011,C01728,T0005634,61.37
O002,C02939,T0097611,283.94
O002,C01172,T0093264,976.57
O014,C00992,T0079060,28.7
O010,C00221,T0005791,50.62
O008,C02723,T0048341,163.53
O011,C04131,T0020912,145.09
O009,C02054,T0001116,7.09
O013,C01945,T0025988,72.36
O015,C03313,T0055900,61.72
O016,C04051,T0030599,31.39
O009,C04637,T0001451,18.01
O009,C03223,T0052411,17.1
O002,C03442,T0083308,61.43
O008,C02421,T0056930,183.03
O017,C00402,T0060102,145.29
O013,C01566,T0091574,29.58
O004,C00641,T0009304,2026.32
O002,C01855,T0008170,144.39
O001,C00653,T0066624,277.41
O011,C00495,T0056210,22.61
O014,C02328,T0052819,29.29
O015,C04724,T0011565,148.67
O003,C01079,T0026923,32.63
O003,C00436,T0016924,1205.11
O015,C02127,T0025271,12.31
O001,C01882,T0086540,50.85
O002,C01596,T0088475,69.01
O015,C00285,T0032569,15.7
O007,C00388,T0046276,12.12
O008,C03081,T0037271,110.27
O001,C04641,T0034855,267.63
O010,C04982,T0036246,606.39
O002,C04718,T0029990,65.67
O016,C00561,T0039118,35.51
O013,C00403,T0046064,87.02
O012,C04297,T0002974,108.71
O009,C00558,T0088962,18.9
O018,C00546,T0034078,17.71
O020,C04344,T0002176,69.83
O011,C00243,T0050489,38.88
O008,C04420,T0000281,62.03
O015,C03579,T0031922,39.23
O014,C03468,T0073686,25.16
O002,C04949,T0054589,137.6
O008,C03820,T0075652,52.74
O015,C03813,T0057633,20.57
O011,C04866,T0077539,189.67
O012,C03742,T0009663,74.15
O011,C00943,T0006040,336.66
O012,C01012,T0033437,34.97
O016,C04414,T0058378,17.75
O014,C02471,T0094658,3.87
O002,C03857,T0013996,233.82
O005,C04011,T0056472,103.73
O016,C04927,T0007760,3.65
O016,C02567,T0073832,35.02
O013,C02883,T0048836,50.89
O001,C03789,T0067072,213.28
O011,C02128,T0027334,71.45
O012,C03496,T0090391,88.55
O010,C01068,T0025261,195.97
O006,C01422,T0070846,156.04
O010,C00772,T0015536,40.65
O012,C01107,T0012846,56.46
O002,C00945,T0051535,99.48
O013,C03373,T0034032,32.52
O018,C03914,T0084803,79.66
O001,C03364,T0065420,115.27
O017,C03179,T0091834,147.08
O003,C02870,T0083066,228.02
O002,C02185,T0013968,31.21
O010,C04854,T0003457,46.3
O018,C03332,T0094520,166.64
O003,C01089,T0022365,77.16
O018,C02658,T0025208,188.35
O002,C00463,T0066297,22.52
O018,C00286,T0049600,50.73
O003,C01109,T0005795,54.71
O009,C01288,T0073730,12.49
O010,C04704,T0017118,33.94
O003,C01361,T0015693,30.12
O001,C03947,T0068736,385.42
O002,C01835,T0083188,198.08
O006,C01643,T0067405,83.87
O007,C02289,T0032330,37.42
O005,C02323,T0038804,74.48
O013,C01749,T0082076,52.99
O004,C01241,T0050431,432.48
O020,C04494,T0048937,130.04
O005,C04765,T0078620,148.52
O006,C01283,T0004256,60.84
O018,C01094,T0024444,136.27
O019,C03227,T0098295,39.4
O016,C02852,T0018600,31.4
O009,C00220,T0021017,13.66
O015,C01689,T0035241,301.62
O004,C01035,T0070710,143.66
O019,C01170,T0040156,168.06
O002,C00257,T0004782,39.45
O005,C01231,T0099536,77.89
O008,C02535,T0062468,117.73
O019,C01806,T0007354,107.42
O020,C04590,T0086651,142.54
O007,C03728,T0094413,16.81
O020,C03669,T0077368,32.83
O004,C01325,T0017092,46.96
O013,C04238,T0078056,62.0
O003,C00861,T0080350,116.22
O016,C00933,T0069292,35.16
O002,C03527,T0041163,25.44
O017,C02749,T0051704,105.8
O019,C00825,T0060106,60.31
O016,C01103,T0062268,21.8
O006,C04384,T0080559,127.05
O007,C02370,T0015845,57.28
O012,C03603,T0077429,59.54
O001,C01131,T0031982,151.51
O019,C03081,T0074929,78.3
O020,C00438,T0028796,86.56
O006,C00613,T0054087,88.1
O014,C03265,T0031478,61.44
O011,C02442,T0090038,27.26
O019,C02434,T0097582,35.21
O005,C01249,T0019802,307.96
O001,C00462,T0091536,33.93
O003,C02348,T0008919,147.98
O017,C03209,T0052666,105.8
O002,C02164,T0098801,77.81
O005,C04931,T0076588,992.25
O002,C02885,T0059444,59.05
O016,C02544,T0082913,8.16
O013,C00570,T0002851,98.5
O001,C00354,T0037261,248.42
O015,C04512,T0090891,207.75
O018,C03841,T0041446,243.37
O005,C00112,T0082803,34.38
O020,C04106,T0019897,39.51
O017,C02505,T0001300,52.55
O020,C04210,T0066142,44.53
O005,C00067,T0098173,189.04
O017,C00090,T0071449,510.61
O004,C04531,T0035611,75.66
O017,C01873,T0051664,84.04
O014,C00047,T0027148,22.71
O007,C01987,T0007550,24.77
O015,C00171,T0055141,32.51
O011,C04115,T0082199,80.22
O019,C00563,T0037884,31.69
O017,C02472,T0017905,105.43
O009,C02466,T0050757,13.46
O008,C03196,T0074945,19.45
O014,C00395,T0051561,20.62
O003,C02886,T0042049,386.94
O018,C03627,T0090129,37.71
O003,C01735,T0066071,89.73
O013,C03591,T0011329,39.92
O018,C03047,T0079229,149.23
O004,C01879,T0098137,27.3
O011,C00067,T0084627,61.87
O010,C00467,T0007424,69.22
O013,C04678,T0083173,143.59
O005,C04797,T0061419,109.9
O001,C03816,T0066779,136.92
O008,C01320,T0072045,471.92
O015,C04988,T0093471,31.55
O014,C00816,T0026512,12.21
O003,C01071,T0079643,11.79
O020,C03388,T0054473,204.48
O012,C03393,T0033563,277.79
O006,C02065,T0052386,298.15
O008,C00979,T0046770,431.95
O003,C03450,T0067138,120.05
O008,C04139,T0096292,211.47
O013,C01177,T0055868,34.57
O020,C01287,T0054811,59.87
O012,C00594,T0091399,288.27
O005,C02836,T0005551,50.68
O019,C03774,T0001095,90.7
O014,C02663,T0038567,49.31
O003,C00284,T0085078,50.21
O011,C01665,T0043300,38.53
O014,C00968,T0086283,12.84
O004,C00084,T0027082,254.03
O012,C04513,T0095157,22.49
O005,C02384,T0045973,266.58
O015,C01317,T0052979,14.08
O002,C03563,T0041161,52.08
O001,C00517,T0021930,166.97
O018,C00411,T0081513,16.79
O019,C01291,T0088527,34.48
O002,C01282,T0073157,37.24
O010,C00871,T0039865,77.95
O017,C00696,T0061849,286.67
O014,C04506,T0006033,7.5
O008,C00860,T0042645,119.31
O006,C04171,T0077791,140.2
O007,C02567,T0023861,415.44
O004,C04392,T0036730,72.81
O007,C00177,T0024202,89.26
O005,C01395,T0096645,180.07
O017,C04001,T0013443,255.65
O002,C04265,T0082530,32.32
O013,C03723,T0048142,66.56
O002,C01463,T0076292,115.97
O006,C01799,T0074566,64.59
O006,C00656,T0030800,326.27
O014,C02213,T0008705,23.14
O019,C00401,T0075595,48.5
O014,C02813,T0065961,11.9
O007,C03476,T0033156,88.36
O007,C03133,T0032787,4.99
O016,C01751,T0016380,24.82
O003,C01693,T0025780,183.86
O008,C02643,T0019485,83.05
O012,C04630,T0091686,148.95
O014,C00396,T0021539,30.69
O009,C02881,T0058527,94.78
O012,C03814,T0009126,80.28
O006,C02841,T0040547,228.08
O019,C03945,T0039211,75.07
O016,C04928,T0096487,18.1
O001,C02554,T0006133,460.0
O013,C02852,T0077716,196.4
O004,C04750,T0073519,554.28
O008,C02460,T0068320,26.23
O016,C04401,T0038535,46.48
O010,C02762,T0065240,91.07
O001,C01474,T0059916,949.55
O004,C03385,T0048438,90.96
O020,C01689,T0089896,194.49
O005,C02141,T0000341,236.74
O010,C03110,T0023786,73.35
O003,C03645,T0060944,34.78
O016,C04089,T0007879,33.71
O013,C02885,T0025733,236.74
O002,C00202,T0002306,19.13
O009,C01381,T0024498,27.56
O012,C03113,T0051936,110.02
O004,C01895,T0004322,91.09
O020,C02690,T0046989,257.54
O006,C02358,T0024920,538.21
O009,C03008,T0004045,70.58
O007,C01765,T0058439,12.65
O002,C02120,T0006924,37.87
O009,C02445,T0031805,208.8
O006,C00838,T0065808,41.14
O014,C02372,T0064092,15.15
O006,C04338,T0007321,193.15
O003,C01347,T0067112,81.19
O017,C04470,T0072400,82.62
O005,C00382,T0071222,1104.63
O005,C00134,T0006926,51.69
O012,C01604,T0008747,213.41
O020,C04781,T0000928,113.6
O007,C02262,T0006390,24.09
O011,C01831,T0045926,24.68
O014,C01238,T0086644,19.21
O015,C04661,T0094233,46.82
O015,C01853,T0037142,35.94
O013,C04236,T0020615,62.87
O017,C03287,T0045658,644.86
O012,C00113,T0047723,147.36
O018,C04828,T0071416,324.23
O015,C04897,T0076785,220.05
O015,C00688,T0070812,52.0
O002,C01603,T0004068,5.7
O007,C04506,T0066525,34.79
O006,C01848,T0053873,562.54
O014,C01818,T0032685,42.51
O012,C02926,T0031200,60.32
O020,C01149,T0042735,28.32
O003,C00493,T0069458,226.53
O004,C00113,T0013122,298.06
O002,C04871,T0006313,12.12
O002,C04875,T0069688,28.86
O002,C03994,T0078996,37.25
O015,C00383,T0012840,139.31
O011,C04654,T0016172,24.36
O004,C01235,T0032735,219.34
O015,C01273,T0033305,303.98
O016,C03202,T0019546,97.57
O004,C00624,T0064889,237.69
O013,C01194,T0024690,13.6
O020,C03045,T0065881,69.91
O011,C00353,T0039400,134.45
O003,C04302,T0091160,126.4
O015,C02825,T0003741,199.85
O001,C00037,T0096509,120.54
O012,C02518,T0045659,159.64
O015,C00576,T0016902,25.67
O020,C02093,T0024974,66.22
O003,C04457,T0001502,14.24
O015,C03483,T0052609,323.49
O012,C00494,T0048773,244.17
O017,C00171,T0013652,27.84
O017,C03786,T0098113,59.15
O012,C04371,T0068205,236.51
O008,C03537,T0068564,64.87
O012,C01242,T0052612,253.09
O007,C04316,T0023285,12.07
O014,C03436,T0071635,12.55
O002,C03460,T0031938,162.48
O019,C00944,T0063325,11.63
O009,C03541,T0080802,4.84
O013,C03056,T0007357,134.89
O020,C04183,T0006144,41.0
O005,C00076,T0075590,75.75
O020,C03773,T0065545,313.5
O009,C03709,T0037998,27.15
O006,C00569,T0017979,266.19
O001,C00253,T0034484,87.98
O004,C04146,T0051441,134.57
O001,C02336,T0058828,38.71
O017,C04202,T0081236,129.43
O007,C04929,T0057468,26.62
O009,C00651,T0030166,10.4
O004,C02044,T0034638,39.11
O007,C01835,T0002090,104.32
O016,C02310,T0009784,32.96
O004,C02296,T0090055,72.37
O002,C00684,T0002947,42.2
O005,C01517,T0004108,97.07
O016,C04914,T0061859,18.81
O016,C00347,T0083850,6.18
O004,C01565,T0008531,106.81
O002,C02102,T0019636,161.91
O002,C03338,T0079413,17.65
O010,C00735,T0076091,86.29
O006,C02030,T0016949,101.92
O006,C00422,T0063944,24.57
O006,C00147,T0013383,101.46
O008,C01774,T0046262,36.44
O001,C01503,T0084398,47.45
O010,C01443,T0023014,479.02
O007,C02641,T0009768,44.49
O013,C01954,T0053472,382.59
O005,C03521,T0041862,68.58
O007,C03037,T0015374,49.31
O003,C04601,T0092075,32.79
O004,C02222,T0080744,295.04
O012,C01314,T0017993,117.87
O006,C03276,T0007459,73.51
O011,C00441,T0057209,170.76
O005,C01161,T0087135,90.44
O020,C00982,T0044530,108.77
O018,C03772,T0064021,35.28
O004,C01079,T0004978,197.89
O002,C03414,T0078498,39.36
O003,C01616,T0039134,97.55
O017,C02609,T0077672,61.26
O016,C02083,T0065231,20.5
O012,C00373,T0036772,256.54
O004,C00939,T0037509,77.21
O005,C02745,T0045118,275.32
O004,C01621,T0065553,41.79
O005,C03607,T0098793,146.32
O019,C01037,T0017987,29.96
O009,C04638,T0031552,43.77
O001,C04358,T0084532,91.22
O004,C03331,T0072307,27.66
O006,C02382,T0042708,106.42
O014,C02668,T0016966,5.1
O017,C00072,T0077047,103.1
O012,C04312,T0017647,
O009,C04247,T0090004,50.38
O010,C02214,T0059644,126.72
O008,C04357,T0040098,62.39
O018,C00191,T0025296,23.13
O012,C01766,T0014219,288.87
O010,C03503,T0079969,407.28
O014,C03929,T0021091,90.91
O007,C00938,T0023164,18.81
O005,C03969,T0095450,31.98
O015,C03072,T0073368,36.6
O018,C02417,T0074720,83.01
O009,C03128,T0092269,33.38
O011,C00360,T0027579,150.51
O019,C01161,T0040867,83.23
O004,C03670,T0029377,71.23
O004,C00621,T0033626,93.48
O017,C03842,T0032335,278.81
O009,C01273,T0042695,11.67
O017,C03453,T0003059,105.06
O001,C02187,T0000278,342.14
O011,C04932,T0076286,228.94
O019,C03741,T0078054,69.88
O017,C04400,T0023977,189.51
O017,C02924,T0002968,228.09
O020,C01166,T0077778,148.37
O006,C03338,T0013261,100.28
O008,C01195,T0063831,61.61
O019,C01357,T0084684,96.33
O002,C02587,T0095389,26.32
O008,C02977,T0001031,139.5
O009,C02625,T0038898,15.17
O002,C03660,T0091797,20.39
O012,C04258,T0088682,77.46
O003,C01424,T0022349,135.25
O009,C04677,T0082699,13.17
O017,C04537,T0050088,412.52
O020,C01017,T0025343,120.91
O017,C00431,T0012847,24.76
O002,C00775,T0086347,7.58
O019,C01083,T0030048,26.39
O010,C03274,T0034710,151.94
O020,C00308,T0024186,59.94
O008,C00199,T0051190,39.66
O001,C02512,T0082748,46.8
O013,C03873,T0060285,32.26
O008,C02559,T0004513,238.01
O011,C04434,T0023643,98.89
O004,C00925,T0051553,484.56
O006,C02016,T0042702,33.83
O003,C02855,T0056563,29.3
O004,C01912,T0045151,54.96
O007,C01531,T0020102,36.83
O009,C00206,T0011600,17.27
O020,C02104,T0052743,89.73
O011,C02095,T0054835,414.76
O006,C02395,T0026098,839.0
O008,C00366,T0083901,64.73
O008,C05000,T0036523,25.03
O019,C04537,T0068037,12.68
O017,C01393,T0097078,486.14
O010,C02011,T0043344,243.12
O015,C04419,T0070754,29.3
O020,C02007,T0092272,743.87
O006,C00922,T0063964,161.63
O005,C02061,T0043728,180.93
O009,C02189,T0093011,41.53
O002,C03078,T0087809,175.73
O008,C00534,T0027751,145.28
O013,C02999,T0097342,10.92
O014,C00683,T0090443,24.68
O018,C03064,T0090714,48.11
O003,C04742,T0032094,55.68
O007,C03346,T0022270,21.65
O001,C04120,T0014891,370.79
O019,C02555,T0085080,67.77
O014,C02067,T0051210,14.11
O012,C04712,T0085615,755.78
O011,C03863,T0007609,65.39
O002,C04758,T0084131,117.58
O003,C03798,T0057860,373.74
O020,C04292,T0066916,628.93
O001,C03662,T0088966,170.09
O003,C01806,T0043168,25.51
O007,C03163,T0076464,22.47
O018,C01901,T0037947,33.44
O013,C01821,T0081940,157.27
O001,C03496,T0062073,165.35
O008,C02746,T0078321,119.27
O007,C04023,T0014563,53.56
O003,C00517,T0025528,31.67
O007,C00309,T0092889,28.57
O016,C04929,T0083790,259.97
O015,C03815,T0029555,93.44
O003,C00317,T0083029,96.68
O013,C02493,T0074384,68.95
O013,C02957,T0021244,24.71
O019,C04090,T0047562,60.17
O004,C01625,T0023393,464.09
O013,C01932,T0088168,60.29
O020,C04847,T0081979,15.07
O003,C00971,T0052098,178.21
O007,C01364,T0061761,46.54
O001,C00924,T0057760,1297.91
O007,C03246,T0096460,131.6
O007,C04601,T0007379,18.63
O013,C04110,T0031305,59.94
O002,C03431,T0068440,15.31
O011,C01780,T0012975,338.03
O013,C01510,T0012488,56.75
O011,C03669,T0097593,275.98
O020,C03743,T0013529,69.66
O019,C04302,T0081051,53.53
O012,C03240,T0100000,945.1
O001,C01107,T0020270,69.99
O011,C02207,T0040836,89.45
O012,C03935,T0068813,52.69
O010,C03120,T0039719,331.28
O015,C03761,T0017405,205.74
O006,C00124,T0022396,240.54
O001,C02863,T0024472,57.61
O012,C03582,T0058888,50.23
O011,C04595,T0025689,118.47
O003,C01024,T0001775,45.56
O006,C00463,T0058237,64.46
O014,C00732,T0087376,18.7
O003,C00969,T0016988,142.4
O005,C03302,T0048119,176.06
O006,C01331,T0094440,259.99
O001,C01687,T0021595,347.98
O015,C03120,T0008679,37.52
O006,C03011,T0044927,61.26
O007,C01132,T0077437,55.38
O018,C04464,T0043769,54.71
O009,C04529,T0065944,9.04
O001,C03825,T0055732,39.52
O020,C01283,T0052678,174.63
O007,C01662,T0086306,17.04
O007,C00368,T0052061,10.56
O013,C01937,T0079102,28.35
O007,C03228,T0072001,15.81
O012,C00602,T0017912,135.19
O003,C03299,T0058155,417.3
O013,C01064,T0027867,89.34
O005,C04295,T0010170,84.72
O010,C04650,T0029296,163.64
O015,C04471,T0007237,3.93
O019,C03231,T0010092,32.51
O011,C03357,T0075313,475.05
O019,C04596,T0003847,150.76
O005,C00144,T0018475,84.55
O005,C01081,T0060624,16.61
O017,C02681,T0086570,175.06
O002,C00195,T0014878,30.66
O002,C01345,T0076878,220.94
O005,C00241,T0022037,80.15
O006,C00103,T0080786,171.23
O007,C04512,T0049115,16.44
O014,C03355,T0067699,14.69
O005,C01205,T0070296,58.08
O009,C01005,T0017640,10.94
O007,C00432,T0087202,24.88
O018,C02431,T0082618,109.66
O003,C00632,T0074399,92.49
O007,C00733,T0011451,11.1
O009,C04199,T0039479,17.89
O017,C04843,T0041767,419.13
O013,C03136,T0014947,96.09
O014,C02631,T0080656,26.67
O003,C00981,T0099252,329.29
O015,C04505,T0085462,181.61
O002,C04337,T0052668,8.34
O009,C04787,T0062569,9.07
O002,C00789,T0068242,29.06
O013,C03146,T0016622,86.27
O016,C00692,T0024360,115.07
O008,C04723,T0066982,75.03
O001,C04553,T0054016,107.47
O010,C01578,T0034237,216.84
O002,C04718,T0077591,38.55
O013,C04598,T0012579,83.21
O013,C01499,T0094873,14.18
O014,C03412,T0048717,21.01
O006,C01308,T0070358,82.03
O002,C00628,T0057833,42.29
O012,C03232,T0020023,336.64
O012,C00585,T0031087,34.62
O011,C04733,T0007938,197.51
O011,C00875,T0092850,946.43
O005,C03650,T0093232,307.39
O012,C02414,T0020906,119.04
O002,C00709,T0066433,79.01
O015,C00659,T0040055,14.86
O016,C03563,T0079832,25.88
O007,C00330,T0033296,57.22
O004,C03704,T0014850,81.72
O009,C02916,T0087369,14.6
O019,C00380,T0067725,70.46
O004,C04975,T0021712,23.73
O014,C03808,T0043893,36.73
O019,C02862,T0012872,64.04
O019,C01912,T0021387,86.49
O003,C04674,T0062514,102.62
O017,C03588,T0056006,360.78
O002,C04222,T0086538,34.15
O006,C04665,T0057592,129.33
O010,C01542,T0044414,54.04
O018,C00004,T0033657,54.66
O011,C02475,T0048851,160.49
O007,C00490,T0085961,20.29
O006,C01725,T0080713,168.33
O020,C02687,T0001262,159.1
O018,C00134,T0055125,65.23
O013,C00875,T0036311,92.88
O009,C04234,T0013973,39.88
O011,C01836,T0020045,46.23
O020,C00126,T0099178,56.09
O008,C03195,T0080550,141.62
O003,C01610,T0020825,63.77
O018,C00885,T0060480,237.16
O017,C01973,T0050472,64.68
O015,C04874,T0045348,33.32
O007,C00447,T0086221,64.09
O003,C03233,T0011807,67.2
O006,C03023,T0084856,164.84
O004,C03111,T0090276,331.63
O012,C03197,T0097080,122.39
O012,C04844,T0005502,25.59
O016,C00407,T0043406,46.85
O015,C00761,T0028719,259.49
O004,C01923,T0015466,219.26
O017,C01969,T0080462,115.34
O016,C01228,T0038521,33.41
O015,C00596,T0061182,271.87
O017,C00663,T0048458,103.82
O010,C04850,T0069935,31.55
O008,C02887,T0034153,186.25
O008,C00569,T0084223,500.22
O008,C02648,T0093931,341.4
O001,C00686,T0022112,285.78
O016,C01316,T0057028,6.66
O011,C00393,T0040069,461.04
O003,C03668,T0039571,429.86
O014,C04298,T0041557,15.72
O018,C00844,T0049823,223.22
O010,C01756,T0022882,688.67
O015,C04298,T0096533,30.45
O002,C02671,T0064817,16.32
O017,C01495,T0073052,219.57
O009,C04296,T0026536,50.75
O010,C03527,T0090355,228.46
O017,C02977,T0051483,119.59
O002,C03693,T0040365,39.8
O017,C00988,T0022778,258.31
O018,C03157,T0035424,97.97
O009,C01743,T0095286,5.55
O010,C00724,T0032205,56.5
O006,C02088,T0017406,111.66
O001,C01796,T0010805,153.81
O005,C01183,T0034714,6.28
O018,C02542,T0081904,32.42
O014,C02191,T0085160,12.94
O006,C02235,T0034920,606.68
O012,C03563,T0029726,1447.74
O008,C03736,T0070050,622.37
O019,C04378,T0021413,63.85
O018,C04871,T0001034,481.9
O001,C02967,T0033066,24.26
O006,C00503,T0001288,97.63
O019,C04862,T0090251,146.66
O005,C02937,T0071655,36.25
O004,C01615,T0095489,50.93
O016,C01533,T0020183,72.95
O007,C04909,T0070089,22.82
O005,C04912,T0061717,170.15
O015,C00449,T0027361,79.59
O012,C03323,T0071630,139.07
O013,C00236,T0035094,65.03
O010,C01122,T0037728,464.91
O006,C04934,T0010713,252.99
O001,C01626,T0002428,64.27
O009,C03526,T0023042,22.68
O001,C04142,T0041347,40.44
O015,C03906,T0033410,8.33
O015,C02929,T0080186,83.4
O002,C01663,T0023255,19.94
O012,C03168,T0058832,144.7
O007,C02142,T0081170,106.63
O011,C02087,T0012197,72.04
O011,C00741,T0097238,121.2
O003,C03960,T0030534,23.11
O003,C03024,T0097375,119.4
O014,C03907,T0089501,10.82
O007,C01153,T0057957,189.37
O013,C01097,T0046270,600.48
O007,C03950,T0005945,376.47
O009,C01503,T0099465,138.79
O003,C00154,T0027748,879.0
O010,C02330,T0054227,580.11
O018,C00330,T0024490,147.94
O019,C01846,T0034540,42.18
O013,C04533,T0023733,36.52
O005,C01828,T0046715,53.73
O017,C04384,T0020873,167.75
O005,C01526,T0052526,117.84
O002,C01871,T0075062,65.83
O018,C00631,T0090678,106.98
O001,C03517,T0099228,45.46
O011,C02032,T0047143,116.84
O006,C00132,T0047785,342.79
O003,C00369,T0038420,19.99
O009,C01592,T0064838,5.76
O007,C02175,T0096541,20.24
O006,C00602,T0020181,471.79
O017,C02605,T0032623,128.09
O014,C01543,T0048668,14.87
O008,C03934,T0058493,136.01
O011,C00854,T0059992,53.14
O010,C01932,T0091102,632.3
O007,C01537,T0098645,39.29
O003,C04743,T0063395,36.65
O001,C00459,T0079422,519.94
O020,C04403,T0015648,483.31
O013,C02473,T0053748,50.02
O003,C00707,T0062575,24.49
O013,C00911,T0068393,101.91
O008,C00373,T0044756,45.01
O017,C00244,T0085133,121.8
O003,C03461,T0056336,102.42
O009,C00409,T0036680,58.18
O020,C01199,T0088250,49.06
O008,C02202,T0055567,394.37
O014,C02557,T0047506,14.54
O007,C02400,T0062189,243.16
O020,C03429,T0020157,180.88
O007,C04253,T0063440,58.8
O007,C02022,T0042659,14.2
O003,C04036,T0042006,59.89
O018,C04832,T0055045,11.84
O010,C00917,T0013405,1134.95
O017,C01339,T0057242,191.45
O010,C01171,T0077653,161.49
O018,C00964,T0037570,19.64
O002,C04281,T0082553,19.43
O019,C04582,T0071652,222.99
O004,C02391,T0043974,167.55
O013,C01237,T0032155,47.66
O003,C00458,T0010509,96.16
O007,C03302,T0046966,31.6
O011,C03443,T0058037,208.62
O003,C02045,T0072215,44.67
O018,C02094,T0042517,68.38
O018,C04794,T0064131,292.4
O010,C04087,T0061348,59.11
O006,C03893,T0056535,1593.65
O020,C00401,T0086257,166.58
O004,C04797,T0092127,34.25
O014,C04391,T0003156,44.46
O005,C01577,T0051153,53.04
O005,C02329,T0046391,25.86
O018,C04392,T0086666,152.42
O013,C04539,T0003216,64.05
O002,C00706,T0096385,41.45
O016,C03254,T0031037,63.62
O020,C00339,T0052064,347.18
O017,C02522,T0056395,20.72
O013,C00691,T0016023,97.95
O001,C00859,T0053306,82.65
O013,C00344,T0008583,62.03
O009,C00864,T0066292,15.32
O017,C04291,T0008870,189.04
O018,C00948,T0015271,79.88
O017,C00785,T0079372,134.71
O014,C00489,T0003961,-0.04
O014,C01676,T0048161,23.4
O017,C02896,T0040956,71.52
O018,C03608,T0092414,125.42
O003,C03370,T0092150,66.41
O012,C03096,T0061539,43.34
O004,C02880,T0022789,110.83
O001,C04240,T0061893,1720.38
O015,C02042,T0094468,65.55
O002,C03172,T0087227,209.02
O014,C04908,T0085115,21.8
O009,C02243,T0036539,23.35
O001,C00184,T0060392,167.59
O020,C01676,T0074252,74.36
O014,C01534,T0013755,30.91
O017,C02814,T0021950,40.35
O002,C00853,T0045552,26.32
O008,C02574,T0018113,111.17
O005,C02086,T0006577,75.12
O008,C00434,T0048693,75.19
O002,C04383,T0013592,17.34
O001,C03840,T0050179,105.96
O015,C04638,T0004411,61.12
O005,C01686,T0047543,88.9
O002,C03707,T0089482,23.59
O013,C03868,T0098495,25.31
O003,C04415,T0072220,142.33
O016,C04581,T0071398,10.29
O016,C03122,T0058921,80.04
O019,C02353,T0099144,62.39
O012,C03468,T0089661,391.52
O002,C03418,T0011401,189.11
O008,C00025,T0074067,335.98
O018,C01690,T0035714,19.22
O009,C02104,T0045070,34.83
O010,C00637,T0084252,232.98
O017,C04428,T0053455,1253.38
O016,C00459,T0044957,24.56
O020,C01537,T0040199,155.18
O003,C04232,T0013109,49.98
O014,C02785,T0073930,12.2
O008,C01055,T0042258,968.29
O007,C01419,T0002220,26.02
O010,C04063,T0035234,127.56
O007,C00723,T0017350,8.58
O013,C00457,T0064893,50.73
O011,C01305,T0048495,120.62
O016,C04942,T0080028,6.26
O015,C03781,T0036261,28.71
O015,C03008,T0011275,18.46
O019,C01428,T0087090,24.93
O014,C01957,T0054605,5.71
O004,C02112,T0045867,60.09
O013,C02240,T0026802,79.68
O014,C03267,T0068165,106.38
O008,C03385,T0003365,71.77
O009,C02971,T0029385,14.55
O016,C01698,T0066950,95.69
O008,C04742,T0071626,32.8
O014,C00078,T0006902,23.4
O012,C00530,T0078852,219.4
O015,C03214,T0068238,14.91
O013,C03411,T0001428,45.57
O019,C04872,T0000453,65.91
O004,C00513,T0076367,400.44
O017,C00167,T0044080,58.83
O002,C02299,T0063473,20.98
O016,C02682,T0048416,82.84
O015,C01039,T0014839,97.66
O002,C02858,T0098706,32.53
O010,C04725,T0045023,101.75
O011,C02722,T0003812,1206.75
O019,C02121,T0072518,49.81
O019,C00505,T0016368,122.19
O019,C02326,T0024101,50.88
O019,C00473,T0072824,53.88
O013,C04227,T0002159,14.97
O019,C03673,T0048707,68.59
O009,C01279,T0065362,13.09
O017,C03910,T0041371,353.71
O020,C04352,T0052346,974.17
O018,C01519,T0027612,85.76
O012,C01838,T0067853,118.67
O016,C02308,T0012968,22.21
O019,C03949,T0022188,50.21
O004,C01692,T0065572,25.62
O005,C02155,T0027708,54.95
O009,C00068,T0043018,17.35
O009,C02760,T0074023,37.82
O009,C04844,T0028999,6.41
O013,C02603,T0026517,91.54
O001,C02546,T0036540,52.92
O017,C04016,T0015976,474.57
O010,C03265,T0033311,301.08
O020,C00336,T0029513,83.42
O006,C00538,T0073209,159.0
O007,C00590,T0049666,49.88
O018,C03187,T0004270,81.51
O016,C03700,T0077675,78.75
O018,C04271,T0098685,74.47
O009,C00627,T0096555,38.11
O013,C04945,T0003922,17.84
O015,C04692,T0008910,121.8
O010,C01167,T0062732,104.82
O010,C03071,T0072722,42.01
O017,C02882,T0088197,427.21
O009,C01398,T0031812,59.06
O008,C03506,T0059367,137.68
O003,C00353,T0042231,150.54
O018,C04983,T0064836,89.46
O002,C04041,T0071759,36.59
O008,C03851,T0060466,56.36
O003,C02744,T0021214,270.35
O013,C03582,T0049605,47.18
O012,C04328,T0061915,113.28
O013,C03857,T0022335,40.85
O017,C02240,T0032640,79.4
O005,C04223,T0057655,89.14
O002,C01007,T0024747,36.37
O016,C01341,T0051916,24.46
O019,C03841,T0090819,61.76
O006,C02588,T0070687,50.62
O007,C01178,T0039299,17.63
O020,C00222,T0028991,99.38
O009,C00528,T0020856,9.37
O011,C01052,T0067766,278.27
O014,C03750,T0008476,16.44
O014,C00088,T0012258,28.94
O010,C03773,T0002949,159.03
O010,C04262,T0029811,100.47
O012,C00664,T0032105,307.99
O011,C01400,T0057289,49.35
O011,C04805,T0035203,867.88
O009,C02034,T0050220,55.52
O019,C04914,T0055829,64.08
O013,C00710,T0019593,8.49
O009,C04518,T0043906,28.96
O014,C04014,T0095418,8.13
O005,C01607,T0082545,142.24
O014,C00767,T0010154,122.48
O015,C04291,T0042445,22.23
O002,C04218,T0031013,296.05
O012,C00096,T0054796,45.49
O009,C03684,T0083461,23.91
O006,C00913,T0035695,207.67
O014,C00718,T0016681,14.44
O001,C02594,T0019558,723.75
O005,C03713,T0057219,725.08
O002,C03171,T0003124,50.91
O011,C02554,T0082278,192.22
O006,C03754,T0030514,218.68
O017,C03532,T0022217,194.98
O020,C04510,T0059016,82.33
O019,C02159,T0048774,22.16
O018,C01601,T0098839,101.97
O015,C04948,T0014914,6.66
O016,C03412,T0057282,18.02
O004,C00744,T0017622,146.18
O008,C00415,T0051594,108.08
O001,C00272,T0099315,81.93
O010,C01663,T0065026,263.62
O018,C02099,T0024098,53.69
O017,C04859,T0020231,348.82
O007,C03588,T0062278,23.09
O018,C00459,T0081283,26.38
O009,C00666,T0046348,24.26
O002,C02491,T0068250,64.95
O007,C01855,T0075465,60.14
O007,C00384,T0046086,25.0
O013,C01110,T0005806,60.01
O019,C02583,T0009182,18.54
O012,C02783,T0074451,46.16
O020,C03488,T0076483,17.46
O020,C03900,T0001485,1088.25
O016,C01836,T0084407,39.37
O002,C02750,T0023864,6.91
O014,C01406,T0022401,92.08
O001,C02649,T0062859,53.06
O008,C00281,T0056804,79.01
O001,C01077,T0082708,130.88
O019,C01240,T0027660,36.78
O014,C00873,T0046954,23.56
O015,C01049,T0034512,13.03
O003,C04336,T0003788,144.77
O003,C00517,T0049690,94.56
O007,C03935,T0026648,43.81
O005,C00022,T0059227,101.26
O013,C00447,T0095473,308.41
O018,C04612,T0022617,40.67
O017,C02568,T0041490,30.71
O004,C01605,T0007755,30.53
O016,C00386,T0053059,4.17
O004,C00382,T0050395,11.9
O020,C01280,T0028835,16.49
O007,C00063,T0085476,148.23
O002,C03523,T0056633,10.8
O002,C01802,T0065976,63.16
O008,C01918,T0026579,267.6
O009,C03696,T0013563,134.77
O009,C03595,T0006740,6.19
O009,C02651,T0078704,105.54
O012,C00870,T0018247,106.41
O006,C03295,T0080641,49.79
O006,C02530,T0097589,303.42
O019,C02636,T0038838,47.02
O003,C02198,T0012717,82.22
O003,C04223,T0017039,1528.87
O004,C03233,T0001702,72.16
O014,C03008,T0035160,36.77
O002,C00682,T0068431,25.09
O009,C02136,T0032644,41.58
O010,C04534,T0014461,58.43
O002,C01915,T0082454,13.54
O003,C03424,T0088740,33.07
O007,C03347,T0063334,225.28
O016,C00140,T0010406,83.48
O014,C00620,T0099542,14.23
O011,C02461,T0046554,259.79
O005,C04182,T0045353,485.1
O013,C03228,T0091039,145.33
O001,C01488,T0005916,29.79
O007,C01039,T0023009,23.74
O003,C02565,T0017477,41.16
O009,C02072,T0012609,37.68
O007,C00236,T0055068,45.32
O002,C04944,T0017877,62.94
O018,C01584,T0074931,34.75
O003,C04833,T0006664,111.03
O004,C01888,T0056009,42.73
O007,C00497,T0089179,253.3
O020,C00683,T0049673,255.85
O011,C03760,T0036519,934.31
O012,C04807,T0097695,116.73
O007,C04955,T0038904,13.46
O014,C03017,T0065471,20.24
O019,C02872,T0099213,161.77
O007,C03416,T0018767,9.36
O005,C01542,T0094398,121.17
O019,C01191,T0009820,43.45
O009,C02764,T0053729,7.58
O001,C00934,T0028531,243.31
O002,C00100,T0026163,71.23
O019,C01194,T0080797,25.6
O020,C03099,T0045764,289.07
O019,C04270,T0076939,186.29
O019,C01545,T0076117,155.36
O014,C03132,T0012441,39.61
O002,C04818,T0038601,9.07
O008,C04375,T0019610,591.96
O001,C03064,T0079685,62.44
O016,C03049,T0015305,10.66
O006,C01261,T0023642,280.64
O008,C04253,T0013179,83.71
O002,C00797,T0099084,85.75
O001,C00061,T0055087,51.66
O018,C01743,T0095968,8.82
O003,C04703,T0009081,93.14
O019,C02721,T0025196,115.51
O018,C01459,T0066210,100.51
O014,C01977,T0044859,26.28
O015,C00206,T0022804,65.26
O010,C01805,T0008860,192.99
O005,C01669,T0053013,297.07
O010,C03776,T0033759,283.54
O006,C00489,T0050322,32.29
O012,C00205,T0011789,54.3
O005,C04007,T0035451,59.35
O007,C04380,T0030591,34.9
O004,C04564,T0097673,61.48
O016,C04776,T0004040,74.14
O004,C00021,T0028968,44.99
O001,C02338,T0077406,22.15
O011,C01841,T0062064,34.1
O006,C00331,T0058558,52.58
O019,C04570,T0022951,59.75
O003,C00450,T0018065,184.55
O003,C03734,T0028577,43.26
O020,C04025,T0010314,479.32
O018,C01854,T0005345,117.52
O007,C00982,T0043828,124.93
O012,C04162,T0058826,66.61
O004,C00046,T0012156,720.62
O004,C01496,T0045245,62.37
O012,C01475,T0074093,423.52
O020,C01339,T0037098,39.58
O009,C01616,T0056683,20.23
O016,C01374,T0019126,19.92
O011,C02387,T0001461,192.76
O014,C01799,T0024516,13.55
O008,C02672,T0048444,138.1
O006,C00662,T0048042,1009.8
O020,C03136,T0030150,41.59
O006,C04110,T0064144,20.01
O018,C04625,T0057891,163.34
O011,C02842,T0024269,41.12
O002,C01567,T0032242,17.75
O014,C04173,T0034146,12.38
O017,C04869,T0019483,46.71
O010,C01069,T0046717,48.42
O015,C04924,T0039433,21.45
O001,C00437,T0079027,108.2
O012,C02929,T0042710,715.43
O015,C02910,T0032199,94.66
O017,C02354,T0063479,91.92
O009,C00505,T0044385,6.56
O020,C00488,T0027887,131.12
O011,C03750,T0023665,33.21
O007,C03524,T0052648,15.5
O007,C03902,T0028192,87.66
O005,C01786,T0081018,20.71
O019,C03131,T0031499,42.99
O008,C04795,T0063945,46.76
O014,C04282,T0004115,37.34
O003,C03160,T0061298,54.85
O018,C04331,T0085598,34.39
O014,C03142,T0076653,112.92
O020,C03107,T0045283,196.32
O003,C00927,T0015513,85.47
O013,C00960,T0068878,63.9
O020,C04543,T0069362,101.9
O020,C03278,T0099071,16.13
O016,C02155,T0093016,14.83
O008,C04959,T0020760,201.63
O015,C04757,T0020447,11.98
O017,C01868,T0078556,98.02
O019,C01402,T0086318,116.44
O008,C01536,T0058697,596.29
O018,C03367,T0007336,216.43
O015,C00162,T0088317,218.7
O004,C00492,T0083473,590.67
O020,C01929,T0061311,43.45
O008,C04287,T0016676,78.13
O004,C00391,T0028948,101.16
O003,C01213,T0072637,76.23
O014,C00072,T0056268,59.15
O020,C01976,T0036496,22.32
O013,C01336,T0098002,50.8
O001,C02346,T0050394,46.84
O013,C03162,T0002050,130.23
O015,C04210,T0022053,15.7
O003,C01017,T0088005,50.59
O018,C00889,T0079594,274.28
O009,C01062,T0032589,7.0
O006,C04982,T0041351,66.56
O008,C00096,T0021634,58.61
O014,C01391,T0045831,28.08
O001,C04339,T0044714,326.57
O014,C01099,T0070768,66.5
O016,C00209,T0054631,16.14
O014,C03438,T0035869,13.54
O011,C00072,T0007256,103.42
O013,C00627,T0014032,11.43
O018,C04670,T0017025,274.25
O009,C03273,T0098549,150.16
O004,C00377,T0025119,174.78
O002,C03284,T0090215,174.37
O020,C03388,T0097696,112.7
O013,C01014,T0000722,175.1
O011,C04132,T0080499,91.63
O014,C01679,T0062454,37.03
O017,C03840,T0081649,78.29
O008,C02617,T0080322,1575.21
O012,C02333,T0027769,181.01
O008,C02126,T0003463,73.86
O019,C01733,T0092590,62.45
O015,C00090,T0010624,34.14
O013,C02025,T0065226,71.67
O012,C03996,T0091957,28.2
O016,C00215,T0008824,12.6
O015,C02470,T0031934,179.79
O004,C01105,T0028660,60.74
O007,C03984,T0071523,15.74
O014,C01411,T0077208,18.13
O005,C04823,T0008636,593.34
O018,C00526,T0088105,98.68
O002,C03710,T0042838,138.81
O017,C04956,T0079161,78.02
O017,C02735,T0011649,66.81
O017,C01141,T0091825,135.8
O002,C03845,T0014335,32.9
O010,C01252,T0074071,251.77
O017,C03015,T0025806,55.03
O003,C00943,T0059381,105.38
O004,C01250,T0031944,45.53
O002,C00918,T0074153,55.36
O004,C01127,T0048930,158.64
O005,C03422,T0079808,1342.49
O015,C03777,T0066973,98.84
O017,C04723,T0075888,60.2
O003,C01569,T0047152,199.69
O006,C03326,T0021802,84.06
O009,C01315,T0013741,58.71
O002,C03619,T0014595,138.51
O001,C03210,T0070870,73.75
O014,C03035,T0074525,14.56
O011,C04836,T0075724,26.81
O017,C00462,T0079079,609.75
O006,C04976,T0029303,190.53
O011,C03332,T0016538,61.06
O011,C02013,T0023291,64.04
O010,C00208,T0051825,151.28
O006,C04147,T0088056,91.75
O011,C01303,T0002748,1622.52
O020,C01610,T0082144,56.66
O008,C02612,T0040787,361.27
O020,C00598,T0069222,449.34
O013,C02517,T0038289,33.57
O020,C04206,T0015709,272.48
O007,C02912,T0004535,92.45
O002,C01714,T0046560,29.23
O006,C04221,T0087693,33.4
O001,C04613,T0032046,245.12
O007,C01473,T0056250,21.13
O005,C04772,T0036087,102.81
O020,C03675,T0028020,58.42
O013,C00151,T0006126,89.97
O005,C01824,T0053250,21.88
O004,C03325,T0076493,305.44
O003,C01185,T0093989,48.92
O013,C01717,T0003666,203.81
O005,C01457,T0080961,53.17
O016,C00719,T0047505,40.35
O004,C03845,T0054677,71.82
O018,C01494,T0059978,45.87
O008,C03217,T0045019,973.23
O008,C00331,T0037178,562.18
O008,C00713,T0059556,34.34
O014,C02748,T0094260,17.98
O009,C04537,T0075336,5.99
O008,C01098,T0024119,59.1
O012,C04492,T0094726,461.1
O006,C03828,T0074448,151.97
O020,C00189,T0061018,181.02
O008,C04487,T0057044,83.36
O004,C03160,T0002645,124.26
O018,C02095,T0074688,125.13
O006,C01427,T0099786,224.9
O015,C02032,T0094864,20.15
O018,C04055,T0026981,108.18
O012,C02849,T0056163,145.71
O003,C02227,T0006844,346.09
O017,C00208,T0019886,50.11
O016,C00304,T0018226,25.13
O001,C02484,T0061802,145.31
O011,C03631,T0069549,313.7
O017,C01159,T0034402,347.78
O020,C01687,T0001618,114.49
O008,C02358,T0026493,1542.21
O013,C01674,T0000303,146.94
O018,C02012,T0045980,24.57
O011,C01001,T0085565,435.33
O014,C00796,T0021666,29.47
O008,C02784,T0030029,251.81
O011,C03346,T0031546,308.92
O003,C03359,T0072162,91.13
O004,C04823,T0097887,100.72
O019,C01400,T0011342,20.72
O017,C01637,T0052393,80.28
O016,C01539,T0020831,121.22
O005,C04556,T0091402,135.44
O002,C00777,T0029334,50.76
O008,C01352,T0011254,150.22
O009,C01263,T0031322,70.38
O007,C01268,T0024467,41.06
O003,C03589,T0095573,298.27
O007,C00311,T0057423,114.17
O001,C04618,T0059832,85.55
O017,C01706,T0008080,352.17
O013,C01797,T0086801,46.12
O004,C02499,T0092757,98.72
O004,C00556,T0000521,30.97
O017,C03498,T0021508,191.19
O001,C00092,T0032250,91.51
O012,C01691,T0074357,35.43
O002,C04533,T0014140,26.75
O003,C03144,T0072211,137.73
O004,C03310,T0084007,247.49
O014,C04289,T0029709,12.19
O002,C01344,T0071242,29.52
O006,C04081,T0088915,128.75
O011,C01199,T0068122,63.38
O020,C03784,T0091051,59.93
O014,C04741,T0016959,22.62
O009,C01974,T0058018,8.9
O001,C04323,T0034431,113.82
O010,C01136,T0091469,532.26
O015,C04836,T0062187,38.92
O009,C02750,T0085309,6.01
O020,C04604,T0099314,59.37
O017,C00056,T0011695,75.55
O018,C00170,T0071172,115.08
O007,C01707,T0042180,21.69
O019,C02023,T0067881,19.61
O011,C02105,T0049886,31.56
O003,C03010,T0068175,72.39
O004,C02355,T0029399,45.33
O019,C01615,T0071777,206.31
O013,C04880,T0019562,142.91
O016,C01666,T0005086,14.94
O014,C00341,T0005303,20.0
O008,C00593,T0091879,81.16
O019,C00464,T0074712,13.08
O008,C03941,T0089223,64.59
O001,C00953,T0051390,46.77
O006,C01363,T0051370,102.1
O014,C04233,T0064396,9.36
O016,C00854,T0022698,47.26
O007,C02003,T0016882,8.86
O014,C04447,T0016323,86.15
O009,C02553,T0022290,32.11
O020,C03477,T0083918,35.84
O001,C02648,T0052150,552.93
O019,C02445,T0032853,111.35
O020,C00802,T0026292,129.53
O020,C03595,T0071199,479.13
O003,C00653,T0001989,1420.22
O007,C04094,T0093706,60.86
O003,C03353,T0077821,98.27
O001,C00847,T0074003,145.55
O017,C02223,T0004484,253.36
O002,C00159,T0043557,82.5
O001,C01796,T0040737,95.64
O009,C04434,T0069545,11.69
O002,C03155,T0013874,149.41
O006,C00125,T0044532,88.61
O019,C03538,T0074510,9.38
O009,C04710,T0050491,50.21
O015,C02775,T0099116,26.69
O003,C01866,T0072657,21.26
O010,C02012,T0052462,84.5
O019,C04421,T0026928,16.39
O015,C04027,T0033258,33.16
O013,C03006,T0042409,55.33
O013,C00369,T0007564,67.67
O001,C01318,T0053012,43.37
O020,C00297,T0055792,23.93
O020,C03598,T0092503,87.61
O007,C03518,T0036956,54.1
O008,C02518,T0021602,46.92
O008,C00724,T0067589,11.77
O013,C00285,T0068659,104.65
O010,C03419,T0024832,20.09
O013,C00794,T0041876,99.28
O018,C01393,T0008153,258.44
O007,C04086,T0015096,37.69
O007,C02837,T0061308,58.2
O009,C01205,T0049262,37.44
O014,C01016,T0042901,18.47
O002,C02672,T0066860,16.52
O018,C03858,T0039182,141.71
O018,C03197,T0008386,18.21
O002,C04578,T0051325,15.81
O012,C00909,T0047697,87.53
O013,C00256,T0010226,25.54
O008,C02048,T0030143,205.27
O004,C00134,T0085811,44.05
O006,C04670,T0091581,151.74
O003,C00860,T0075982,235.91
O020,C02228,T0038168,79.33
O013,C02547,T0045770,36.02
O013,C04674,T0038441,38.1
O004,C00405,T0009088,84.8
O020,C03838,T0054175,92.59
O001,C01902,T0066390,267.61
O006,C01409,T0053610,310.4
O014,C02162,T0037023,35.02
O008,C02836,T0097682,27.01
O004,C03207,T0091068,141.38
O006,C03941,T0041498,173.01
O012,C03272,T0086338,93.96
O012,C00943,T0031292,74.47
O018,C03523,T0064358,53.41
O010,C04877,T0019660,474.05
O008,C01410,T0020656,37.84
O013,C04769,T0088542,34.67
O005,C00438,T0030416,235.65
O017,C04050,T0007747,81.11
O002,C04819,T0065444,161.31
O003,C00657,T0085609,94.59
O016,C00452,T0024880,81.88
O003,C02161,T0099505,105.38
O011,C03316,T0010650,156.21
O013,C00123,T0023738,48.37
O017,C02603,T0076535,224.0
O007,C04533,T0083902,54.56
O014,C00524,T0061710,19.34
O012,C04678,T0081330,447.82
O015,C01315,T0056998,32.09
O005,C03565,T0029722,91.5
O005,C01491,T0067612,109.98
O014,C02550,T0033338,33.9
O014,C03713,T0088683,223.76
O010,C01660,T0017635,175.7
O012,C01811,T0009021,212.81
O003,C00751,T0087560,24.38
O020,C00028,T0055119,148.08
O015,C04815,T0010071,110.45
O013,C00764,T0093177,512.48
O018,C01282,T0048689,46.1
O008,C00496,T0058683,113.54
O008,C03975,T0060225,85.05
O006,C01147,T0084210,208.27
O006,C04870,T0040360,1022.48
O003,C01972,T0026499,67.58
O016,C03000,T0086799,25.81
O019,C02823,T0028610,43.21
O004,C03859,T0087775,690.29
O011,C03332,T0092409,113.48
O003,C03899,T0026397,96.34
O012,C00581,T0087890,32.77
O002,C02191,T0072917,61.25
O019,C02140,T0041391,10.93
O018,C00077,T0093356,57.15
O010,C01563,T0055906,1184.0
O001,C01509,T0047229,88.07
O010,C01685,T0014128,31.59
O019,C02118,T0039408,111.41
O010,C00204,T0017435,117.4
O020,C04143,T0074615,108.63
O016,C00644,T0030367,21.94
O012,C01845,T0019687,424.27
O002,C02038,T0013821,98.66
O005,C01243,T0080650,655.65
O014,C02084,T0022583,12.01
O003,C01111,T0049331,97.38
O013,C01508,T0086058,78.92
O007,C01589,T0080941,28.83
O018,C00840,T0032594,77.03
O017,C03703,T0041030,46.49
O013,C00168,T0014382,49.66
O003,C00123,T0099718,52.19
O004,C02849,T0069861,36.78
O007,C04888,T0047429,7.86
O009,C01333,T0070032,35.29
O004,C01474,T0068044,157.5
O012,C04699,T0044396,77.21
O015,C02870,T0090420,34.94
O002,C00098,T0060754,50.28
O009,C04615,T0022701,10.57
O009,C00867,T0092236,128.65
O016,C03622,T0003167,21.61
O007,C03370,T0043550,15.4
O017,C00399,T0018923,43.07
O015,C00488,T0035796,12.18
O015,C03200,T0023584,34.17
O004,C01435,T0075007,141.94
O016,C01958,T0042467,7.71
O002,C03373,T0004803,85.51
O003,C04821,T0092434,28.73
O006,C04078,T0044758,127.12
O003,C00982,T0036880,93.56
O005,C01642,T0083471,343.2
O010,C03703,T0000533,264.8
O007,C04398,T0022200,42.0
O017,C04092,T0036750,316.89
O004,C01453,T0088358,120.4
O017,C01079,T0086225,141.88
O005,C03187,T0078053,210.66
O018,C02163,T0098189,34.79
O001,C02145,T0082034,336.7
O019,C00006,T0070338,11.49
O014,C01554,T0074386,9.31
O016,C04596,T0022439,20.68
O019,C01234,T0093446,33.44
O004,C03572,T0044091,63.4
O017,C00283,T0050500,38.61
O015,C00796,T0047531,292.41
O005,C01904,T0029382,80.58
O020,C04949,T0096948,41.46
O001,C03304,T0061734,94.74
O016,C01865,T0048478,16.69
O001,C01918,T0027446,19.09
O011,C01971,T0026656,118.71
O020,C02595,T0047541,274.84
O011,C03942,T0037220,92.57
O005,C00231,T0022150,431.9
O011,C00733,T0043512,70.04
O006,C04455,T0021300,66.11
O019,C03022,T0053965,98.65
O010,C00764,T0033556,32.66
O009,C01183,T0046403,1.86
O018,C01424,T0041172,91.44
O003,C01990,T0008931,258.69
O013,C01746,T0065088,34.14
O013,C00892,T0077197,86.95
O004,C00976,T0077785,152.73
O007,C04068,T0021181,53.85
O009,C01783,T0035805,25.27
O014,C03366,T0096851,14.82
O008,C04704,T0086712,55.07
O017,C00315,T0091434,656.44
O001,C02081,T0010665,172.18
O015,C01521,T0083313,22.77
O004,C03724,T0073748,63.47
O004,C01778,T0004300,181.64
O006,C00845,T0050078,333.3
O017,C02775,T0089334,117.99
O009,C01085,T0062379,50.65
O002,C00277,T0047919,178.79
O019,C04755,T0082569,57.18
O014,C00822,T0072733,132.66
O008,C03666,T0072091,562.92
O001,C03846,T0073219,64.6
O001,C00830,T0046645,119.26
O004,C01835,T0019945,103.47
O019,C03265,T0091289,56.0
O014,C02874,T0033864,31.34
O016,C03861,T0036972,84.59
O018,C00612,T0013888,32.1
O017,C03624,T0042985,151.81
O009,C00955,T0034701,9.32
O016,C04444,T0060164,19.2
O005,C02995,T0024549,356.97
O019,C00195,T0023957,155.43
O012,C00202,T0088786,116.15
O012,C02354,T0032541,58.86
O004,C00255,T0044572,21.91
O017,C01358,T0054982,96.07
O015,C02658,T0093281,95.84
O011,C04783,T0010172,180.96
O008,C03246,T0044623,49.58
O011,C00786,T0030916,162.83
O010,C02727,T0095855,121.37
O002,C02826,T0058667,18.05
O016,C00263,T0027285,67.66
O015,C04780,T0078766,52.39
O018,C02017,T0044152,105.11
O003,C00439,T0027619,131.13
O007,C03646,T0010620,12.29
O010,C00677,T0071605,66.18
O017,C00613,T0037825,115.53
O010,C02104,T0079518,200.14
O005,C00555,T0009348,163.36
O001,C03642,T0018146,207.9
O018,C00026,T0050055,35.29
O001,C03176,T0009096,27.9
O008,C00808,T0072520,81.02
O015,C00194,T0045505,102.65
O001,C03958,T0067078,91.35
O019,C04045,T0026539,65.8
O014,C02606,T0092916,10.99
O014,C04262,T0047864,18.23
O020,C04667,T0024908,87.88
O003,C03988,T0064700,90.61
O013,C03364,T0065175,10.74
O011,C00006,T0011854,304.67
O014,C01468,T0014609,147.84
O019,C02208,T0083939,16.88
O019,C02429,T0064858,208.21
O009,C02143,T0066048,23.03
O013,C04967,T0043901,26.02
O007,C00811,T0011612,37.02
O005,C04241,T0052238,172.9
O012,C03990,T0028508,381.95
O018,C01417,T0049902,47.16
O002,C01223,T0027429,51.7
O019,C03774,T0094590,115.14
O011,C02848,T0028739,110.89
O020,C01517,T0059899,140.91
O015,C00184,T0039915,13.51
O012,C02633,T0007788,496.99
O002,C00956,T0026792,9.45
O004,C04226,T0059249,24.69
O008,C03431,T0072634,118.6
O014,C04590,T0035027,18.2
O018,C03889,T0099783,107.13
O015,C04061,T0091222,17.11
O018,C04659,T0061436,19.67
O014,C02459,T0056825,31.57
O008,C02616,T0035652,102.6
O013,C00291,T0002310,105.1
O005,C04454,T0043064,81.8
O005,C04574,T0077188,30.06
O002,C02834,T0012240,33.6
O011,C01252,T0067789,33.82
O003,C00430,T0064921,98.25
O005,C01484,T0068342,118.32
O016,C02230,T0047934,16.47
O003,C01033,T0084826,547.03
O010,C04044,T0062488,82.03
O011,C02001,T0023040,40.02
O011,C03754,T0035089,39.73
O005,C04192,T0009454,130.1
O001,C01211,T0016829,469.14
O007,C00716,T0043839,16.63
O010,C01636,T0013284,21.55
O013,C02322,T0043279,76.26
O012,C04911,T0074422,178.47
O014,C04334,T0041094,14.98
O004,C03444,T0012845,1683.5
O020,C04571,T0007865,40.08
O016,C03676,T0071232,71.21
O014,C02363,T0052549,12.25
O017,C00218,T0014318,50.63
O007,C00613,T0059329,34.97
O003,C02785,T0096209,68.6
O002,C04453,T0022864,25.99
O020,C03214,T0008691,333.73
O020,C04740,T0011235,397.86
O009,C04286,T0008838,65.31
O005,C02878,T0081377,246.49
O005,C04479,T0040916,446.32
O006,C02704,T0086284,136.83
O019,C01190,T0022091,62.36
O007,C03850,T0077031,107.21
O013,C03319,T0002373,133.55
O010,C01690,T0049038,19.77
O005,C01755,T0015547,63.5
O003,C00787,T0082400,109.39
O018,C01910,T0026100,27.52
O015,C01215,T0044614,25.8
O006,C00799,T0080741,770.9
O018,C02946,T0088778,151.6
O011,C00932,T0077083,144.06
O009,C01639,T0039907,541.36
O011,C01515,T0042733,119.97
O011,C02012,T0042512,265.95
O001,C02924,T0082304,668.31
O003,C04107,T0030977,157.76
O013,C03284,T0036466,486.73
O018,C04055,T0033377,80.5
O009,C01466,T0026288,26.7
O009,C02144,T0062685,23.76
O008,C03920,T0090426,221.76
O004,C03958,T0048785,313.71
O004,C03011,T0030394,235.19
O019,C00381,T0039139,286.63
O017,C04044,T0082499,44.56
O018,C04715,T0008256,193.14
O019,C00682,T0084376,268.72
O008,C02546,T0019640,40.45
O012,C01591,T0009184,327.03
O008,C02028,T0038164,85.03
O018,C04530,T0067065,41.78
O017,C02921,T0037459,51.8
O017,C00258,T0099470,121.53
O017,C00217,T0084318,83.98
O017,C02637,T0031282,61.72
O004,C04006,T0015972,38.2
O017,C03518,T0073511,52.78
O018,C01378,T0022549,103.87
O016,C04412,T0086405,65.59
O011,C02375,T0098364,134.72
O001,C00094,T0035332,32.18
O004,C03815,T0016768,59.44
O017,C01140,T0093631,61.43
O002,C00774,T0054843,39.19
O004,C03896,T0039347,46.7
O019,C00194,T0014986,21.63
O012,C04216,T0063178,73.05
O001,C03585,T0010861,302.81
O007,C02691,T0078018,26.34
O013,C02568,T0003607,83.12
O018,C04912,T0070705,61.66
O006,C02112,T0000623,88.85
O019,C00562,T0015060,63.46
O004,C00303,T0031442,243.67
O006,C02145,T0096001,129.49
O015,C03210,T0078717,190.8
O006,C04431,T0095588,65.74
O007,C01084,T0081268,39.4
O020,C03989,T0044929,94.93
O009,C00313,T0075697,44.5
O008,C03736,T0010922,881.03
O020,C00588,T0080869,56.41
O008,C03534,T0090529,97.27
O003,C04145,T0008666,476.29
O003,C01885,T0090638,19.4
O012,C04758,T0075204,162.08
O010,C03472,T0083854,31.12
O001,C02669,T0013790,83.22
O017,C02893,T0077877,136.25
O004,C03912,T0067040,469.4
O005,C03077,T0042997,514.34
O009,C04045,T0077874,17.56
O013,C02693,T0046438,56.26
O020,C02563,T0080683,301.77
O014,C02985,T0033539,29.57
O020,C03995,T0067419,397.96
O014,C04048,T0075967,14.25
O006,C03159,T0057436,101.65
O004,C00376,T0073323,143.35
O009,C02901,T0043642,20.78
O008,C02927,T0002843,156.32
O020,C00616,T0076671,30.56
O020,C00798,T0012076,67.14
O015,C01624,T0095899,95.38
O017,C04737,T0008167,111.75
O013,C01401,T0022684,506.67
O019,C04085,T0049254,54.2
O019,C00356,T0081497,14.9
O002,C03706,T0089006,155.32
O017,C02306,T0014739,685.44
O016,C02550,T0057171,19.72
O008,C00227,T0040665,104.48
O001,C04764,T0081574,41.61
O011,C04599,T0020771,1271.8
O009,C02864,T0034743,18.06
O006,C03047,T0069299,66.93
O004,C02770,T0090140,46.8
O011,C04262,T0037384,41.1
O006,C01785,T0027097,671.89
O014,C03408,T0017480,16.05
O007,C03759,T0059505,92.04
O008,C04772,T0009125,129.39
O007,C00622,T0051236,29.28
O014,C02334,T0021198,78.14
O019,C01183,T0058631,70.03
O017,C02835,T0085145,32.39
O011,C03160,T0052416,454.63
O010,C01615,T0055204,664.31
O005,C03844,T0076284,258.97
O011,C03806,T0011447,408.66
O008,C02926,T0003425,78.65
O015,C00411,T0067140,138.62
O003,C02538,T0007614,117.74
O004,C03851,T0086299,123.32
O004,C01410,T0006034,86.08
O001,C02961,T0020019,169.27
O003,C02977,T0096027,60.35
O008,C04810,T0032730,161.93
O018,C00987,T0039636,62.52
O020,C03111,T0064183,85.14
O005,C03737,T0089707,240.93
O019,C04399,T0072200,53.65
O006,C04545,T0087837,988.24
O010,C01516,T0052551,118.4
O009,C02204,T0097466,10.61
O016,C04693,T0071497,60.93
O009,C04410,T0004721,39.23
O011,C03589,T0039710,357.69
O014,C02671,T0059632,41.78
O013,C03349,T0019902,16.7
O006,C04547,T0006138,46.16
O012,C04797,T0040773,412.0
O012,C04297,T0067905,47.64
O017,C04069,T0010623,93.87
O013,C02375,T0024175,47.65
O016,C01265,T0013525,30.65
O017,C04540,T0042406,119.3
O005,C01252,T0009161,73.33
O012,C03559,T0064900,49.52
O001,C03670,T0079523,88.72
O004,C01165,T0037437,150.06
O006,C03446,T0015517,73.19
O020,C02252,T0038874,76.6
O017,C01785,T0007645,77.02
O003,C03968,T0031507,31.36
O011,C04721,T0079913,28.61
O008,C00251,T0048112,41.08
O001,C01677,T0094939,55.61
O017,C01481,T0002927,344.71
O020,C00835,T0038691,111.42
O008,C02712,T0098775,940.59
O010,C02826,T0056125,632.23
O013,C02206,T0077084,88.75
O004,C04257,T0060913,70.42
O017,C02418,T0072002,102.59
O006,C04794,T0098855,229.15
O020,C01678,T0041518,35.27
O014,C00572,T0075252,13.62
O016,C03435,T0001310,57.1
O020,C03711,T0074267,422.55
O014,C03170,T0041931,18.37
O008,C03108,T0051587,130.21
O008,C04562,T0087117,71.03
O014,C02726,T0069534,49.13
O018,C00488,T0039606,118.4
O016,C02156,T0044381,9.54
O008,C00941,T0004125,482.7
O010,C00624,T0082214,151.51
O010,C02534,T0034093,136.14
O013,C00127,T0066668,501.83
O016,C04549,T0042845,43.23
O013,C01911,T0067496,16.06
O008,C03381,T0023757,112.56
O001,C03130,T0098641,80.83
O001,C03586,T0049528,97.4
O016,C03859,T0046081,5.41
O016,C00471,T0034306,14.86
O019,C02972,T0045207,40.3
O009,C00939,T0018305,13.0
O011,C04363,T0083133,102.56
O019,C03657,T0091183,108.73
O016,C02806,T0066846,13.76
O010,C04320,T0097635,81.32
O019,C02353,T0099817,32.31
O015,C02700,T0067392,24.77
O016,C03640,T0044404,95.32
O012,C03481,T0045671,57.83
O018,C01667,T0017998,110.69
O020,C02396,T0004366,68.37
O013,C00238,T0031781,49.09
O019,C03769,T0051672,181.89
O012,C01977,T0045203,118.18
O005,C04483,T0032175,173.65
O016,C04328,T0082758,26.73
O018,C02247,T0008801,50.24
O010,C01916,T0066861,66.63
O014,C00839,T0055020,36.82
O011,C04471,T0075568,58.48
O011,C01399,T0071024,114.25
O010,C02825,T0053755,157.86
O007,C04119,T0041783,31.46
O004,C00482,T0025226,53.48
O014,C01662,T0092041,22.17
O006,C04999,T0069105,66.38
O012,C04630,T0092059,200.33
O011,C02222,T0012455,199.28
O002,C01970,T0008462,34.53
O017,C02293,T0073612,57.58
O018,C01648,T0019309,33.94
O018,C01544,T0095804,4.2
O013,C01006,T0092141,910.34
O002,C00181,T0078935,331.44
O015,C02080,T0095224,24.18
O019,C03716,T0067756,47.43
O008,C03189,T0084321,134.38
O009,C00928,T0028734,9.05
O014,C02527,T0054826,25.88
O010,C01886,T0036139,153.12
O012,C01673,T0024745,56.85
O005,C03818,T0093707,18.7
O014,C00927,T0033977,17.19
O011,C01143,T0043292,44.43
O003,C02473,T0075214,42.89
O003,C00246,T0020979,23.41
O007,C01064,T0034189,21.85
O011,C01242,T0022748,266.02
O004,C03368,T0020525,72.36
O005,C00686,T0099568,112.51
O003,C03837,T0068286,1038.09
O016,C01474,T0017848,8.66
O019,C03009,T0083542,29.3
O001,C02684,T0003557,48.63
O006,C01086,T0044682,109.09
O009,C03101,T0006964,26.18
O011,C00229,T0066364,58.58
O009,C00258,T0004743,14.85
O012,C00808,T0034773,56.02
O008,C01660,T0023689,40.88
O019,C00102,T0051177,461.19
O012,C01640,T0029548,102.45
O008,C04357,T0012684,305.57
O020,C01051,T0098368,77.49
O002,C03037,T0006897,30.28
O020,C01765,T0024542,99.96
O013,C00468,T0079895,248.58
O001,C02322,T0051767,53.12
O019,C00511,T0061361,97.91
O016,C01521,T0068035,208.77
O004,C03853,T0004039,417.1
O005,C03197,T0020147,132.3
O006,C02179,T0001568,118.26
O017,C00927,T0050764,89.82
O004,C04595,T0069024,267.23
O016,C00025,T0051862,15.49
O006,C00301,T0070869,70.57
O005,C01725,T0018909,359.87
O020,C04736,T0064818,336.42
O018,C00114,T0088808,78.36
O007,C03444,T0026839,24.92
O018,C04863,T0083040,322.79
O015,C00647,T0075688,13.03
O018,C03778,T0054929,39.73
O013,C01360,T0020034,97.87
O014,C01169,T0020435,72.7
O016,C03229,T0031985,17.71
O004,C00779,T0081246,98.71
O004,C01691,T0033337,295.01
O001,C02449,T0092599,1342.34
O015,C00283,T0029234,42.46
O007,C02216,T0083038,94.91
O017,C03906,T0077447,75.18
O007,C01951,T0083226,25.4
O002,C01207,T0088742,164.01
O007,C01676,T0005856,83.15
O007,C01206,T0044429,20.06
O020,C00863,T0054594,294.12
O016,C02273,T0028056,10.34
O013,C00878,T0076650,35.48
O002,C04501,T0022203,21.11
O012,C03296,T0050685,399.56
O016,C00147,T0003690,18.83
O002,C03468,T0051689,20.18
O020,C02635,T0068364,132.51
O015,C00529,T0009647,62.09
O007,C03716,T0016516,25.6
O005,C03446,T0040215,159.38
O015,C00009,T0047916,12.92
O017,C03766,T0004903,47.75
O011,C00693,T0003846,44.0
O008,C03222,T0045029,66.55
O007,C04844,T0045205,36.87
O015,C02840,T0014389,117.27
O013,C00086,T0096437,39.8
O017,C04895,T0014782,46.57
O001,C03961,T0075084,132.09
O007,C04766,T0033262,60.63
O013,C00601,T0004459,28.45
O006,C01078,T0077734,60.55
O001,C03552,T0078925,604.13
O011,C04291,T0060399,144.67
O010,C03780,T0055656,180.85
O002,C01225,T0081811,70.48
O015,C01650,T0090897,28.69
O012,C03724,T0038594,47.71
O005,C01067,T0078159,233.78
O013,C04531,T0058552,38.38
O001,C04462,T0074870,105.23
O014,C04268,T0031819,84.87
O009,C00192,T0081455,58.17
O005,C02367,T0005315,43.45
O005,C03613,T0074709,133.86
O012,C04574,T0050852,44.62
O010,C01861,T0035150,161.54
O012,C02134,T0061114,37.65
O005,C03994,T0098347,83.34
O016,C04458,T0005436,654.3
O020,C03319,T0050539,418.58
O010,C04630,T0077372,128.23
O006,C00762,T0091010,511.24
O018,C03217,T0091169,43.83
O004,C01491,T0038655,134.63
O001,C04245,T0006134,97.61
O003,C04135,T0093804,1002.2
O009,C01052,T0033368,131.16
O008,C01700,T0024776,544.65
O019,C01068,T0063326,161.02
O020,C03168,T0026268,49.51
O019,C02825,T0048204,25.33
O013,C03145,T0062316,7.42
O013,C02188,T0068429,262.11
O010,C04752,T0040909,118.96
O010,C03478,T0037806,119.16
O019,C00482,T0004024,116.35
O020,C02285,T0077261,241.55
O009,C03650,T0080171,12.9
O009,C01050,T0087023,39.96
O019,C03640,T0007069,13.39
O019,C01122,T0021934,101.67
O017,C03515,T0042241,156.05
O008,C03834,T0080321,91.37
O010,C00080,T0070240,266.9
O018,C03225,T0010118,36.01
O015,C00254,T0093838,77.56
O004,C04315,T0020812,185.3
O013,C03656,T0076187,62.58
O017,C02775,T0024566,66.22
O005,C02733,T0074548,428.37
O003,C04960,T0016005,242.35
O004,C04688,T0037826,77.02
O020,C00575,T0054205,69.49
O001,C04640,T0077784,157.22
O018,C02974,T0003614,72.22
O003,C03736,T0068373,38.31
O002,C04492,T0065744,23.59
O016,C02400,T0098745,60.45
O012,C00607,T0023783,86.63
O001,C03875,T0005134,124.38
O012,C02747,T0092600,231.0
O008,C00881,T0063980,123.22
O013,C03353,T0076136,213.68
O019,C02223,T0095621,116.32
O019,C03758,T0003676,182.05
O004,C04037,T0015385,153.63
O009,C03461,T0061343,28.1
O009,C02156,T0097921,17.92
O003,C01855,T0027286,60.85
O007,C00736,T0019454,150.75
O007,C01650,T0016408,5.21
O010,C02861,T0045857,256.05
O008,C04026,T0035587,136.85
O009,C02817,T0008203,31.71
O010,C01410,T0000511,179.7
O013,C01533,T0089781,87.9
O007,C03290,T0050470,17.21
O013,C00715,T0063970,22.61
O012,C02030,T0099675,675.14
O017,C01202,T0097619,80.5
O009,C00863,T0063833,35.07
O015,C04683,T0098348,92.2
O002,C03848,T0003240,19.87
O019,C01441,T0003181,19.74
O015,C04292,T0082895,31.89
O009,C04450,T0055468,68.18
O009,C03468,T0017252,80.7
O006,C00980,T0021770,136.42
O002,C02163,T0058121,84.62
O005,C02132,T0088611,112.62
O008,C00715,T0021582,789.34
O004,C03604,T0025051,156.61
O013,C02765,T0034653,33.79
O018,C04346,T0049841,247.93
O004,C03970,T0016317,124.14
O003,C04481,T0037135,229.74
O011,C00506,T0020454,141.58
O019,C00471,T0047758,15.15
O015,C01813,T0075099,87.14
O009,C04324,T0083694,11.03
O017,C01612,T0044417,98.96
O002,C03993,T0050603,40.15
O014,C01465,T0016920,10.36
O016,C01965,T0096452,12.81
O009,C01692,T0069760,16.16
O020,C00779,T0006848,51.44
O006,C00512,T0075402,538.26
O014,C04052,T0089655,8.72
O019,C04520,T0014549,99.01
O015,C03712,T0038091,39.62
O012,C02586,T0050930,153.24
O013,C02277,T0082467,230.36
O014,C03959,T0086509,9.19
O001,C01562,T0089316,38.32
O012,C04443,T0032788,118.18
O006,C02319,T0052125,12.46
O009,C00245,T0088784,36.52
O007,C02850,T0062574,38.12
O002,C01395,T0088444,117.94
O017,C04514,T0005325,94.62
O012,C03719,T0042252,288.94
O004,C04702,T0079561,100.41
O006,C01828,T0005889,72.45
O016,C03113,T0009645,118.6
O003,C01806,T0066839,133.62
O015,C02581,T0001808,21.85
O007,C00024,T0073840,6.1
O009,C04021,T0044389,3.16
O020,C02985,T0021553,40.65
O007,C04829,T0089283,166.98
O018,C00821,T0045515,91.1
O018,C03889,T0097829,43.27
O014,C03923,T0080095,29.49
O005,C00783,T0015697,497.82
O012,C00332,T0009701,57.3
O012,C04089,T0059698,40.83
O006,C04856,T0007448,61.64
O020,C04321,T0076067,1044.05
O001,C00715,T0018237,69.32
O001,C04668,T0062881,43.49
O013,C00973,T0061521,59.34
O015,C00300,T0013633,42.34
O012,C03646,T0070583,41.7
O008,C01039,T0054333,129.38
O008,C00697,T0061681,51.58
O001,C01947,T0033596,305.58
O016,C01036,T0088511,9.54
O019,C00361,T0017438,73.57
O010,C02817,T0001671,196.39
O011,C02773,T0024126,34.05
O011,C04621,T0084081,186.97
O004,C02096,T0003182,121.48
O018,C01943,T0046206,50.05
O018,C00530,T0068086,168.14
O007,C00077,T0095191,19.11
O020,C00629,T0050120,358.38
O011,C04829,T0072653,160.0
O020,C04235,T0009155,24.08
O002,C04631,T0085597,16.95
O020,C00100,T0099928,60.35
O016,C02809,T0054536,21.24
O004,C01694,T0041009,40.67
O003,C00135,T0092287,531.7
O017,C01995,T0046686,54.65
O001,C01587,T0066944,311.76
O005,C04586,T0006887,64.31
O018,C00788,T0036287,54.43
O016,C01445,T0039613,106.81
O008,C04147,T0001280,93.58
O013,C04414,T0018667,141.15
O003,C00627,T0054833,36.78
O001,C04379,T0055635,504.2
O002,C04271,T0040775,28.6
O006,C04891,T0042363,124.66
O014,C01153,T0046365,27.34
O013,C01436,T0043796,989.28
O014,C04667,T0014492,150.44
O006,C04067,T0073523,904.92
O012,C04525,T0065223,46.16
O007,C03975,T0035843,6.55
O001,C00752,T0060882,136.75
O018,C00547,T0067248,122.17
O007,C03930,T0025956,107.06
O007,C03400,T0097486,54.57
O003,C00242,T0045488,39.37
O014,C03357,T0079076,23.67
O012,C00017,T0099784,290.69
O020,C04318,T0040872,203.26
O007,C03242,T0004365,7.73
O006,C04731,T0080576,58.52
O020,C03302,T0024505,26.63
O006,C01122,T0053114,59.1
O007,C02797,T0072576,24.55
O003,C04084,T0076523,132.58
O006,C04207,T0089192,127.48
O003,C02258,T0096667,101.17
O007,C02078,T0092606,7.83
O005,C02348,T0042062,865.2
O018,C04869,T0061788,60.31
O012,C01105,T0056793,307.47
O014,C01483,T0072251,12.28
O009,C01719,T0011518,27.72
O008,C01279,T0028955,402.15
O004,C01414,T0094473,57.99
O001,C04859,T0021038,135.49
O012,C01835,T0056136,28.6
O003,C03292,T0048481,31.7
O013,C00760,T0002451,98.69
O017,C00636,T0004497,454.33
O012,C00312,T0017796,264.65
O003,C04933,T0033387,253.39
O003,C03344,T0019783,287.64
O014,C01662,T0052088,27.13
O011,C04552,T0042550,130.01
O006,C01430,T0092769,94.65
O007,C01201,T0063551,38.21
O011,C00185,T0033511,239.45
O020,C03615,T0080482,123.68
O002,C01499,T0014910,36.13
O020,C01318,T0082797,52.08
O013,C00698,T0022709,104.66
O008,C01417,T0010417,110.27
O012,C00369,T0055569,67.92
O001,C00333,T0069630,248.75
O018,C04706,T0023731,92.51
O016,C00715,T0052841,58.7
O007,C03225,T0097184,44.08
O017,C01728,T0059717,80.73
O010,C01623,T0048794,348.92
O002,C03346,T0013161,34.62
O007,C03924,T0051258,29.47
O014,C00334,T0007151,18.59
O001,C02791,T0013233,367.75
O011,C03520,T0070451,115.82
O004,C00657,T0046413,193.22
O019,C01592,T0091475,14.99
O014,C03034,T0007940,16.82
O004,C01133,T0022679,147.69
O018,C00035,T0028297,40.46
O005,C02023,T0066851,69.03
O018,C01482,T0052800,117.92
O006,C00865,T0085008,476.51
O020,C01619,T0062251,92.15
O001,C00131,T0022751,517.82
O019,C03399,T0017227,122.62
O018,C01357,T0087298,183.08
O003,C02387,T0041727,120.13
O003,C04056,T0037328,112.79
O016,C02319,T0075494,16.39
O019,C01022,T0027836,58.61
O020,C00509,T0032918,138.77
O004,C03288,T0067857,87.91
O004,C02963,T0080903,28.59
O017,C01827,T0066436,305.01
O018,C03227,T0011284,162.98
O001,C00985,T0051610,122.02
O016,C01088,T0047694,215.57
O006,C02884,T0042238,131.82
O003,C04096,T0034343,115.65
O007,C03009,T0081932,60.8
O007,C03664,T0018524,15.98
O009,C02709,T0034282,11.84
O015,C00933,T0088302,106.0
O014,C01080,T0092005,24.21
O006,C04105,T0094506,67.8
O016,C02377,T0038489,52.34
O017,C00898,T0067873,88.85
O002,C00234,T0092621,276.69
O004,C00093,T0006538,534.77
O005,C04819,T0081360,593.7
O013,C03465,T0018958,40.29
O005,C02791,T0093616,110.37
O008,C03071,T0050333,79.77
O010,C00311,T0061530,17.15
O008,C01543,T0019246,127.88
O018,C02774,T0015580,45.76
O006,C03210,T0037415,45.84
O014,C03107,T0025683,5.43
O016,C04333,T0045326,22.39
O016,C04578,T0071720,15.21
O004,C04319,T0042270,47.12
O005,C01009,T0070395,132.39
O013,C04105,T0072882,14.22
O012,C01194,T0055396,236.21
O006,C01384,T0045593,99.22
O013,C02325,T0055573,82.7
O009,C01573,T0001345,51.77
O011,C01257,T0021418,52.33
O004,C02417,T0073292,569.9
O016,C02526,T0088856,40.2
O004,C02218,T0055885,200.01
O004,C01152,T0090041,159.39
O020,C04485,T0041280,80.45
O007,C01515,T0075819,41.38
O008,C03625,T0014263,180.95
O003,C03364,T0032419,20.49
O014,C03394,T0021102,32.59
O016,C02574,T0005562,27.75
O016,C03271,T0017367,49.94
O006,C00586,T0082439,384.06
O018,C01790,T0012350,40.2
O016,C03355,T0000155,14.72
O016,C02536,T0014474,29.29
O016,C04339,T0015446,12.1
O020,C01010,T0073183,328.92
O010,C03632,T0080031,92.65
O018,C04742,T0025439,47.28
O017,C01798,T0095951,42.52
O007,C00962,T0048123,626.94
O017,C02752,T0075294,1370.83
O010,C00137,T0057865,46.49
O010,C04675,T0014984,70.67
O010,C02698,T0039233,61.4
O015,C03267,T0046819,10.51
O008,C03929,T0056429,46.2
O020,C03784,T0038174,287.03
O002,C03642,T0097885,26.71
O017,C02395,T0034772,67.33
O020,C03289,T0080752,121.39
O013,C00473,T0032081,28.78
O010,C03148,T0052693,269.11
O011,C00727,T0091184,332.07
O004,C04770,T0049631,81.01
O002,C03697,T0041707,51.48
O011,C03235,T0015640,95.14
O003,C02371,T0068958,27.0
O013,C02795,T0014701,21.53
O019,C04953,T0083635,128.04
O004,C03382,T0044219,81.08
O003,C01837,T0034797,185.73
O010,C00739,T0016888,186.15
O020,C04230,T0027908,136.79
O013,C04624,T0069972,34.21
O018,C00238,T0036981,35.92
O005,C02262,T0042942,76.04
O014,C02875,T0006802,188.88
O008,C00628,T0080596,
O006,C04144,T0094985,204.13
O003,C01850,T0094843,45.12
O019,C00429,T0087196,14.47
O016,C00307,T0050119,81.68
O004,C02838,T0043775,146.44
O018,C03671,T0096950,69.7
O020,C02063,T0073683,196.81
O007,C02740,T0012328,38.3
O005,C04393,T0062920,53.16
O013,C01060,T0048435,139.92
O016,C01070,T0059104,28.39
O013,C03092,T0000411,106.12
O012,C00219,T0025556,301.77
O003,C00141,T0096352,418.07
O015,C00317,T0079136,31.23
O003,C00831,T0061814,45.19
O015,C03933,T0053464,37.48
O020,C00438,T0084357,22.07
O018,C00372,T0065723,76.42
O005,C03296,T0059245,228.43
O004,C02616,T0093584,220.54
O014,C04345,T0097465,37.53
O009,C00447,T0080070,184.12
O005,C00387,T0052731,50.44
O019,C02134,T0041811,40.78
O001,C03305,T0094681,34.0
O012,C01546,T0074583,1109.25
O001,C00113,T0098598,245.96
O020,C03008,T0089351,137.61
O020,C01338,T0074343,120.35
O007,C03700,T0082102,21.59
O018,C03722,T0006540,84.82
O003,C01025,T0047458,72.51
O007,C01935,T0096267,38.22
O006,C04737,T0011628,62.95
O017,C00494,T0020843,141.45
O005,C01027,T0032417,286.77
O016,C03352,T0052265,61.88
O015,C04278,T0033487,13.53
O008,C03322,T0014383,536.58
O006,C02540,T0084874,345.12
O011,C02967,T0083637,67.64
O010,C00081,T0025281,312.56
O006,C03024,T0070652,257.71
O017,C02541,T0043953,44.95
O012,C00021,T0087129,48.03
O004,C03439,T0021617,568.11
O018,C01494,T0071043,238.3
O013,C01355,T0057927,124.84
O015,C02479,T0087944,48.85
O011,C03947,T0017932,1150.28
O015,C03519,T0004157,285.53
O013,C02434,T0019803,174.44
O002,C04478,T0021569,30.9
O013,C00141,T0032322,20.99
O003,C04586,T0030182,50.11
O008,C04591,T0055816,113.01
O003,C04142,T0041230,120.75
O013,C00298,T0035431,35.52
O001,C03874,T0010522,131.9
O008,C04401,T0055389,121.14
O008,C04350,T0048780,172.69
O018,C04385,T0098262,117.59
O001,C02062,T0046011,381.58
O014,C03037,T0036252,37.64
O015,C01220,T0083360,22.53
O014,C04405,T0047775,24.67
O010,C03689,T0061341,103.77
O009,C02733,T0077497,30.22
O016,C02627,T0001759,37.36
O011,C03718,T0079236,50.66
O009,C02429,T0078344,123.23
O015,C00654,T0055343,222.07
O009,C03501,T0054441,141.48
O015,C00753,T0042500,77.47
O006,C02391,T0070145,101.78
O003,C01303,T0020134,170.34
O009,C01445,T0028266,40.42
O008,C04456,T0098215,155.74
O009,C02621,T0092039,23.49
O017,C02378,T0068646,1508.84
O016,C00975,T0032429,27.25
O007,C03475,T0043079,76.56
O018,C01537,T0055478,8.44
O005,C03759,T0076310,319.93
O002,C03433,T0035744,10.99
O009,C02978,T0026979,104.98
O001,C04127,T0048721,176.74
O020,C01828,T0073882,68.2
O013,C03340,T0020749,75.65
O010,C03259,T0034990,23.55
O007,C01807,T0084996,46.5
O008,C00208,T0037593,66.44
O011,C01496,T0010395,83.93
O008,C01537,T0052349,57.35
O002,C00460,T0067765,104.71
O019,C04885,T0058008,56.4
O006,C01381,T0049565,298.53
O008,C01447,T0054862,73.36
O008,C04185,T0087409,161.37
O017,C04819,T0099910,31.66
O017,C03273,T0063577,138.78
O016,C04929,T0023803,42.06
O011,C01977,T0045714,1127.08
O010,C03043,T0059094,97.36
O012,C03308,T0029610,20.6
O002,C02718,T0038106,20.26
O006,C03242,T0039667,110.85
O002,C04516,T0035186,85.63
O013,C04141,T0050900,19.98
O013,C01398,T0076991,38.37
O007,C02762,T0034111,27.0
O015,C00063,T0031953,146.97
O007,C03118,T0026312,19.48
O016,C00751,T0020154,31.14
O007,C02597,T0057639,38.08
O018,C01714,T0033295,28.36
O007,C04701,T0050133,50.44
O004,C00483,T0078176,284.43
O009,C01676,T0003117,30.29
O006,C00784,T0066661,59.5
O003,C03258,T0044972,10.65
O002,C02959,T0058029,21.8
O020,C01625,T0079186,124.39
O007,C00637,T0046208,32.97
O014,C04380,T0010327,19.77
O019,C04243,T0064208,35.01
O002,C00770,T0021956,35.72
O018,C04871,T0043239,94.25
O009,C02637,T0062044,38.39
O003,C00529,T0063659,411.2
O009,C01488,T0059095,17.42
O008,C04333,T0029129,80.34
O007,C00513,T0020543,46.22
O017,C01818,T0068942,191.07
O009,C03732,T0051856,7.82
O006,C02953,T0018151,158.33
O010,C02051,T0039891,95.96
O002,C03749,T0079107,326.82
O004,C00627,T0041700,110.66
O001,C00362,T0006595,332.05
O001,C04903,T0049949,168.02
O004,C04815,T0036056,100.78
O003,C00705,T0039248,208.46
O011,C00100,T0033772,147.12
O003,C04670,T0096558,66.99
O016,C01205,T0033078,13.51
O020,C04098,T0031625,109.49
O003,C02740,T0062246,
O004,C04868,T0054151,131.45
O015,C03788,T0037251,24.55
O001,C00430,T0064155,56.32
O018,C04428,T0068198,102.84
O011,C04064,T0043802,109.07
O011,C00913,T0051246,58.67
O005,C01886,T0028416,30.3
O004,C04769,T0055422,70.12
O014,C00473,T0096084,79.15
O014,C02780,T0043924,10.23
O015,C03092,T0000441,28.61
O016,C01932,T0028771,27.28
O016,C02547,T0054376,3.99
O017,C04719,T0012460,121.41
O009,C02034,T0074682,6.38
O010,C01367,T0060800,50.36
O014,C01208,T0059857,25.37
O019,C02782,T0003071,40.37
O015,C00523,T0092975,16.98
O014,C02140,T0001843,7.26
O006,C01602,T0078757,116.56
O017,C03972,T0090513,200.78
O007,C02767,T0040006,94.55
O016,C04378,T0003228,74.04
O013,C04751,T0082531,159.32
O019,C01150,T0061960,125.77
O002,C04224,T0006140,81.1
O009,C04430,T0000709,50.44
O007,C01656,T0015921,39.74
O011,C02939,T0009041,256.42
O015,C03942,T0076253,165.11
O017,C01936,T0083278,133.0
O012,C04669,T0036721,46.62
O012,C03641,T0072096,205.08
O008,C00497,T0053853,577.75
O018,C02619,T0031721,38.61
O002,C01263,T0037223,25.23
O003,C03417,T0013344,117.33
O010,C04861,T0072778,109.55
O015,C04573,T0041982,71.75
O003,C03798,T0029924,35.72
O002,C03050,T0010772,71.02
O019,C04805,T0051834,24.7
O002,C03360,T0017064,34.5
O015,C03266,T0046251,51.69
O001,C01766,T0095433,114.71
O018,C01140,T0013972,148.59
O001,C01551,T0097535,95.58
O005,C04845,T0087564,50.05
O020,C03305,T0052712,41.17
O003,C02520,T0052292,551.21
O011,C01295,T0008743,42.38
O020,C02398,T0089187,87.22
O008,C03497,T0082290,215.37
O008,C00328,T0097205,20.01
O013,C03034,T0079223,26.26
O005,C00542,T0078016,136.3
O013,C01440,T0034666,45.47
O013,C03050,T0033608,47.35
O014,C00191,T0068316,12.96
O008,C03320,T0089125,197.95
O001,C03282,T0071724,448.76
O017,C01175,T0041978,71.96
O020,C00759,T0014254,150.67
O011,C04495,T0041648,931.76
O006,C02532,T0071610,151.13
O002,C04955,T0084734,88.12
O001,C00691,T0053728,517.48
O006,C00135,T0064748,806.76
O008,C02189,T0049050,25.8
O011,C04704,T0010446,369.23
O004,C00124,T0021722,41.23
O016,C02014,T0077432,13.38
O012,C04055,T0004636,105.47
O001,C04349,T0020211,143.24
O008,C00390,T0064941,37.64
O012,C00604,T0011840,378.22
O004,C04272,T0001953,70.45
O016,C04567,T0089591,16.3
O009,C02567,T0029193,80.29
O002,C00987,T0047224,52.73
O020,C01760,T0034895,22.7
O019,C04391,T0030881,27.38
O013,C04791,T0048941,36.21
O011,C00870,T0028664,64.22
O008,C02271,T0066505,294.61
O003,C04754,T0090538,104.34
O012,C03462,T0091935,75.52
O015,C00623,T0095166,48.71
O001,C03097,T0046663,102.59
O016,C01944,T0006854,534.38
O006,C03283,T0099756,74.94
O006,C01552,T0030109,105.78
O006,C03196,T0089250,33.58
O009,C04175,T0092991,19.53
O005,C00869,T0000124,552.04
O005,C00994,T0011191,40.45
O020,C03363,T0024725,36.22
O019,C02887,T0081935,220.09
O019,C00612,T0018989,176.11
O002,C00065,T0050719,30.89
O003,C02128,T0013059,21.59
O015,C03689,T0050365,17.07
O005,C01698,T0016927,61.55
O006,C02327,T0000860,138.12
O015,C01073,T0031154,27.22
O007,C01766,T0065892,114.93
O012,C01761,T0098224,42.23
O019,C00894,T0083469,31.72
O014,C02227,T0074064,38.52
O013,C01610,T0086836,29.29
O017,C01117,T0030552,81.07
O007,C02788,T0077230,72.41
O006,C01741,T0093910,25.56
O019,C01433,T0060197,119.74
O012,C01947,T0014570,82.0
O007,C04237,T0094167,36.16
O009,C02396,T0012552,13.77
O007,C04639,T0096358,14.8
O020,C02614,T0098890,421.12
O006,C01110,T0013380,102.84
O011,C01724,T0049500,40.61
O010,C04317,T0009708,97.52
O017,C03382,T0010156,59.9
O015,C04046,T0057552,22.83
O002,C00796,T0062021,14.38
O011,C02276,T0031979,189.61
O010,C04267,T0032026,85.72
O005,C01993,T0004249,220.22
O009,C01506,T0026728,112.17
O002,C04966,T0020289,31.7
O011,C02846,T0087826,47.57
O015,C01576,T0026750,102.63
O007,C04682,T0033600,8.1
O002,C00495,T0057917,68.52
O016,C01476,T0011999,58.48
O004,C01210,T0094494,97.47
O005,C02236,T0058117,37.73
O008,C03339,T0063105,55.31
O003,C04608,T0025557,174.91
O014,C00281,T0044715,91.32
O014,C04697,T0061165,50.46
O008,C00493,T0092605,54.83
O007,C04119,T0028641,32.54
O007,C01087,T0047710,38.67
O008,C01960,T0004655,359.41
O016,C04824,T0013168,27.65
O004,C00690,T0075830,25.34
O002,C00169,T0062697,97.07
O011,C03340,T0034148,107.65
O013,C04378,T0084600,141.29
O006,C01776,T0033319,136.27
O007,C04635,T0048600,10.44
O005,C04099,T0079748,52.11
O004,C02612,T0057979,124.94
O009,C00456,T0097454,48.46
O009,C01960,T0030731,27.72
O002,C00725,T0023652,30.89
O007,C00434,T0055643,14.78
O003,C03275,T0041206,16.34
O014,C01031,T0029420,12.41
O016,C02694,T0029551,272.57
O007,C00584,T0001286,25.28
O001,C02654,T0053503,261.17
O009,C01932,T0098835,38.2
O012,C02756,T0057925,48.2
O015,C04231,T0070002,39.19
O009,C00827,T0064179,69.22
O004,C03830,T0045554,153.1
O020,C01921,T0015313,71.82
O005,C01247,T0053277,29.04
O002,C00575,T0053170,17.1
O010,C02537,T0035907,61.63
O011,C01406,T0001263,11.54
O014,C01720,T0050774,71.03
O017,C00087,T0005171,173.55
O008,C00302,T0081901,112.13
O015,C04686,T0075281,250.99
O015,C00096,T0068768,40.88
O011,C04318,T0015768,39.02
O012,C04509,T0009104,364.59
O003,C03074,T0066328,81.19
O012,C02697,T0078435,47.05
O019,C00317,T0069981,108.01
O020,C00558,T0020431,89.97
O017,C01125,T0023830,67.67
O018,C01548,T0041087,20.76
O020,C04300,T0070672,424.97
O010,C04942,T0084785,182.48
O012,C00029,T0088555,162.35
O008,C03451,T0091245,615.85
O009,C03958,T0020540,3.3
O019,C01397,T0007953,84.65
O013,C04467,T0047383,117.55
O004,C04643,T0055460,143.2
O008,C04519,T0017946,131.94
O019,C02891,T0066936,25.38
O011,C04296,T0065913,58.26
O008,C04146,T0041942,56.25
O020,C02743,T0078615,59.12
O016,C04187,T0003585,81.02
O001,C02783,T0062393,394.14
O009,C02160,T0007814,6.38
O011,C00591,T0037901,36.25
O014,C00975,T0094649,9.91
O017,C01539,T0051146,111.53
O007,C04798,T0043339,16.34
O005,C02949,T0015363,82.23
O006,C03099,T0081927,270.52
O004,C02520,T0068633,150.35
O016,C02913,T0033110,28.1
O008,C00207,T0071071,243.42
O011,C02540,T0078990,54.21
O005,C04319,T0095260,146.67
O001,C04375,T0035857,562.23
O016,C04289,T0001534,7.99
O016,C01871,T0047857,53.55
O008,C01469,T0046866,59.48
O019,C02199,T0027973,24.67
O012,C03674,T0068543,98.35
O008,C00222,T0012205,53.33
O010,C04076,T0022687,317.14
O014,C03806,T0097700,53.36
O015,C01752,T0001267,519.73
O006,C02965,T0035733,258.87
O008,C04254,T0057021,87.46
O016,C01148,T0084451,8.14
O002,C01918,T0025981,40.35
O015,C01039,T0086261,384.56
O013,C00179,T0063372,41.28
O007,C04386,T0080391,59.89
O017,C02860,T0025283,33.05
O001,C03116,T0073628,26.04
O007,C02288,T0096490,26.41
O007,C02085,T0074131,21.87
O009,C04150,T0090959,10.18
O009,C04479,T0010255,57.02
O020,C03081,T0025844,112.39
O002,C03387,T0004650,40.17
O005,C03898,T0071810,110.54
O015,C00769,T0006602,104.95
O013,C00226,T0080023,77.55
O017,C03595,T0020226,160.43
O002,C03189,T0055142,354.58
O006,C04526,T0042676,81.15
O015,C00749,T0061157,70.33
O004,C04558,T0056993,52.67
O004,C00344,T0081100,259.11
O015,C00986,T0087165,38.11
O001,C04847,T0027149,1483.4
O013,C02126,T0094987,104.32
O001,C00500,T0051929,159.57
O003,C02886,T0081383,39.38
O007,C00901,T0013346,34.42
O016,C02359,T0084805,20.81
O005,C01829,T0092913,79.41
O002,C01222,T0078265,56.03
O020,C04982,T0083159,138.7
O002,C00225,T0014087,42.77
O018,C00564,T0089761,68.59
O003,C00627,T0099113,175.45
O016,C04891,T0006498,94.71
O017,C01789,T0067490,97.4
O004,C02974,T0007410,62.59
O003,C04123,T0021433,79.11
O001,C04043,T0021113,111.73
O018,C03108,T0014458,316.41
O016,C02833,T0073783,31.63
O006,C03466,T0015958,152.99
O020,C02745,T0002193,27.27
O006,C02780,T0000473,106.22
O002,C04401,T0013297,27.29
O005,C01625,T0081265,46.76
O003,C00247,T0035347,222.46
O015,C00500,T0051661,60.5
O008,C01250,T0084216,85.73
O008,C02145,T0043133,53.29
O012,C01164,T0021282,55.37
O018,C00487,T0056948,389.31
O020,C03529,T0017214,142.13
O018,C01813,T0026071,23.85
O017,C00578,T0050418,108.89
O015,C00823,T0054242,22.08
O002,C01259,T0058420,17.0
O019,C02516,T0027203,144.34
O013,C00924,T0016145,19.79
O013,C00769,T0035544,15.35
O011,C02318,T0042177,218.39
O020,C04592,T0058851,70.51
O004,C03582,T0094925,350.18
O018,C02949,T0041067,66.33
O012,C02187,T0098530,149.77
O015,C03163,T0054916,12.05
O003,C04533,T0084310,196.43
O017,C04177,T0013411,120.3
O010,C04128,T0025505,278.58
O006,C01719,T0070968,1342.62
O017,C01679,T0041337,167.21
O003,C04667,T0070539,127.78
O007,C03606,T0037203,34.02
O017,C02039,T0048391,93.85
O005,C03417,T0015052,140.72
O017,C00810,T0038702,326.8
O007,C04131,T0022184,26.87
O014,C02779,T0030980,21.41
O016,C01797,T0078062,13.33
O002,C00220,T0064769,96.59
O013,C02561,T0005104,27.28
O008,C00858,T0029084,463.83
O005,C02520,T0088707,352.88
O005,C04179,T0001114,38.94
O009,C02374,T0008238,18.13
O019,C02207,T0011017,22.43
O018,C04383,T0051129,138.27
O003,C04725,T0099066,51.6
O001,C00173,T0092126,49.81
O012,C01572,T0050950,111.98
O012,C03411,T0036586,125.85
O008,C04933,T0014677,243.35
O019,C04505,T0085599,396.62
O011,C04796,T0010816,172.83
O005,C02186,T0013646,122.65
O005,C04843,T0079386,50.59
O010,C02554,T0059264,116.32
O001,C01643,T0077997,911.74
O008,C01732,T0011280,45.77
O006,C04306,T0073718,215.69
O004,C03012,T0017423,251.64
O013,C00349,T0078513,44.99
O006,C03937,T0097662,1125.57
O014,C04087,T0024391,39.17
O009,C01137,T0008877,17.04
O013,C04682,T0041048,200.81
O009,C04406,T0044618,37.74
O014,C01556,T0024893,37.57
O017,C01687,T0072979,100.8
O001,C03693,T0038244,32.92
O005,C00216,T0063180,132.44
O013,C02002,T0073625,52.72
O005,C04160,T0033868,83.65
O017,C03364,T0029902,75.34
O002,C04349,T0033643,145.17
O019,C01909,T0083894,27.14
O014,C03573,T0096416,21.66
O007,C01968,T0010769,14.05
O010,C04431,T0087240,81.07
O008,C04648,T0006418,1011.63
O020,C04266,T0062799,30.51
O005,C01024,T0076008,668.16
O012,C01404,T0033552,42.13
O005,C02662,T0056119,456.62
O017,C01136,T0092565,129.13
O005,C00042,T0027548,120.39
O002,C04294,T0009343,32.28
O020,C01952,T0027033,169.97
O008,C04273,T0015590,90.61
O001,C01088,T0092877,22.81
O001,C02423,T0087533,93.28
O013,C00622,T0068650,35.57
O007,C00068,T0054061,13.97
O016,C02095,T0057610,44.64
O008,C04154,T0056862,504.74
O018,C01223,T0024927,27.67
O013,C04037,T0036061,265.31
O016,C03150,T0042240,10.34
O014,C03603,T0085911,13.33
O002,C02024,T0033858,129.78
O006,C04768,T0095726,84.04
O018,C02217,T0088211,21.47
O013,C04720,T0059902,16.53
O005,C02435,T0011033,120.46
O004,C04112,T0030325,112.49
O012,C04115,T0079353,198.44
O007,C02590,T0054009,15.55
O016,C03937,T0094808,100.79
O010,C02168,T0075913,222.35
O004,C04846,T0096728,701.82
O013,C00745,T0062286,194.73
O010,C04925,T0039587,96.73
O015,C01312,T0095420,63.32
O008,C02687,T0047230,184.28
O018,C00781,T0080066,84.64
O001,C04513,T0016324,57.07
O014,C01859,T0070955,18.48
O013,C02504,T0048952,128.01
O007,C00165,T0057475,27.14
O001,C04781,T0015415,195.03
O008,C03060,T0017532,185.01
O016,C04434,T0066026,307.54
O010,C01089,T0058885,53.62
O009,C02123,T0092046,95.27
O010,C00842,T0031870,510.04
O002,C00508,T0073228,160.16
O012,C01520,T0057547,749.39
O001,C04484,T0068615,643.36
O003,C00061,T0024305,268.39
O011,C00053,T0094105,56.13
O004,C01989,T0015316,261.5
O009,C00398,T0006890,20.92
O018,C02982,T0077240,50.5
O005,C03146,T0054085,136.57
O019,C03031,T0079778,53.49
O009,C02853,T0019220,20.44
O012,C01110,T0034229,63.74
O004,C01574,T0095334,45.39
O017,C03124,T0077923,102.16
O013,C02125,T0012172,28.11
O010,C04534,T0088775,41.61
O006,C04092,T0016180,39.85
O015,C00755,T0058993,24.81
O011,C04774,T0088390,347.52
O013,C02999,T0086391,25.1
O019,C02921,T0075788,69.23
O020,C00686,T0094547,145.12
O018,C02156,T0064335,34.88
O007,C03853,T0011003,16.03
O005,C02979,T0091582,65.48
O002,C04917,T0024891,9.8
O020,C00408,T0007634,12.27
O013,C04157,T0037544,173.77
O016,C04857,T0001673,12.7
O017,C03221,T0047595,52.14
O018,C02393,T0095139,54.05
O009,C01143,T0069737,21.78
O006,C04983,T0020486,96.37
O007,C02817,T0003844,62.85
O011,C01027,T0005840,697.34
O004,C04226,T0006351,60.76
O012,C04019,T0081639,164.88
O010,C02329,T0052688,70.44
O001,C00365,T0095198,122.87
O008,C01196,T0089537,276.51
O011,C04550,T0045881,73.77
O001,C02985,T0039476,37.06
O019,C03269,T0074303,54.23
O013,C04476,T0047749,116.87
O008,C00998,T0088938,722.94
O010,C03999,T0021473,250.34
O018,C03588,T0004251,143.72
O013,C01952,T0084105,182.29
O015,C00505,T0070605,187.67
O014,C00307,T0039880,117.61
O004,C02027,T0055888,89.29
O011,C00526,T0000769,119.45
O009,C03526,T0056635,4.88
O001,C04684,T0043536,278.58
O006,C02580,T0012901,67.72
O015,C01126,T0045392,94.03
O004,C02202,T0030004,158.47
O008,C02254,T0034334,235.57
O013,C00176,T0028106,95.82
O015,C02780,T0030896,12.89
O012,C02602,T0039161,107.51
O016,C04500,T0056693,18.74
O014,C04526,T0003545,22.8
O001,C04384,T0004912,41.86
O009,C01879,T0072997,31.83
O013,C03230,T0012939,62.55
O020,C03066,T0029298,252.07
O005,C04110,T0078366,172.86
O003,C03482,T0052769,39.69
O003,C02257,T0062148,467.42
O001,C04917,T0045275,291.25
O018,C03118,T0041768,100.11
O018,C02261,T0033537,76.07
O009,C02238,T0059931,11.49
O001,C01166,T0095814,284.69
O008,C03630,T0043129,136.45
O003,C03770,T0038253,37.32
O011,C02892,T0067133,62.41
O002,C00867,T0006605,70.91
O014,C04836,T0026075,16.22
O012,C03527,T0079320,
O009,C02041,T0047397,21.97
O004,C01293,T0013842,281.15
O011,C04185,T0069730,79.1
O009,C01990,T0010901,10.71
O009,C00456,T0040742,13.64
O002,C02523,T0066867,24.5
O020,C02790,T0043537,146.97
O010,C01450,T0077393,25.17
O003,C01462,T0039698,16.26
O004,C01208,T0052396,163.71
O017,C02121,T0090817,106.28
O017,C02294,T0014815,110.39
O017,C00446,T0014438,99.95
O010,C01525,T0039785,48.79
O014,C02447,T0034495,5.59
O010,C04022,T0059043,82.76
O012,C03404,T0077018,298.4
O010,C00906,T0080943,112.09
O007,C00975,T0056230,23.22
O008,C02508,T0091045,137.05
O017,C04839,T0016391,94.37
O005,C02409,T0051001,110.55
O019,C02567,T0042678,231.51
O004,C04604,T0044675,44.62
O016,C03313,T0087909,19.87
O001,C00167,T0046517,82.15
O012,C00362,T0067389,101.54
O002,C01662,T0053160,15.42
O002,C00973,T0021608,24.31
O001,C00870,T0022117,698.84
O016,C02559,T0050033,14.25
O004,C02850,T0092575,103.7
O005,C00793,T0046336,346.6
O006,C02912,T0024600,188.66
O005,C01566,T0005318,106.29
O013,C03042,T0094229,21.92
O016,C00777,T0031379,10.38
O011,C01878,T0013469,147.7
O013,C04494,T0071486,240.19
O009,C00332,T0013349,42.19
O011,C03695,T0037094,31.48
O001,C04697,T0029615,260.21
O009,C03030,T0045004,25.6
O014,C02199,T0079451,21.61
O007,C04079,T0040153,35.18
O002,C03051,T0088290,31.62
O008,C01082,T0007669,22.81
O007,C02909,T0006368,15.89
O020,C00788,T0090724,103.14
O002,C00253,T0011377,17.91
O010,C03189,T0032007,83.82
O010,C03477,T0072195,119.24
O017,C02179,T0052399,284.02
O002,C00300,T0051195,47.81
O014,C00232,T0090281,18.23
O003,C01371,T0086185,206.73
O007,C03213,T0008277,68.77
O006,C03216,T0052647,34.26
O003,C03713,T0083853,79.89
O001,C01457,T0023050,54.01
O003,C01069,T0090969,30.58
O016,C01133,T0080809,11.85
O001,C03107,T0048040,78.07
O001,C03911,T0051470,1015.3
O006,C01418,T0035007,271.32
O011,C02856,T0068767,77.17
O005,C02942,T0098065,256.38
O012,C00186,T0077661,40.37
O017,C00910,T0074597,45.72
O002,C01024,T0014273,77.46
O007,C01592,T0002380,66.31
O006,C03636,T0077807,53.54
O015,C02089,T0016170,46.98
O003,C00962,T0028820,326.37
O017,C04608,T0057008,65.26
O001,C01305,T0099664,251.35
O014,C03756,T0012633,87.03
O018,C03038,T0056084,93.64
O014,C04848,T0097911,9.59
O004,C04864,T0070010,78.02
O004,C03301,T0045669,50.01
O010,C01236,T0016585,198.79
O015,C00831,T0065749,60.23
O003,C04654,T0085440,144.23
O012,C03392,T0012765,56.43
O019,C04857,T0067116,18.37
O015,C03128,T0041512,11.19
O001,C03928,T0027712,167.77
O020,C02774,T0081415,326.16
O008,C02329,T0041291,330.33
O003,C01926,T0047570,27.43
O010,C01827,T0096060,105.68
O002,C03920,T0018838,11.53
O017,C01237,T0092945,173.38
O015,C04491,T0080603,44.37
O009,C02309,T0079296,103.52
O007,C02981,T0072900,20.72
O011,C01354,T0073021,100.26
O008,C00463,T0086043,125.21
O017,C04460,T0052144,884.36
O002,C04837,T0048722,4.77
O013,C03285,T0037595,92.46
O017,C01662,T0099263,37.57
O013,C04334,T0027672,73.49
O002,C04725,T0020299,142.0
O019,C01302,T0021429,67.95
O008,C02549,T0029249,57.66
O018,C00984,T0013641,182.77
O002,C04374,T0030296,30.19
O001,C00933,T0065335,82.68
O001,C02588,T0090096,21.59
O007,C04943,T0062241,40.0
O006,C02672,T0078649,55.69
O017,C02952,T0012993,201.15
O019,C04079,T0008647,446.77
O016,C04184,T0035012,60.63
O018,C01486,T0083671,130.64
O011,C03630,T0017464,90.21
O012,C04045,T0019670,111.24
O020,C04379,T0041977,169.64
O017,C04608,T0051569,295.47
O008,C03298,T0050644,59.73
O018,C00130,T0061923,69.3
O007,C02413,T0067071,59.8
O015,C01278,T0015269,26.02
O015,C01716,T0090047,38.49
O003,C00023,T0013812,34.65
O010,C00454,T0000631,115.41
O006,C03505,T0066064,126.53
O009,C00771,T0005288,14.19
O003,C03873,T0066319,52.84
O016,C04914,T0076855,107.63
O015,C03173,T0083834,243.24
O017,C04011,T0097736,37.28
O011,C02250,T0009867,182.77
O009,C01776,T0042400,51.75
O020,C02771,T0031734,151.0
O020,C02197,T0070805,139.91
O013,C03443,T0029980,27.33
O018,C00916,T0090693,115.96
O015,C01447,T0082582,27.7
O016,C02417,T0048546,36.28
O018,C01101,T0054270,124.52
O013,C04234,T0002702,180.45
O011,C03833,T0083673,49.66
O006,C03686,T0044924,389.18
O005,C03247,T0027496,88.75
O007,C03085,T0064979,16.42
O013,C00007,T0038335,41.8
O016,C01278,T0081997,74.59
O010,C04714,T0006957,68.61
O017,C01405,T0089447,224.95
O013,C01849,T0009452,189.79
O008,C04030,T0048554,146.96
O002,C01921,T0059883,22.49
O006,C04943,T0029438,916.48
O020,C04475,T0086738,157.24
O005,C00100,T0009737,28.04
O006,C02559,T0063825,110.6
O015,C04348,T0025606,28.98
O014,C02821,T0001256,11.42
O006,C02417,T0080597,448.16
O009,C03779,T0031380,65.62
O003,C03420,T0077364,23.15
O018,C01914,T0097143,40.02
O012,C01021,T0086314,204.84
O014,C02627,T0077100,27.57
O009,C04137,T0003770,16.31
O006,C01665,T0088372,209.68
O008,C00258,T0002986,143.86
O017,C02114,T0056021,68.51
O016,C02276,T0058497,188.17
O010,C00677,T0059425,610.38
O008,C01348,T0082272,160.78
O015,C00943,T0080548,89.33
O003,C02237,T0048512,200.17
O019,C01764,T0088699,107.87
O001,C04256,T0080922,56.11
O002,C01480,T0039160,26.49
O002,C04268,T0034204,151.33
O008,C03900,T0037057,294.73
O013,C00271,T0005433,113.22
O020,C00025,T0047406,90.1
O009,C03544,T0077532,15.47
O013,C01542,T0035228,39.24
O001,C02928,T0070174,83.28
O002,C00452,T0054414,353.19
O003,C03446,T0036556,36.07
O001,C04115,T0028290,50.6
O017,C00506,T0049652,311.93
O004,C02108,T0069186,198.64
O004,C03696,T0066680,111.96
O006,C04565,T0081482,153.93
O012,C00472,T0089010,55.37
O005,C01485,T0022649,237.37
O017,C02796,T0032933,700.56
O013,C02084,T0031265,338.44
O004,C00309,T0053822,80.65
O008,C02249,T0021135,39.24
O007,C02430,T0067646,53.6
O009,C02340,T0097302,14.06
O016,C01623,T0063715,145.72
O004,C01141,T0044734,61.67
O003,C01594,T0035035,590.51
O001,C02689,T0044051,53.69
O013,C01607,T0091418,49.0
O013,C04741,T0043337,29.91
O009,C04160,T0088508,20.77
O007,C02995,T0046675,21.77
O003,C01563,T0067685,52.65
O012,C01203,T0039572,38.37
O006,C03741,T0090017,99.83
O018,C03323,T0023601,147.41
O013,C04607,T0049744,129.05
O016,C00280,T0021811,33.89
O015,C03131,T0023641,42.82
O002,C04640,T0041841,41.48
O014,C00431,T0077904,126.96
O019,C03660,T0061961,19.58
O012,C04610,T0075283,120.12
O001,C04289,T0082438,89.09
O011,C03421,T0097503,63.99
O008,C03216,T0054592,213.96
O015,C01136,T0040250,18.37
O002,C02477,T0064200,24.18
O019,C00629,T0018753,60.42
O018,C03802,T0032230,44.19
O016,C02777,T0097493,20.04
O006,C03725,T0012165,197.43
O010,C00139,T0050162,166.29
O011,C00435,T0038872,45.65
O003,C00011,T0044765,20.47
O020,C00423,T0031544,18.59
O004,C02972,T0093293,12.43
O005,C02459,T0012844,34.51
O018,C00798,T0004691,33.95
O011,C02750,T0076925,43.17
O001,C01751,T0044274,387.83
O012,C04675,T0000193,187.39
O020,C01842,T0090674,171.67
O005,C01523,T0038971,455.07
O003,C04282,T0069445,35.15
O002,C04449,T0047605,41.82
O016,C03973,T0095667,11.84
O017,C01528,T0017501,112.89
O016,C02034,T0030976,19.08
O004,C00615,T0015546,45.78
O004,C02265,T0067956,64.03
O007,C00839,T0073443,46.42
O002,C00535,T0084868,83.81
O015,C03054,T0007041,22.26
O020,C03272,T0068803,76.57
O011,C01772,T0060032,115.18
O009,C04138,T0048886,74.78
O002,C00799,T0098589,14.7
O017,C02306,T0013770,115.94
O013,C00427,T0079608,242.59
O017,C01727,T0090837,82.3
O017,C00919,T0068774,59.92
O003,C04003,T0054850,98.2
O004,C04035,T0073420,44.47
O013,C01902,T0067770,273.91
O018,C02225,T0027057,31.77
O016,C03335,T0009459,14.22
O019,C01415,T0052627,65.98
O020,C02195,T0084262,150.9
O018,C04294,T0091842,183.56
O011,C00471,T0094113,88.89
O019,C04701,T0088032,50.6
O015,C04049,T0034002,30.32
O013,C00906,T0061866,52.67
O009,C00991,T0081110,19.34
O014,C01891,T0026359,6.03
O008,C02369,T0017653,21.13
O004,C03376,T0036210,32.63
O009,C03023,T0031141,30.04
O006,C03878,T0034914,63.04
O016,C02763,T0000658,31.11
O012,C00044,T0076399,542.55
O002,C01319,T0096501,7.29
O008,C03406,T0064635,45.31
O009,C02563,T0096861,19.08
O008,C02945,T0094085,94.04
O018,C02731,T0055060,182.88
O013,C04133,T0095461,64.82
O013,C03069,T0062975,42.15
O005,C01944,T0060149,51.96
O008,C01839,T0023277,454.66
O008,C02176,T0043464,51.3
O012,C02929,T0093085,198.08
O014,C04608,T0080960,6.98
O002,C01226,T0074102,20.99
O012,C02440,T0023694,1730.58
O011,C04260,T0061742,80.47
O019,C01087,T0047107,293.23
O017,C02079,T0091571,75.91
O007,C04457,T0065637,66.24
O012,C01253,T0046490,27.55
O020,C04525,T0073205,371.34
O008,C00083,T0093175,229.18
O008,C01976,T0016670,1303.16
O001,C01422,T0013568,126.07
O001,C02951,T0068149,22.5
O006,C04269,T0040718,224.89
O013,C03405,T0005910,39.91
O011,C01340,T0061019,46.7
O005,C00516,T0050808,40.26
O017,C00039,T0001481,90.54
O001,C03587,T0050709,224.87
O015,C03759,T0035660,25.9
O006,C02833,T0047478,43.64
O019,C04618,T0090911,17.71
O014,C01489,T0098862,25.26
O007,C04590,T0028118,23.21
O002,C01627,T0036372,88.29
O014,C04998,T0087773,95.58
O009,C03123,T0072505,22.59
O005,C02155,T0056863,57.0
O011,C03235,T0051754,61.83
O018,C02750,T0002429,23.24
O015,C02986,T0069407,201.27
O019,C03699,T0036665,10.69
O008,C01248,T0096065,96.86
O001,C04738,T0062841,17.88
O005,C02839,T0061261,325.62
O016,C03615,T0061758,2.84
O007,C04244,T0007346,208.16
O019,C01074,T0050083,89.07
O002,C04444,T0062234,40.42
O003,C01800,T0072475,162.23
O016,C00801,T0023782,12.34
O009,C03643,T0086784,39.98
O020,C03529,T0031119,144.96
O018,C03562,T0040542,129.92
O002,C01031,T0057491,356.53
O001,C00516,T0012661,866.43
O003,C00751,T0073239,24.77
O002,C04150,T0087651,48.78
O001,C00972,T0003143,49.34
O008,C03412,T0004288,80.77
O006,C03112,T0028910,142.07
O019,C00061,T0039771,32.26
O012,C03212,T0004533,128.94
O010,C00056,T0047787,140.26
O013,C04203,T0003560,14.75
O012,C00343,T0016519,21.93
O018,C04853,T0028764,124.87
O001,C04285,T0097637,79.01
O005,C00824,T0034574,77.6
O002,C03154,T0069792,88.31
O017,C04215,T0093209,78.23
O018,C04326,T0017947,295.65
O013,C01543,T0014755,59.91
O018,C01441,T0030202,30.36
O019,C02974,T0086549,124.26
O008,C02548,T0096782,54.52
O002,C03177,T0045915,18.87
O004,C01073,T0020931,1265.73
O010,C03420,T0046616,33.14
O013,C01303,T0081975,49.55
O015,C04665,T0069037,49.54
O015,C02220,T0048662,65.69
O002,C02778,T0096995,67.8
O006,C02151,T0068653,417.62
O020,C00231,T0091733,30.86
O019,C00347,T0046337,48.0
O005,C00234,T0017065,69.28
O019,C03466,T0059543,198.83
O003,C03597,T0067284,69.36
O017,C03617,T0051871,474.13
O020,C02450,T0040362,129.17
O011,C00370,T0039797,47.45
O006,C02701,T0025860,120.68
O001,C04527,T0039091,208.56
O013,C02465,T0092231,23.04
O008,C02406,T0052284,102.46
O008,C01860,T0066886,103.54
O009,C00366,T0072214,9.68
O020,C02520,T0070942,44.75
O006,C04982,T0085106,72.5
O006,C00285,T0028472,30.35
O005,C03062,T0003864,635.19
O009,C03606,T0060771,10.81
O016,C02084,T0095230,13.97
O006,C03056,T0082831,110.5
O018,C02806,T0014385,97.54
O015,C02268,T0079466,116.39
O008,C04592,T0054238,195.91
O006,C02716,T0007349,438.68
O020,C02773,T0034199,67.2
O015,C03320,T0000009,9.93
O020,C04735,T0003207,103.65
O013,C00285,T0033346,26.97
O017,C03072,T0037710,53.16
O016,C02165,T0060096,50.79
O009,C03294,T0022488,223.25
O016,C00647,T0039892,42.45
O002,C01821,T0007261,103.57
O001,C00517,T0096336,149.72
O011,C00278,T0031177,126.58
O005,C03019,T0028852,375.6
O013,C02438,T0099047,30.16
O007,C02325,T0075946,10.67
O019,C00071,T0035370,71.67
O012,C00555,T0060380,28.85
O011,C00267,T0037277,53.49
O003,C00462,T0097690,95.05
O004,C02196,T0080515,95.94
O020,C01594,T0040182,142.3
O004,C04081,T0063837,150.21
O020,C02581,T0009322,252.18
O019,C01659,T0039204,11.93
O009,C02191,T0032400,22.4
O002,C01246,T0011786,244.02
O013,C01879,T0018399,66.02
O007,C01715,T0029769,38.74
O009,C00240,T0074483,14.68
O011,C00743,T0001444,78.18
O005,C00591,T0090666,32.93
O002,C03759,T0045347,487.18
O005,C02966,T0070224,22.44
O014,C04606,T0091367,108.0
O006,C02539,T0025996,181.04
O004,C03498,T0054624,18.53
O010,C02321,T0047893,52.29
O010,C01374,T0072826,658.66
O005,C03626,T0099289,83.04
O006,C01832,T0059837,180.39
O008,C04125,T0056521,75.2
O014,C02999,T0065616,24.69
O015,C00370,T0020575,60.7
O001,C02516,T0067607,413.6
O001,C03176,T0043732,32.88
O004,C01183,T0019162,44.92
O001,C04605,T0007697,509.46
O010,C01389,T0011551,294.61
O008,C02067,T0008899,83.14
O010,C01598,T0065733,301.46
O015,C04984,T0036553,49.05
O018,C02202,T0048326,47.58
O001,C04302,T0093031,134.99
O011,C04961,T0072947,20.61
O013,C00240,T0004043,155.15
O009,C00973,T0096707,35.97
O014,C04351,T0022177,46.71
O010,C01809,T0053960,38.07
O012,C00141,T0087400,27.03
O018,C02116,T0040931,36.71
O008,C00113,T0049233,1573.03
O004,C03834,T0056842,175.51
O008,C01207,T0005931,139.3
O017,C03838,T0050415,118.36
O001,C04768,T0049156,187.07
O014,C04321,T0053936,4.63
O008,C00312,T0003563,300.75
O010,C02118,T0087204,62.19
O003,C00484,T0097548,55.62
O002,C03016,T0049814,77.83
O015,C04474,T0080096,70.93
O009,C00250,T0005896,19.94
O006,C02024,T0093261,276.44
O014,C02217,T0085849,49.98
O020,C02038,T0027562,492.58
O003,C03248,T0096102,180.92
O014,C01268,T0018062,42.51
O006,C04046,T0090383,95.84
O010,C02311,T0011655,155.29
O003,C00847,T0070794,30.35
O020,C03378,T0092286,108.8
O004,C00987,T0057705,56.44
O015,C01170,T0078173,53.37
O001,C00166,T0018476,75.4
O009,C02186,T0022596,15.08
O017,C00929,T0095196,39.89
O020,C01529,T0027485,232.23
O013,C00781,T0028537,23.34
O016,C01834,T0063160,62.76
O011,C04069,T0010527,46.06
O014,C00404,T0035847,20.07
O015,C02504,T0082849,7.36
O006,C02181,T0042293,454.55
O010,C00318,T0078294,124.78
O005,C03983,T0075633,205.67
O005,C02518,T0069322,1462.53
O012,C00851,T0085298,28.83
O002,C04646,T0027488,25.34
O010,C04785,T0045968,77.41
O004,C01725,T0094306,140.67
O004,C03593,T0008693,119.79
O004,C02413,T0004424,52.6
O008,C02795,T0048159,58.68
O013,C00180,T0034287,99.63
O016,C04974,T0026243,68.07
O007,C03874,T0009724,17.07
O003,C01182,T0069188,97.6
O020,C02982,T0012306,101.21
O002,C03799,T0035290,49.77
O011,C04257,T0028639,296.65
O011,C01938,T0091271,79.12
O003,C02600,T0070112,25.0
O020,C02578,T0069424,49.54
O004,C03606,T0028486,45.14
O019,C02710,T0013166,19.75
O010,C04982,T0078346,154.86
O015,C02467,T0066276,13.91
O008,C01005,T0055090,58.73
O001,C00911,T0045592,99.17
O020,C01737,T0092418,106.31
O009,C01628,T0016631,14.52
O007,C01206,T0072608,24.78
O010,C04590,T0049395,200.61
O002,C00618,T0092592,21.3
O017,C00101,T0017208,533.62
O019,C02595,T0039694,280.72
O005,C03906,T0000493,20.78
O001,C04761,T0092498,75.05
O010,C00604,T0062847,45.53
O009,C04908,T0061194,17.84
O007,C01050,T0020849,25.26
O020,C02903,T0018313,408.61
O012,C03398,T0016082,74.49
O017,C01923,T0093354,84.14
O012,C03893,T0012759,62.8
O003,C00744,T0087300,18.58
O003,C02657,T0090626,4.89
O016,C04302,T0076028,21.05
O008,C00019,T0079323,240.75
O002,C04305,T0087152,6.61
O007,C01795,T0074750,28.3
O015,C02912,T0010973,35.73
O008,C01646,T0086172,52.05
O005,C02856,T0092451,1064.9
O015,C04185,T0050153,39.96
O003,C01418,T0099665,154.78
O012,C03691,T0004841,256.28
O016,C02027,T0089515,28.18
O008,C00916,T0021513,422.51
O012,C02928,T0064461,1564.1
O007,C01593,T0096699,19.37
O013,C04314,T0066507,9.22
O013,C04145,T0017166,47.21
O009,C00293,T0009942,20.92
O014,C04367,T0034801,92.03
O015,C02578,T0033551,26.72
O014,C00092,T0077258,59.21
O005,C02895,T0023851,199.08
O003,C04266,T0091526,78.16
O009,C02174,T0043031,148.69
O014,C02229,T0092855,9.16
O013,C02108,T0053724,50.91
O005,C03262,T0066553,70.37
O006,C02302,T0007791,481.57
O014,C02538,T0094581,20.37
O012,C00465,T0023849,2817.67
O019,C02790,T0096747,89.44
O015,C01014,T0087481,37.0
O001,C04064,T0037630,115.65
O019,C02937,T0066748,52.06
O020,C01565,T0052156,64.77
O019,C02011,T0077353,31.66
O016,C04219,T0026694,13.15
O019,C00540,T0058006,65.79
O018,C03610,T0075534,27.04
O006,C03443,T0041167,177.19
O007,C03137,T0024564,166.45
O002,C00213,T0063697,10.19
O001,C04662,T0054804,47.9
O008,C00069,T0038251,47.24
O012,C00952,T0025923,10.79
O005,C03845,T0035224,244.85
O018,C03559,T0010806,347.64
O017,C03552,T0064720,46.27
O005,C04442,T0085790,44.02
O006,C03819,T0068153,31.77
O005,C03808,T0093589,96.66
O019,C03782,T0031943,64.59
O005,C04472,T0052127,54.17
O009,C01811,T0074632,4.56
O007,C01461,T0012375,49.64
O012,C00614,T0049076,106.82
O017,C04409,T0063138,242.99
O012,C04321,T0019612,1170.34
O003,C01445,T0025608,38.42
O014,C04849,T0094916,26.15
O016,C00208,T0003584,22.16
O019,C02428,T0008565,58.69
O009,C03741,T0033648,50.66
O003,C00762,T0034953,58.4
O014,C02930,T0077401,52.15
O006,C02183,T0093726,57.14
O012,C02869,T0096223,613.58
O003,C01190,T0024404,39.33
O018,C03406,T0064701,33.62
O020,C02653,T0074084,93.25
O013,C02711,T0060113,26.65
O009,C04128,T0042133,22.13
O005,C01834,T0087159,221.73
O018,C02345,T0086893,316.79
O018,C02251,T0069913,94.7
O014,C02234,T0061846,72.05
O016,C00869,T0045297,93.34
O018,C03280,T0054035,370.77
O009,C01019,T0041797,11.54
O003,C00136,T0096642,177.14
O005,C03552,T0027036,61.1
O005,C02555,T0020663,426.35
O011,C00228,T0058705,297.31
O011,C02108,T0063949,67.37
O003,C00810,T0085034,54.34
O018,C03506,T0060242,64.29
O001,C03599,T0009752,54.98
O005,C04945,T0021306,62.96
O015,C03215,T0030728,220.58
O007,C01399,T0031725,70.2
O003,C04322,T0077933,299.3
O005,C00430,T0050490,157.01
O017,C03946,T0080724,234.11
O017,C02130,T0016987,331.51
O020,C02200,T0000239,67.22
O004,C04434,T0090913,72.0
O016,C04467,T0074661,5.51
O019,C03015,T0019103,62.85
O018,C00026,T0005586,46.19
O010,C02455,T0064882,187.91
O011,C00208,T0024014,102.17
O005,C04401,T0072791,823.28
O013,C03076,T0049906,40.58
O017,C03389,T0040267,109.15
O013,C00487,T0064546,151.69
O016,C00498,T0003725,48.47
O013,C03103,T0004098,40.58
O015,C01679,T0009834,30.17
O005,C02469,T0085446,41.52
O002,C00646,T0001682,72.19
O014,C04126,T0050185,28.24
O017,C04378,T0058577,68.37
O010,C04367,T0016448,91.91
O008,C01177,T0073844,118.13
O012,C04692,T0072356,54.16
O014,C02947,T0075025,32.09
O007,C04280,T0020206,21.42
O018,C01015,T0000992,216.67
O006,C04131,T0076330,188.12
O005,C04436,T0073090,72.74
O018,C04878,T0065174,17.47
O003,C02539,T0050160,119.07
O014,C03622,T0085899,15.4
O011,C04499,T0029858,46.59
O008,C00727,T0077513,62.86
O006,C02564,T0021064,40.36
O005,C01756,T0037417,54.49
O013,C02956,T0067958,13.19
O017,C00908,T0003239,44.03
O012,C00625,T0047834,84.94
O012,C01616,T0093139,149.92
O011,C00937,T0088036,172.79
O011,C00028,T0029688,83.86
O011,C04081,T0002317,55.22
O001,C03876,T0003488,26.88
O018,C03446,T0027772,720.56
O008,C00542,T0013636,157.83
O011,C03214,T0009756,49.45
O010,C01597,T0096690,180.99
O006,C04992,T0074334,77.43
O015,C02240,T0018802,14.33
O005,C00764,T0092007,147.32
O004,C01680,T0070387,185.71
O005,C01136,T0047779,40.53
O015,C00309,T0071577,45.06
O006,C03835,T0035385,68.14
O013,C02955,T0010448,113.9
O014,C01849,T0075206,15.56
O016,C03690,T0092603,42.35
O017,C01270,T0080175,33.47
O010,C01964,T0074014,156.88
O002,C03463,T0006210,74.01
O013,C00276,T0032235,155.41
O014,C01536,T0075067,40.77
O001,C01331,T0017518,389.28
O018,C03870,T0045628,98.35
O007,C03086,T0076312,21.82
O015,C01061,T0065560,46.58
O012,C04608,T0078744,59.12
O008,C03510,T0008260,52.08
O019,C03914,T0060986,79.16
O006,C01163,T0003759,162.68
O011,C00462,T0086023,180.86
O007,C04689,T0009952,18.65
O001,C03332,T0084191,499.64
O007,C00620,T0005546,180.12
O013,C01269,T0082543,23.59
O001,C00069,T0041517,110.82
O005,C00259,T0035254,69.25
O016,C03055,T0077067,48.18
O007,C03419,T0090668,47.71
O010,C04384,T0066446,112.52
O018,C01185,T0078389,11.27
O005,C03016,T0065986,266.87
O018,C04494,T0034636,172.63
O006,C02465,T0024425,172.95
O014,C04491,T0001057,27.86
O004,C04570,T0078846,179.39
O011,C01967,T0055025,42.1
O009,C04545,T0009537,8.61
O013,C03751,T0062389,270.0
O018,C00960,T0096556,69.52
O004,C04255,T0020410,101.14
O012,C01953,T0001935,178.41
O010,C03160,T0013532,398.21
O019,C01443,T0052932,43.47
O016,C00880,T0053485,20.61
O004,C02163,T0069943,47.97
O008,C00133,T0092788,154.74
O004,C01024,T0043962,247.11
O010,C04360,T0062829,38.0
O017,C03507,T0064445,85.45
O008,C01191,T0099193,121.77
O008,C02807,T0007933,35.32
O017,C01674,T0009376,172.12
O020,C01631,T0081983,1136.2
O019,C02192,T0009725,200.96
O013,C00943,T0057132,43.32
O005,C00290,T0018380,154.38
O002,C01862,T0081042,47.79
O010,C01524,T0048859,104.67
O019,C04258,T0028255,72.62
O020,C02519,T0025852,118.18
O006,C02332,T0023173,170.13
O002,C04565,T0003343,66.15
O018,C02654,T0082373,52.45
O017,C00787,T0045539,67.84
O013,C00975,T0061835,28.12
O002,C01213,T0062261,34.83
O006,C04623,T0044716,65.18
O017,C04011,T0035180,17.38
O002,C03862,T0072056,29.11
O006,C00713,T0020810,75.47
O002,C04170,T0052577,37.59
O013,C01449,T0003498,74.38
O017,C01244,T0051740,76.45
O020,C01096,T0094129,65.58
O005,C00655,T0074137,45.17
O020,C02876,T0013452,109.01
O019,C00239,T0002309,375.3
O009,C00078,T0019832,12.44
O004,C03249,T0046449,120.46
O003,C00228,T0036578,189.91
O010,C01836,T0008571,19.94
O003,C01825,T0067476,281.87
O014,C03433,T0049556,76.52
O019,C01019,T0022787,34.23
O008,C03312,T0018421,26.38
O011,C00823,T0004682,112.62
O015,C03860,T0019721,175.38
O004,C01765,T0026825,23.4
O009,C01453,T0076559,14.82
O018,C00103,T0084480,221.42
O006,C02029,T0066223,33.17
O014,C03136,T0078279,9.59
O014,C00115,T0095680,13.7
O010,C04117,T0055651,352.18
O009,C00882,T0088639,10.85
O015,C00603,T0032063,68.68
O013,C02930,T0022403,18.99
O003,C03754,T0001091,617.54
O011,C03841,T0063139,188.2
O017,C02908,T0050479,40.33
O017,C01494,T0000242,156.37
O009,C00918,T0057473,13.36
O013,C02099,T0052355,96.62
O019,C01201,T0086038,29.28
O015,C00648,T0007464,105.6
O010,C01091,T0098859,37.67
O019,C02238,T0089269,31.51
O015,C03423,T0042986,112.12
O002,C01580,T0062559,23.94
O016,C04655,T0073571,79.59
O017,C00803,T0046776,469.03
O017,C00720,T0099826,56.15
O018,C02641,T0020735,70.38
O015,C02312,T0026959,153.98
O007,C04806,T0099267,84.34
O005,C02303,T0070058,31.84
O016,C01661,T0019353,52.15
O004,C01933,T0097667,
O012,C02222,T0029052,198.68
O010,C02762,T0079934,24.33
O005,C02398,T0002709,148.58
O018,C04846,T0061242,65.91
O013,C00120,T0089155,42.21
O003,C03812,T0060108,17.46
O004,C02190,T0025062,116.8
O006,C04321,T0027910,501.61
O017,C01545,T0000767,143.14
O014,C03673,T0005824,11.83
O011,C02215,T0027862,77.88
O001,C01814,T0003041,117.33
O009,C00795,T0025405,12.62
O006,C02220,T0018435,188.01
O018,C04337,T0039439,66.2
O020,C02117,T0066940,311.5
O012,C04678,T0053764,125.66
O009,C04065,T0069326,22.01
O005,C03071,T0076467,55.5
O010,C04778,T0084897,85.7
O015,C01840,T0053369,74.16
O015,C04502,T0006946,54.03
O018,C00737,T0008379,79.87
O012,C03652,T0083713,134.68
O013,C03854,T0012187,200.94
O010,C03326,T0099978,32.19
O015,C01852,T0029119,62.34
O001,C02045,T0046326,185.22
O008,C01199,T0082972,49.95
O015,C03197,T0039996,52.32
O009,C02673,T0045364,36.6
O019,C01438,T0023958,40.1
O007,C02086,T0024266,24.2
O019,C00248,T0077163,116.15
O019,C03980,T0004321,23.05
O012,C04061,T0040230,229.06
O006,C00209,T0035922,32.7
O003,C02366,T0012863,197.37
O006,C02296,T0043669,13.26
O013,C04950,T0042059,58.37
O004,C03446,T0090152,231.67
O005,C02749,T0016665,55.91
O007,C03279,T0058080,30.75
O004,C01192,T0080200,64.8
O018,C03374,T0090863,415.51
O019,C04100,T0067233,83.61
O017,C04231,T0014001,293.17
O001,C02256,T0002673,23.91
O020,C03286,T0073999,28.67
O006,C04758,T0001318,138.77
O009,C00816,T0074364,22.46
O016,C00814,T0083355,20.93
O015,C00421,T0018346,8.31
O004,C03638,T0036775,204.88
O011,C01147,T0013215,108.53
O019,C02720,T0030486,28.01
O012,C04072,T0085362,130.23
O003,C03019,T0071249,172.39
O002,C03264,T0057095,18.99
O004,C03055,T0018772,108.81
O018,C02605,T0079923,78.59
O013,C01223,T0059284,22.32
O006,C00965,T0087502,619.26
O009,C04107,T0002738,13.57
O016,C04810,T0052630,11.69
O011,C04580,T0053612,44.61
O013,C02585,T0069492,31.24
O009,C00211,T0013200,11.72
O014,C01273,T0088357,27.68
O003,C01349,T0087230,63.06
O013,C02311,T0000642,25.13
O017,C02074,T0030521,67.36
O010,C03416,T0078441,47.87
O004,C04530,T0007184,277.86
O020,C03972,T0022545,183.56
O005,C01589,T0028786,215.62
O014,C03808,T0004985,283.79
O003,C03374,T0039810,27.03
O005,C02943,T0054961,107.27
O009,C00323,T0064279,17.21
O017,C03086,T0031738,179.43
O014,C04709,T0058554,8.38
O020,C01467,T0037769,34.08
O019,C02289,T0051949,10.79
O013,C04054,T0002371,283.92
O017,C03385,T0012425,64.78
O013,C03062,T0076088,20.84
O003,C00824,T0091533,71.68
O002,C04370,T0065498,
O012,C02370,T0011920,68.12
O012,C03750,T0015098,142.98
O013,C00513,T0050370,135.48
O018,C04467,T0040741,23.93
O020,C02841,T0066421,101.57
O016,C01791,T0049969,40.83
O002,C02222,T0002437,109.45
O013,C03005,T0096891,720.46
O001,C02664,T0074681,25.29
O020,C00413,T0088920,45.27
O019,C00327,T0092734,22.92
O011,C00237,T0091518,53.82
O006,C00918,T0074328,242.03
O008,C03492,T0003483,60.49
O020,C02836,T0047154,861.25
O004,C02934,T0077588,41.29
O005,C00605,T0079241,97.23
O020,C04398,T0025168,91.04
O006,C03313,T0072310,278.76
O006,C03744,T0093797,33.31
O013,C01054,T0099884,35.06
O006,C03474,T0005220,224.38
O005,C04440,T0051783,100.54
O014,C00568,T0004507,16.45
O020,C04423,T0051439,35.81
O019,C03486,T0079650,48.8
O003,C02878,T0087233,19.24
O014,C03410,T0090149,92.67
O005,C00636,T0038964,55.46
O015,C04366,T0076831,11.53
O001,C04959,T0072086,455.13
O010,C03465,T0002625,729.51
O011,C01064,T0054338,95.36
O012,C00933,T0072039,351.52
O015,C04644,T0079975,8.63
O010,C04426,T0018636,74.63
O001,C02180,T0099929,880.93
O019,C01393,T0039350,192.37
O004,C01224,T0057412,49.48
O008,C00395,T0035546,180.82
O007,C01990,T0094666,31.21
O013,C03632,T0017224,43.92
O003,C02431,T0097625,100.09
O010,C01791,T0025198,29.98
O020,C03105,T0038230,105.23
O017,C02705,T0002241,337.78
O005,C04329,T0078143,126.66
O014,C02015,T0035455,22.54
O012,C02781,T0086553,243.76
O006,C03386,T0039699,434.09
O010,C04663,T0087235,56.82
O011,C01686,T0094610,103.37
O003,C03720,T0070336,362.01
O003,C01571,T0091171,93.52
O006,C03708,T0022179,471.0
O003,C04923,T0094296,46.44
O006,C04276,T0075038,27.89
O020,C01510,T0024823,214.94
O005,C03995,T0056927,309.56
O017,C01598,T0030893,67.01
O004,C03052,T0008813,82.3
O019,C03262,T0039270,62.88
O007,C02259,T0082583,46.73
O013,C02295,T0009595,42.16
O002,C02467,T0034279,16.21
O007,C04096,T0015723,19.78
O012,C03327,T0095769,281.55
O019,C03165,T0083486,61.66
O010,C04484,T0016666,297.87
O009,C04799,T0037762,17.95
O005,C00644,T0038710,168.98
O013,C03882,T0059081,70.38
O014,C04671,T0036181,14.75
O011,C03533,T0072369,56.91
O014,C04636,T0042614,25.39
O011,C04510,T0048115,147.95
O017,C03614,T0028324,194.55
O001,C02828,T0098600,200.49
O005,C00343,T0003710,74.18
O008,C02439,T0099659,78.48
O013,C00959,T0010741,290.7
O002,C04296,T0041505,51.26
O009,C02052,T0054316,152.72
O020,C04891,T0068135,176.12
O005,C00792,T0021773,47.92
O001,C02658,T0081778,18.03
O010,C01192,T0039398,148.47
O004,C00062,T0002665,174.06
O005,C01700,T0036798,370.14
O005,C00567,T0049948,156.54
O002,C00962,T0030809,41.31
O009,C01456,T0076108,34.09
O009,C01821,T0078774,53.6
O020,C04053,T0028536,28.01
O014,C04049,T0060901,18.79
O010,C00866,T0081351,46.86
O009,C03289,T0044654,12.81
O016,C03797,T0055085,29.42
O018,C04458,T0009616,109.81
O015,C04428,T0067015,90.63
O012,C01222,T0080447,73.35
O014,C03248,T0093268,71.0
O020,C01566,T0057953,27.53
O020,C01914,T0054721,344.14
O020,C02769,T0039036,97.28
O019,C01238,T0022985,134.69
O002,C00271,T0034273,29.45
O011,C02142,T0017782,78.25
O011,C03093,T0084694,207.7
O020,C00680,T0093742,34.63
O011,C01782,T0016855,36.23
O014,C00150,T0022494,13.33
O017,C00387,T0031469,596.71
O009,C01246,T0014236,12.99
O007,C00251,T0004031,158.36
O008,C02529,T0077143,166.64
O005,C00259,T0043060,106.51
O020,C02452,T0025643,145.19
O014,C02052,T0093306,29.43
O019,C01093,T0026893,24.48
O004,C01272,T0055254,813.43
O013,C03412,T0025939,355.33
O012,C01394,T0006757,90.2
O002,C04210,T0033973,440.45
O001,C02841,T0031741,225.78
O006,C00223,T0081437,62.43
O009,C03134,T0083647,19.84
O009,C02830,T0028451,6.79
O010,C03282,T0000518,40.0
O015,C04292,T0005999,34.13
O001,C03031,T0079270,188.44
O003,C01893,T0071543,228.62
O005,C04703,T0020557,65.19
O017,C04389,T0036418,108.47
O010,C00952,T0021781,69.36
O007,C03312,T0075372,46.32
O015,C03345,T0029327,24.89
O001,C04618,T0040764,444.23
O010,C04207,T0027324,58.73
O008,C00566,T0086920,413.56
O017,C02306,T0023360,323.36
O017,C03407,T0024259,39.67
O009,C00006,T0058206,169.29
O011,C03751,T0057816,113.67
O016,C04000,T0039201,81.56
O003,C00703,T0062549,174.38
O003,C00841,T0045828,83.21
O015,C03803,T0091961,40.41
O017,C01767,T0088040,74.9
O020,C03408,T0087200,68.11
O019,C03049,T0014037,56.74
O001,C01916,T0066100,18.72
O005,C03665,T0088878,134.65
O002,C04964,T0055510,59.02
O005,C04507,T0087089,35.32
O005,C04794,T0042022,129.47
O018,C00961,T0039864,35.37
O004,C01307,T0073627,34.63
O007,C01697,T0008865,62.73
O001,C03216,T0073954,610.51
O002,C02521,T0062162,75.22
O010,C00360,T0060409,484.91
O001,C00618,T0028838,93.43
O012,C04710,T0009955,239.41
O013,C04372,T0071281,51.01
O012,C03598,T0026888,113.05
O017,C03892,T0032909,470.77
O013,C04326,T0036720,37.27
O016,C02916,T0086854,13.35
O005,C00850,T0039584,17.39
O010,C03260,T0065569,94.33
O008,C03812,T0028572,62.18
O014,C04246,T0003414,77.75
O001,C02568,T0063446,88.99
O016,C02243,T0047474,21.62
O013,C04137,T0072487,17.61
O015,C00373,T0091569,204.94
O013,C04032,T0087238,23.34
O008,C04236,T0040302,51.24
O014,C03150,T0063234,53.31
O005,C00247,T0023425,76.18
O009,C01087,T0076216,12.94
O002,C04900,T0020743,15.55
O019,C02558,T0070982,50.76
O001,C04665,T0090616,187.01
O012,C01037,T0063770,136.79
O013,C01133,T0042937,63.0
O014,C01594,T0030841,144.57
O002,C00112,T0071491,29.88
O014,C02909,T0017783,29.06
O004,C00688,T0035859,95.15
O005,C00416,T0036279,287.2
O018,C02256,T0000110,132.66
O010,C03591,T0066924,466.97
O020,C01434,T0045281,303.08
O014,C00777,T0099150,61.3
O017,C01853,T0087448,256.44
O014,C00083,T0079264,23.87
O008,C02742,T0014020,819.55
O019,C01784,T0071719,168.01
O001,C00412,T0023231,77.92
O007,C04402,T0072026,49.8
O009,C00312,T0090521,6.03
O013,C00190,T0055579,92.02
O005,C00932,T0031509,357.64
O015,C02008,T0013121,151.61
O007,C01027,T0016444,23.74
O001,C03370,T0070708,67.47
O020,C01371,T0064239,78.96
O017,C04331,T0096848,97.17
O002,C00167,T0031346,157.53
O005,C01539,T0063299,567.99
O018,C02295,T0080836,246.36
O014,C04491,T0076663,8.48
O012,C00567,T0074316,245.75
O007,C01893,T0011550,51.38
O006,C00662,T0068243,603.06
O015,C03085,T0053635,258.41
O001,C00814,T0056066,68.55
O012,C04042,T0017794,331.34
O008,C00099,T0060416,63.81
O020,C01901,T0090413,561.05
O019,C00416,T0082427,189.83
O011,C03908,T0023262,146.68
O014,C03507,T0030213,758.7
O006,C01146,T0000941,128.91
O005,C02431,T0055318,56.99
O008,C03017,T0031510,92.27
O008,C00886,T0069802,22.85
O013,C00448,T0010967,20.26
O019,C00727,T0040649,54.15
O009,C00824,T0010321,25.12
O011,C01642,T0068402,20.72
O003,C02733,T0085541,645.03
O011,C01101,T0030093,23.43
O016,C02835,T0099181,177.37
O005,C03917,T0048058,57.33
O006,C03117,T0086143,92.57
O012,C04985,T0066293,233.36
O005,C01748,T0090931,75.71
O015,C03310,T0052929,5.28
O009,C04050,T0022215,11.76
O003,C00892,T0052685,276.92
O008,C04676,T0095793,152.14
O018,C04176,T0056034,48.87
O016,C01743,T0072030,242.5
O017,C01042,T0055073,117.92
O016,C00080,T0095857,20.86
O016,C04809,T0083364,3.71
O015,C02101,T0036765,126.1
O010,C01655,T0009237,81.07
O011,C04123,T0038165,100.81
O004,C00407,T0030256,147.24
O016,C00808,T0037309,139.31
O003,C03152,T0052414,58.63
O009,C04295,T0032166,24.21
O002,C02363,T0022553,17.9
O014,C03110,T0090981,10.55
O015,C04353,T0039992,62.47
O003,C03665,T0003373,88.62
O007,C04564,T0009632,73.87
O002,C01248,T0024808,12.91
O008,C02719,T0066454,131.12
O001,C03274,T0060160,114.1
O012,C04503,T0011277,46.45
O008,C01599,T0089754,99.21
O006,C00872,T0091468,109.8
O011,C00934,T0029185,51.39
O009,C02835,T0097255,15.08
O019,C04906,T0036456,27.47
O006,C01264,T0078251,60.56
O008,C04856,T0022325,119.52
O014,C02854,T0073848,39.54
O013,C04651,T0078097,41.88
O018,C01152,T0048374,39.86
O019,C00203,T0073688,21.0
O003,C02189,T0073308,131.03
O012,C00533,T0024596,232.14
O014,C03339,T0067777,89.28
O004,C03044,T0001052,178.02
O002,C03990,T0005204,42.58
O007,C02622,T0001567,28.72
O018,C04454,T0094025,291.59
O006,C04497,T0093206,267.8
O003,C01881,T0072554,208.56
O015,C03563,T0061452,93.94
O014,C01393,T0085339,16.29
O006,C01425,T0008584,565.48
O011,C04758,T0058838,82.92
O014,C03302,T0058425,30.71
O013,C00284,T0051060,14.17
O019,C02445,T0010790,36.61
O013,C04047,T0039982,19.32
O014,C04838,T0084768,14.06
O014,C00494,T0008448,6.56
O016,C00473,T0093065,26.67
O015,C01826,T0075998,46.58
O007,C01342,T0027131,12.55
O003,C03170,T0041317,61.72
O004,C01299,T0071313,426.8
O010,C00323,T0098926,101.0
O020,C04037,T0061746,274.63
O018,C00134,T0082823,141.08
O002,C01508,T0099027,170.77
O007,C00761,T0035504,94.19
O013,C03987,T0028624,67.23
O019,C00713,T0090448,115.2
O002,C01325,T0051551,49.89
O018,C02537,T0038946,186.29
O017,C04796,T0095824,90.22
O017,C04422,T0096196,393.54
O019,C01434,T0084904,21.98
O015,C00654,T0022894,4.44
O001,C01679,T0008519,43.61
O019,C03346,T0056063,52.15
O019,C04455,T0099131,33.17
O009,C02772,T0000479,22.76
O008,C04577,T0003035,121.86
O017,C03288,T0010742,65.24
O002,C00368,T0043213,29.13
O006,C03606,T0004428,278.91
O005,C00071,T0018123,170.98
O012,C03782,T0083580,115.18
O018,C03635,T0086621,24.26
O012,C03617,T0038853,111.28
O017,C00848,T0077843,129.67
O007,C03699,T0014884,5.48
O014,C00481,T0099155,44.21
O009,C01250,T0067667,13.74
O010,C02010,T0006962,239.83
O017,C04478,T0061412,75.96
O018,C04938,T0037172,114.03
O003,C02483,T0022766,424.13
O004,C03646,T0029731,220.01
O001,C03447,T0022517,229.54
O010,C04529,T0008759,106.15
O003,C01223,T0046996,92.53
O017,C04280,T0026167,141.61
O010,C01460,T0017147,54.69
O015,C00899,T0065210,137.47
O008,C02139,T0055671,258.74
O012,C01446,T0019969,43.26
O019,C02489,T0046366,31.52
O012,C00930,T0038227,488.01
O011,C01441,T0034563,283.24
O002,C02420,T0019080,37.91
O009,C02081,T0029598,56.66
O002,C04691,T0008610,55.48
O018,C02961,T0095822,138.07
O013,C03800,T0097992,35.48
O010,C03294,T0041705,39.74
O001,C03543,T0088165,177.39
O002,C01181,T0023384,45.72
O008,C00758,T0054245,291.78
O018,C01916,T0083218,91.94
O007,C02800,T0011579,54.58
O003,C01205,T0070842,54.24
O011,C00718,T0044606,94.28
O009,C03527,T0079577,31.29
O019,C00857,T0023093,123.19
O011,C03988,T0086999,34.33
O003,C00088,T0033140,130.27
O012,C03403,T0072531,807.45
O007,C04757,T0084578,252.26
O020,C04550,T0099690,48.98
O014,C00358,T0057822,56.05
O020,C00999,T0080222,194.33
O015,C03324,T0011127,80.91
O020,C04024,T0082763,681.96
O009,C03192,T0022479,10.06
O002,C02494,T0045188,166.47
O006,C00458,T0001065,94.0
O007,C04053,T0066691,24.19
O014,C04159,T0007377,24.63
O003,C02807,T0025150,47.71
O017,C04999,T0060834,198.87
O002,C00997,T0013674,41.24
O006,C03745,T0044577,39.61
O013,C02672,T0024312,49.63
O012,C03715,T0056653,115.85
O010,C01568,T0093141,85.45
O002,C04615,T0038084,59.02
O014,C03747,T0075992,9.17
O008,C00598,T0049214,191.06
O013,C04041,T0008941,34.33
O012,C00240,T0017672,66.31
O003,C00064,T0019210,408.2
O005,C01008,T0033043,103.5
O013,C01469,T0038748,17.23
O013,C01643,T0042312,53.88
O014,C03752,T0033458,6.63
O004,C03422,T0084816,169.25
O001,C04479,T0075245,456.72
O009,C03999,T0068112,12.85
O007,C03931,T0093562,54.86
O005,C03491,T0067752,55.58
O011,C04221,T0064170,108.42
O001,C03150,T0013063,145.26
O016,C04886,T0057614,23.8
O006,C03862,T0085967,172.51
O016,C04201,T0035620,8.52
O018,C04587,T0049010,167.39
O003,C01545,T0005089,128.89
O002,C01987,T0099321,36.51
O001,C02333,T0035136,45.71
O006,C02457,T0031371,361.39
O009,C03202,T0062523,7.86
O015,C04011,T0058356,34.37
O005,C03205,T0025010,39.6
O014,C02478,T0027796,28.3
O008,C01108,T0024470,48.11
O015,C01774,T0002254,25.44
O015,C01346,T0032443,69.35
O005,C00804,T0043081,96.17
O018,C04710,T0024755,185.55
O003,C04549,T0011463,45.97
O003,C03635,T0082152,80.42
O014,C00329,T0008654,57.9
O019,C01413,T0065563,19.39
O006,C01456,T0089209,323.27
O020,C04228,T0012144,298.91
O016,C01856,T0056611,28.49
O002,C02528,T0059145,19.59
O017,C01418,T0034054,1148.64
O001,C02745,T0046916,43.29
O017,C02540,T0070122,28.9
O009,C00324,T0037820,113.44
O011,C04058,T0097127,108.42
O009,C03515,T0078950,32.46
O006,C02304,T0068844,195.33
O001,C04297,T0036576,433.1
O008,C01596,T0083327,84.87
O020,C03147,T0004951,207.52
O013,C03023,T0002771,48.99
O016,C02836,T0091567,8.97
O006,C02550,T0098474,44.53
O016,C04918,T0078306,33.86
O011,C03755,T0093410,44.9
O001,C00821,T0030278,78.15
O012,C04223,T0009802,908.14
O002,C01771,T0075114,10.07
O014,C02684,T0028972,26.21
O010,C04042,T0068065,105.19
O015,C02350,T0043354,28.04
O012,C00080,T0088718,55.94
O001,C00628,T0090986,202.6
O002,C01086,T0014252,53.74
O005,C00722,T0007959,847.73
O003,C03918,T0058936,120.11
O009,C00309,T0012922,12.01
O014,C00480,T0091505,19.48
O006,C04299,T0013964,560.32
O015,C00522,T0027009,27.37
O015,C02102,T0014726,21.51
O004,C04468,T0074461,85.48
O016,C00632,T0060369,18.03
O020,C04938,T0027195,189.09
O017,C03515,T0095124,135.95
O010,C03389,T0079909,52.54
O020,C02408,T0072499,46.36
O001,C01366,T0073008,154.42
O005,C00043,T0090192,105.28
O019,C03197,T0037801,59.69
O014,C04915,T0009497,16.03
O006,C03558,T0081982,110.31
O001,C03292,T0047443,83.7
O005,C00264,T0004851,120.86
O007,C00995,T0034605,123.13
O016,C04914,T0053370,16.22
O010,C04111,T0001165,169.34
O002,C01802,T0033317,154.12
O006,C01300,T0092716,56.76
O011,C01667,T0081691,57.39
O001,C04389,T0081503,54.65
O001,C03909,T0039094,343.25
O011,C05000,T0005311,81.65
O007,C04416,T0013658,271.41
O020,C03366,T0051075,174.09
O004,C00846,T0099918,151.85
O009,C00885,T0068748,17.96
O008,C02807,T0033922,524.24
O015,C04955,T0066902,56.96
O018,C01083,T0003473,103.82
O009,C03867,T0028461,14.29
O020,C03070,T0096795,64.42
O007,C00855,T0006889,12.61
O001,C01780,T0092054,56.11
O009,C02930,T0034008,10.01
O017,C04494,T0091868,71.47
O015,C03360,T0044115,105.53
O018,C02929,T0015817,41.09
O006,C04219,T0037995,68.84
O009,C02594,T0009748,24.0
O010,C03139,T0008902,165.87
O017,C04757,T0031660,64.68
O006,C01931,T0054160,147.66
O018,C04969,T0087845,37.1
O016,C04749,T0096083,31.55
O006,C03015,T0072182,42.8
O011,C02821,T0048456,51.35
O003,C04635,T0047206,113.08
O003,C01093,T0009790,129.32
O003,C02676,T0004190,204.11
O011,C04416,T0063662,422.64
O003,C00213,T0030638,69.9
O004,C02812,T0051959,105.73
O020,C03379,T0025986,140.12
O015,C01014,T0045516,14.13
O012,C02801,T0048305,112.83
O008,C03575,T0087676,143.44
O016,C03494,T0043078,15.3
O016,C04928,T0067108,8.71
O004,C03893,T0031213,32.67
O011,C02056,T0065192,123.62
O017,C04044,T0092047,51.18
O015,C03844,T0049124,80.01
O010,C01871,T0048728,367.11
O018,C01644,T0045981,48.38
O003,C03652,T0080090,61.42
O002,C03556,T0008695,39.81
O015,C04120,T0023348,13.77
O004,C04115,T0097741,50.22
O020,C02445,T0068310,234.71
O019,C00264,T0097469,76.48
O017,C03338,T0089576,186.64
O005,C01851,T0017507,418.4
O009,C03809,T0060213,28.4
O016,C00866,T0033691,17.04
O014,C00388,T0018334,55.19
O018,C02756,T0016400,41.52
O002,C00156,T0060769,63.59
O011,C03632,T0023260,89.27
O010,C02334,T0045459,159.06
O017,C02570,T0046159,201.71
O006,C04575,T0067377,263.04
O015,C01464,T0089683,103.88
O016,C00432,T0091464,44.94
O014,C03808,T0042565,24.46
O006,C02502,T0097488,173.17
O004,C00860,T0073849,177.13
O013,C02782,T0085317,27.79
O011,C00175,T0060206,516.26
O017,C04072,T0090748,77.43
O007,C04778,T0076262,23.91
O002,C01038,T0063198,17.6
O010,C01126,T0087961,91.61
O006,C03136,T0069970,18.28
O002,C00045,T0096412,17.5
O012,C00538,T0086577,72.04
O020,C00196,T0097886,574.84
O005,C01082,T0044277,58.2
O003,C01636,T0082474,62.99
O003,C00939,T0052281,33.56
O013,C04326,T0054159,22.47
O013,C02666,T0073562,67.5
O006,C03230,T0082350,346.92
O016,C03096,T0079376,14.28
O005,C03376,T0043495,121.92
O011,C00077,T0005596,61.53
O013,C01071,T0074235,64.81
O009,C04016,T0027086,23.97
O017,C02160,T0084719,21.62
O007,C01166,T0049722,130.75
O003,C03400,T0093533,520.94
O003,C00667,T0029872,145.44
O001,C04851,T0048990,84.55
O013,C00682,T0082511,389.44
O001,C04641,T0098895,917.39
O008,C03706,T0026022,235.56
O014,C03540,T0003438,40.68
O001,C01748,T0071171,91.88
O001,C04161,T0032904,43.07
O011,C04687,T0096347,58.83
O018,C04714,T0023013,89.61
O012,C02420,T0091087,144.32
O006,C00251,T0003350,71.34
O015,C01790,T0000139,21.76
O001,C03857,T0074026,146.37
O018,C03511,T0035323,116.59
O010,C00730,T0079529,64.95
O011,C04972,T0085300,32.95
O014,C04056,T0083251,66.85
O001,C03489,T0010562,56.06
O020,C03851,T0071715,132.9
O017,C04332,T0092094,98.13
O014,C03417,T0036232,34.97
O016,C02197,T0095296,68.0
O019,C03256,T0064611,16.48
O005,C03626,T0072707,229.54
O017,C02336,T0077146,226.48
O010,C03516,T0053594,536.13
O007,C03662,T0011218,117.81
O006,C02046,T0065435,222.38
O011,C03757,T0047607,93.39
O017,C04315,T0055136,20.58
O011,C01420,T0016414,56.64
O005,C02964,T0053180,59.54
O013,C02523,T0055082,25.5
O016,C04968,T0029885,79.45
O010,C04018,T0005326,88.76
O009,C00477,T0037966,12.7
O012,C00762,T0058234,124.22
O003,C03406,T0083025,41.42
O003,C01784,T0065963,113.53
O003,C04568,T0062519,127.63
O017,C00232,T0088473,113.33
O019,C01144,T0026014,421.45
O012,C02550,T0051165,
O018,C04995,T0044793,56.16
O015,C02278,T0024247,105.45
O018,C00219,T0093108,151.21
O002,C00873,T0084314,329.75
O012,C04544,T0065845,212.15
O020,C03418,T0084509,202.22
O015,C02700,T0040279,28.74
O006,C02592,T0001856,495.72
O002,C00550,T0073002,44.92
O011,C02678,T0016795,217.54
O001,C03901,T0094295,134.34
O006,C04394,T0011334,130.26
O001,C01501,T0009664,87.31
O007,C04042,T0089414,8.53
O006,C02219,T0000082,160.0
O002,C02130,T0031252,37.83
O018,C01098,T0069289,53.7
O017,C03203,T0080124,34.08
O019,C00715,T0060131,52.27
O008,C00383,T0078410,56.44
O011,C01501,T0045417,63.46
O007,C02802,T0069957,29.38
O001,C04737,T0041546,102.67
O016,C00329,T0098351,18.37
O003,C02071,T0039577,84.92
O016,C00151,T0000888,5.39
O020,C01415,T0015057,198.63
O019,C00801,T0009487,43.66
O013,C01618,T0022352,90.34
O009,C04090,T0026700,12.42
O012,C03118,T0046902,29.36
O006,C02527,T0078803,32.49
O003,C04063,T0010588,26.04
O005,C03840,T0062949,372.47
O003,C02178,T0081881,476.51
O013,C00112,T0075565,56.48
O019,C02119,T0079462,85.33
O005,C00961,T0080852,56.12
O007,C00913,T0043408,88.09
O007,C00212,T0047600,19.77
O020,C04784,T0041722,50.03
O004,C03774,T0070845,146.69
O016,C03271,T0002265,35.74
O020,C02975,T0028878,162.58
O009,C01169,T0024800,58.15
O008,C04148,T0089849,226.29
O017,C04268,T0097089,1146.74
O012,C00239,T0071714,41.94
O003,C00168,T0020097,224.07
O011,C04198,T0058754,129.05
O001,C02635,T0066388,24.11
O009,C03152,T0067057,24.48
O018,C04764,T0019487,564.09
O008,C03499,T0072446,331.73
O018,C03009,T0027394,25.58
O011,C01368,T0046680,104.81
O020,C04537,T0042639,35.88
O009,C02734,T0000615,150.06
O010,C04867,T0082293,87.2
O013,C02563,T0053821,127.46
O015,C04672,T0041552,50.76
O013,C02743,T0063142,33.16
O012,C01595,T0077410,201.35
O009,C00977,T0020634,9.14
O012,C02718,T0061535,74.03
O011,C01401,T0091614,67.92
O006,C00641,T0043000,108.48
O003,C02682,T0084570,37.96
O002,C04733,T0049101,61.34
O004,C03711,T0091276,66.07
O006,C00451,T0027992,128.46
O003,C04006,T0039335,81.19
O004,C04067,T0024756,96.05
O012,C04193,T0056575,104.57
O019,C04048,T0071092,55.59
O003,C01893,T0057829,100.25
O009,C03693,T0036468,211.74
O003,C01974,T0026583,99.12
O005,C01570,T0001360,23.22
O005,C01609,T0036413,822.58
O017,C02403,T0031585,100.58
O008,C00183,T0051157,136.51
O008,C03095,T0043571,16.69
O007,C01833,T0009858,97.4
O020,C00899,T0017447,105.15
O012,C04778,T0010309,162.39
O006,C02772,T0047487,192.02
O011,C02317,T0001807,145.81
O008,C00117,T0088638,121.0
O010,C01867,T0056388,763.12
O010,C02375,T0049808,243.91
O005,C03737,T0058289,192.73
O011,C03864,T0024304,135.19
O012,C02406,T0040068,1331.5
O001,C03494,T0073961,1293.0
O010,C03420,T0087716,256.01
O012,C03155,T0094876,44.42
O012,C00076,T0033349,1449.38
O006,C02728,T0030864,334.91
O002,C03867,T0038205,46.84
O010,C03583,T0019705,615.96
O004,C03641,T0047203,36.21
O004,C04769,T0024110,218.43
O018,C04680,T0017502,29.14
O007,C01879,T0070466,106.69
O019,C01096,T0068060,206.84
O001,C00058,T0050108,124.54
O001,C03350,T0082437,137.19
O014,C02878,T0014178,92.82
O003,C03181,T0079639,281.02
O008,C00429,T0076004,1387.31
O006,C03832,T0067814,34.28
O006,C02260,T0070779,89.52
O012,C01428,T0007692,92.4
O019,C01768,T0002552,100.87
O003,C02940,T0026926,119.12
O009,C03876,T0044983,37.34
O003,C01824,T0053765,673.53
O018,C00074,T0052091,46.74
O001,C02600,T0024867,67.59
O016,C01558,T0038745,125.12
O015,C00361,T0031693,42.11
O006,C03120,T0059113,354.21
O020,C00426,T0060194,83.3
O011,C00453,T0088903,103.93
O001,C04268,T0061797,49.75
O004,C02983,T0063495,104.9
O013,C02700,T0072443,221.29
O009,C01785,T0035987,27.38
O017,C00083,T0005707,46.27
O010,C03985,T0078125,70.87
O014,C04043,T0091827,104.24
O010,C03982,T0007008,60.4
O020,C01215,T0026434,121.94
O017,C00600,T0020141,82.34
O015,C00386,T0098624,323.14
O002,C00480,T0054878,82.39
O012,C01141,T0091056,49.78
O007,C02279,T0057353,3.31
O002,C03893,T0068999,30.46
O004,C01944,T0078487,1268.43
O016,C03970,T0001401,255.81
O010,C02971,T0050703,44.2
O019,C03768,T0034191,60.71
O003,C04385,T0008161,105.66
O020,C01150,T0053278,174.43
O013,C01787,T0046205,361.02
O018,C03105,T0093053,124.82
O017,C03477,T0004280,298.89
O001,C04037,T0024528,83.63
O019,C01734,T0095315,8.54
O018,C00995,T0022769,45.33
O006,C02565,T0022153,206.14
O004,C03421,T0035350,242.48
O002,C02712,T0058261,88.96
O016,C04703,T0046623,41.39
O019,C02335,T0047329,70.92
O018,C02032,T0050738,30.63
O001,C01378,T0029161,93.34
O012,C02931,T0017572,58.05
O003,C04854,T0004688,348.11
O020,C00411,T0065132,21.08
O011,C01033,T0009597,203.02
O012,C03164,T0054664,63.41
O014,C01246,T0053831,74.83
O016,C02191,T0084309,102.72
O012,C00094,T0072857,75.63
O007,C01775,T0062976,33.15
O008,C03856,T0006710,204.2
O002,C02300,T0057232,380.69
O012,C02994,T0071413,77.98
O016,C04316,T0005964,24.87
O002,C01407,T0072163,77.27
O016,C01476,T0023207,89.34
O003,C03763,T0040428,114.18
O003,C00436,T0013062,48.59
O019,C02835,T0097366,102.64
O015,C03244,T0012247,123.68
O012,C03234,T0082257,51.15
O013,C01444,T0053458,48.5
O015,C02495,T0054300,73.86
O008,C04917,T0062880,51.8
O007,C02807,T0022447,144.4
O003,C00240,T0016818,67.34
O017,C02717,T0044110,698.69
O020,C02431,T0045266,74.16
O002,C03567,T0005430,39.16
O009,C01396,T0075241,16.74
O013,C03765,T0009424,186.05
O018,C00232,T0010676,293.96
O018,C03063,T0031957,40.61
O015,C01668,T0051434,215.38
O012,C00686,T0097121,58.02
O006,C03070,T0040339,343.37
O006,C03315,T0030260,74.62
O008,C03411,T0040845,581.76
O008,C01249,T0025774,100.07
O009,C04140,T0063973,29.67
O006,C00505,T0048691,699.42
O020,C04276,T0019148,13.43
O015,C03848,T0027424,29.05
O010,C02471,T0017968,222.79
O010,C01251,T0079528,57.48
O017,C01977,T0007051,429.99
O010,C00371,T0077178,134.0
O004,C01142,T0090257,42.74
O007,C01320,T0050633,7.43
O011,C00335,T0055675,272.06
O019,C03264,T0012952,145.47
O003,C01899,T0083125,43.46
O005,C02069,T0097595,45.38
O007,C03285,T0049749,27.55
O017,C04369,T0010263,371.5
O019,C03287,T0012815,173.63
O011,C02395,T0055411,22.6
O019,C03492,T0088408,214.06
O019,C02882,T0097687,33.26
O018,C03293,T0031331,141.29
O003,C03125,T0009868,69.75
O004,C03990,T0041913,12.59
O018,C04792,T0014740,113.37
O003,C03706,T0002471,28.43
O010,C02737,T0041888,63.45
O017,C01942,T0047233,410.68
O020,C00513,T0040919,328.56
O001,C01677,T0098560,225.94
O004,C00015,T0085351,163.89
O005,C02083,T0007054,36.4
O004,C03890,T0030882,116.4
O016,C02008,T0079661,15.06
O013,C00932,T0065593,257.53
O019,C01434,T0041703,67.18
O008,C00028,T0002208,137.9
O014,C01060,T0050098,40.52
O001,C00795,T0061434,110.14
O019,C03382,T0087974,70.06
O002,C01664,T0092148,23.18
O005,C01022,T0030434,105.87
O004,C00475,T0060826,78.32
O001,C00287,T0062771,88.49
O004,C00766,T0007574,244.97
O017,C02433,T0006643,562.89
O009,C01586,T0004984,3.28
O016,C02102,T0028729,10.99
O007,C03920,T0042196,37.16
O002,C00364,T0086052,37.8
O018,C00756,T0029337,63.84
O008,C01735,T0021051,1893.62
O020,C01506,T0005866,275.99
O014,C01393,T0021115,63.48
O017,C02533,T0014431,99.44
O014,C00635,T0000506,8.34
O001,C04506,T0007114,544.87
O009,C04231,T0006045,8.95
O018,C02828,T0019742,131.47
O002,C01883,T0031998,16.89
O003,C01754,T0008889,98.85
O004,C00937,T0027949,149.99
O015,C04101,T0034926,50.09
O003,C01857,T0089415,40.5
O015,C00921,T0032510,173.91
O006,C03304,T0011344,1609.38
O009,C00485,T0046344,142.56
O007,C03745,T0050349,27.57
O011,C00544,T0040586,348.42
O018,C02388,T0003951,40.59
O001,C00493,T0032736,198.52
O007,C02822,T0031283,224.43
O020,C01723,T0000986,182.37
O011,C01120,T0032387,591.69
O016,C00742,T0071351,5.83
O004,C02010,T0002844,736.6
O003,C00930,T0016677,55.92
O005,C00869,T0085268,86.24
O003,C03199,T0092442,65.96
O020,C02568,T0074455,43.7
O006,C02554,T0047481,288.35
O014,C03708,T0028593,69.53
O006,C00320,T0015818,120.24
O015,C04917,T0040303,92.89
O010,C01383,T0054695,272.21
O009,C00139,T0064284,33.27
O008,C00072,T0003107,99.24
O005,C03027,T0097988,251.31
O006,C02922,T0074010,333.31
O014,C03086,T0047589,11.57
O017,C03526,T0077024,295.41
O008,C01171,T0084601,212.94
O016,C00211,T0011629,49.37
O012,C02097,T0027577,136.42
O014,C01870,T0011252,17.22
O020,C00522,T0021782,80.02
O015,C03716,T0064983,18.67
O017,C02756,T0059252,93.28
O013,C00278,T0034790,42.12
O014,C00760,T0028705,18.19
O016,C04004,T0019235,7.75
O019,C02477,T0079777,19.19
O016,C03209,T0068471,14.26
O015,C00072,T0047211,545.47
O015,C00309,T0027691,31.29
O003,C00413,T0025962,793.17
O013,C03591,T0009298,127.71
O013,C01798,T0036572,32.36
O016,C01916,T0018262,26.74
O015,C00111,T0052736,30.54
O003,C00317,T0017027,101.39
O002,C04013,T0020099,64.49
O010,C01643,T0030343,76.2
O004,C02148,T0054693,47.53
O005,C02948,T0090010,439.03
O002,C02451,T0081501,126.95
O004,C00555,T0087504,124.73
O007,C04200,T0006667,68.06
O010,C02676,T0000509,52.63
O010,C04632,T0092642,176.02
O010,C04938,T0099745,25.12
O016,C00897,T0060871,13.33
O005,C01468,T0092198,234.65
O009,C02932,T0096936,3.97
O013,C01973,T0041758,512.46
O015,C03283,T0034263,9.08
O020,C01227,T0081883,114.83
O005,C03693,T0023024,93.38
O016,C01274,T0073667,22.52
O007,C00035,T0062526,71.25
O006,C03837,T0035522,341.61
O007,C04567,T0044602,5.55
O018,C01031,T0041653,33.19
O015,C03591,T0094248,85.62
O006,C04956,T0037025,68.43
O016,C00813,T0055260,34.23
O009,C02441,T0032934,10.86
O013,C02229,T0033215,186.22
O011,C04386,T0014479,69.97
O014,C00048,T0041889,3.93
O012,C01008,T0053331,154.5
O001,C02747,T0094926,95.93
O002,C04189,T0034141,300.95
O015,C02987,T0044078,15.36
O008,C02005,T0004047,66.58
O018,C03729,T0047438,94.2
O008,C02321,T0030311,57.33
O012,C00666,T0064079,37.83
O011,C01836,T0006382,144.09
O019,C00145,T0051773,21.66
O008,C02676,T0041403,101.61
O005,C03281,T0021939,96.44
O002,C03570,T0017058,22.42
O002,C00604,T0079973,41.16
O008,C03742,T0069183,80.72
O006,C04620,T0008643,99.08
O010,C01105,T0002134,93.9
O004,C02300,T0073903,55.27
O003,C00784,T0027591,20.1
O012,C00936,T0038695,59.68
O020,C01950,T0085204,144.67
O017,C02553,T0013436,129.37
O015,C02548,T0055954,46.47
O009,C00236,T0003975,40.34
O020,C03749,T0016091,125.1
O001,C02216,T0077301,232.74
O012,C01849,T0008764,263.91
O009,C03871,T0034978,75.05
O013,C01210,T0005767,17.21
O014,C00164,T0099204,24.06
O010,C03889,T0029905,97.62
O011,C02381,T0015483,265.75
O019,C03174,T0045653,239.29
O012,C04954,T0027103,221.2
O006,C01188,T0048226,56.11
O020,C02170,T0097428,323.2
O008,C04363,T0048644,26.32
O014,C04780,T0005966,20.69
O017,C04705,T0056958,169.73
O006,C02392,T0064065,70.62
O009,C01444,T0075728,64.53
O006,C04633,T0074941,671.07
O009,C01872,T0006746,323.58
O002,C03532,T0051226,15.63
O007,C01037,T0077140,42.63
O010,C02358,T0097733,106.71
O020,C02246,T0096531,258.51
O010,C00021,T0047752,180.74
O007,C04064,T0050412,49.75
O010,C03541,T0028407,75.46
O019,C03592,T0043958,648.06
O013,C01074,T0044161,55.98
O014,C04116,T0042302,64.39
O013,C00383,T0014055,
O001,C00910,T0090433,103.51
O011,C03795,T0005987,217.89
O009,C03383,T0087981,38.43
O003,C01708,T0051341,94.61
O016,C02335,T0095872,130.36
O003,C00824,T0083612,212.0
O001,C01691,T0003186,296.8
O009,C00113,T0032359,12.31
O010,C00465,T0000866,48.58
O015,C02536,T0051751,1264.04
O008,C03047,T0072833,140.71
O011,C00423,T0028449,61.31
O008,C04260,T0060071,373.56
O001,C04084,T0040018,404.09
O015,C01290,T0069883,129.19
O018,C04669,T0000263,62.91
O006,C00419,T0003820,126.14
O018,C01395,T0059794,77.1
O015,C00623,T0005809,42.38
O001,C03207,T0062997,78.48
O003,C04496,T0055997,89.07
O004,C00604,T0048829,110.99
O012,C00737,T0012743,43.09
O017,C02911,T0093456,247.16
O018,C01227,T0080537,26.64
O013,C02070,T0032088,42.48
O016,C00980,T0079001,51.5
O008,C01209,T0092063,91.07
O015,C03923,T0023336,34.52
O015,C00643,T0041076,62.96
O019,C03025,T0075685,58.49
O010,C04312,T0063035,131.28
O004,C02006,T0004856,119.24
O008,C02702,T0015340,169.73
O005,C02018,T0028933,38.3
O017,C03573,T0061722,340.94
O006,C00892,T0001628,98.14
O008,C00288,T0033923,1442.81
O002,C01934,T0096561,8.4
O008,C02179,T0021145,109.68
O011,C04406,T0016085,79.86
O019,C02973,T0022046,43.78
O013,C03608,T0011652,47.07
O015,C01552,T0020829,65.11
O003,C03789,T0032883,215.76
O014,C00254,T0041327,18.44
O018,C03371,T0040021,72.7
O018,C00002,T0053077,82.25
O018,C04631,T0037537,31.75
O005,C02844,T0078349,902.58
O017,C01871,T0096672,59.93
O011,C03620,T0091427,52.43
O014,C00860,T0054282,30.53
O012,C03272,T0081680,249.37
O005,C00567,T0031129,283.23
O001,C01299,T0043172,66.14
O016,C01493,T0023352,7.32
O016,C02559,T0064328,20.32
O012,C00248,T0055851,28.47
O004,C03175,T0074202,51.57
O006,C00923,T0042886,300.33
O006,C04405,T0099062,88.35
O005,C01823,T0006685,106.82
O016,C03095,T0026716,266.63
O002,C04118,T0090988,27.14
O017,C03686,T0073493,79.03
O009,C03388,T0044659,77.44
O016,C02362,T0032983,15.5
O003,C00032,T0052193,55.95
O001,C01588,T0064107,164.36
O015,C03557,T0009439,48.84
O002,C03257,T0082782,20.92
O014,C00432,T0000490,6.46
O007,C01110,T0072808,41.07
O002,C00302,T0010646,28.84
O012,C00622,T0052210,95.18
O015,C02189,T0092901,74.98
O009,C02005,T0011710,13.19
O020,C00327,T0063626,68.04
O013,C01235,T0071640,225.4
O007,C03369,T0098107,24.88
O010,C00048,T0077466,477.11
O011,C01400,T0073180,28.31
O015,C04470,T0084505,79.18
O008,C01527,T0090049,194.8
O013,C01941,T0084250,122.93
O009,C01139,T0043053,16.69
O020,C03231,T0083797,140.51
O009,C03638,T0059647,16.39
O004,C00476,T0053914,280.69
O002,C04867,T0024963,31.52
O014,C01069,T0056698,5.8
O019,C01798,T0079259,38.79
O009,C03484,T0038935,8.81
O005,C02418,T0050015,88.3
O011,C01438,T0041342,59.57
O020,C04119,T0048041,117.41
O005,C00732,T0056871,69.9
O016,C02858,T0012493,66.14
O006,C01486,T0065480,163.77
O008,C01059,T0003908,50.58
O005,C03410,T0083406,26.32
O016,C02589,T0000042,75.71
O003,C00559,T0062211,36.1
O001,C02801,T0010594,191.15
O019,C03550,T0002800,207.84
O012,C04763,T0077063,148.31
O002,C00259,T0075301,32.66
O001,C01957,T0098679,430.38
O003,C03159,T0023413,146.63
O013,C00620,T0030849,40.44
O019,C04475,T0046793,12.67
O019,C01390,T0051138,130.76
O003,C01103,T0098584,55.05
O014,C02556,T0047906,159.96
O013,C04855,T0052161,38.25
O002,C00089,T0046288,39.67
O005,C01608,T0068918,484.49
O007,C01751,T0008822,20.11
O019,C02567,T0035403,20.94
O005,C02472,T0085563,70.22
O020,C04725,T0072444,1052.71
O006,C03760,T0039596,332.25
O015,C01266,T0051624,17.02
O002,C01169,T0073436,35.57
O018,C04482,T0048505,77.51
O014,C03967,T0067535,18.08
O008,C00864,T0022130,179.38
O009,C03103,T0067113,26.8
O005,C01118,T0084871,457.69
O014,C03330,T0033714,16.48
O020,C04894,T0098484,294.63
O002,C02280,T0045696,56.12
O008,C03572,T0092553,142.94
O006,C01937,T0054723,174.9
O002,C00699,T0037678,188.19
O017,C00247,T0096624,225.1
O003,C02675,T0048405,56.48
O012,C04968,T0043496,67.3
O018,C04120,T0070139,58.9
O003,C03070,T0043114,116.35
O004,C04861,T0071335,59.22
O006,C01657,T0008936,96.85
O008,C00470,T0037168,336.94
O010,C02376,T0078365,371.15
O020,C01392,T0017289,80.44
O016,C02185,T0091525,36.44
O019,C03636,T0034179,70.35
O019,C01714,T0078668,40.97
O011,C03841,T0091431,45.6
O004,C00139,T0028260,137.87
O019,C03246,T0047655,170.63
O018,C02090,T0035293,95.28
O010,C00999,T0046895,87.44
O019,C02014,T0032840,44.8
O001,C03843,T0076843,41.18
O017,C04470,T0066036,112.06
O004,C03252,T0019871,241.74
O011,C04452,T0006233,151.19
O017,C00458,T0053362,76.59
O017,C01221,T0083592,137.26
O016,C00514,T0024592,76.28
O018,C00668,T0068789,55.39
O010,C01815,T0073574,313.48
O012,C00360,T0018688,13.93
O011,C00164,T0010793,36.81
O019,C00133,T0008168,65.57
O019,C02980,T0064585,81.86
O008,C03171,T0081143,1182.42
O019,C02195,T0069585,54.63
O017,C00498,T0088423,58.69
O004,C03782,T0001313,25.75
O002,C04360,T0028823,14.97
O011,C04823,T0003125,202.41
O002,C02550,T0000169,62.44
O007,C03656,T0017411,50.7
O012,C01350,T0036112,55.63
O013,C00818,T0010657,20.55
O016,C02430,T0053141,39.96
O017,C01249,T0002504,50.37
O004,C01376,T0007257,65.55
O017,C00934,T0073109,65.17
O004,C01866,T0040017,1468.9
O003,C04370,T0020731,51.29
O012,C04578,T0009841,68.21
O001,C03580,T0061331,75.61
O014,C02836,T0081798,11.17
O011,C01286,T0006274,140.57
O007,C03469,T0041145,40.34
O004,C01715,T0012773,116.19
O018,C01024,T0043592,62.52
O010,C00118,T0025778,36.27
O002,C02056,T0036957,48.08
O019,C01678,T0055267,188.01
O017,C04274,T0069461,104.66
O008,C04835,T0080523,122.04
O013,C00579,T0022244,126.38
O017,C01489,T0014818,79.5
O020,C02118,T0065184,473.29
O004,C01032,T0017192,190.67
O010,C02844,T0016623,82.68
O015,C00883,T0039985,238.73
O009,C03048,T0005524,85.08
O006,C00883,T0080060,104.83
O007,C03332,T0035464,15.65
O010,C02570,T0079856,173.79
O014,C01758,T0024069,17.54
O008,C04194,T0002976,190.37
O004,C02865,T0042799,99.05
O005,C04493,T0032303,305.86
O013,C04149,T0001611,64.43
O013,C02506,T0051087,206.87
O016,C01151,T0083959,22.89
O003,C03199,T0045589,31.85
O012,C02278,T0024775,191.54
O008,C04372,T0027233,193.87
O012,C04377,T0084852,110.37
O010,C03380,T0083146,150.67
O019,C02382,T0013029,52.83
O004,C03226,T0081995,201.87
O020,C00648,T0005703,209.2
O007,C04268,T0052657,26.66
O020,C03185,T0047011,91.77
O014,C01355,T0047210,129.23
O011,C02822,T0018532,43.32
O004,C00769,T0086484,1038.23
O016,C02836,T0077443,226.42
O008,C02029,T0052799,72.01
O004,C02321,T0000060,100.69
O011,C03437,T0015214,86.64
O013,C04300,T0091035,29.85
O001,C00460,T0033737,146.91
O009,C03865,T0052738,14.36
O018,C04359,T0093143,29.09
O016,C03122,T0015727,59.22
O014,C01670,T0092113,8.52
O002,C02501,T0039536,74.63
O001,C00465,T0091375,318.05
O008,C01582,T0067819,126.99
O018,C02660,T0005449,43.81
O010,C04778,T0080714,103.96
O008,C01986,T0034257,449.88
O003,C04089,T0052343,165.53
O017,C02757,T0097106,116.3
O011,C01324,T0009568,82.3
O018,C02743,T0070752,12.32
O017,C03198,T0025076,34.07
O016,C03525,T0034181,6.23
O005,C01852,T0043763,113.0
O007,C00767,T0042751,32.72
O017,C00849,T0028802,191.72
O001,C03029,T0001346,88.63
O003,C01032,T0082687,30.93
O020,C04280,T0015289,49.03
O004,C01366,T0097173,104.06
O017,C04084,T0011316,146.38
O015,C03320,T0050640,10.64
O010,C03677,T0044912,245.05
O003,C00360,T0012022,65.3
O001,C04258,T0050946,149.12
O012,C02545,T0020604,352.79
O020,C00575,T0064802,112.81
O014,C04606,T0071019,22.35
O019,C00695,T0097527,133.63
O016,C01668,T0007810,16.43
O003,C02156,T0053133,37.18
O015,C04389,T0024645,11.49
O002,C04615,T0091208,16.75
O001,C03177,T0048740,1111.51
O006,C03835,T0078595,38.96
O016,C04230,T0093151,26.76
O001,C03527,T0000438,493.92
O006,C01603,T0067104,28.79
O018,C03577,T0088421,25.84
O017,C01423,T0031883,118.46
O019,C02000,T0018200,29.72
O018,C03215,T0082208,69.78
O004,C00394,T0032723,89.82
O015,C01876,T0095383,33.71
O017,C01144,T0000930,129.54
O003,C02268,T0099440,87.95
O016,C00869,T0032831,19.54
O002,C00334,T0080485,29.82
O002,C00607,T0075331,38.55
O013,C00203,T0009249,42.6
O013,C01604,T0047373,89.71
O013,C01532,T0008095,161.53
O017,C03500,T0074676,72.42
O014,C00424,T0003515,45.44
O019,C04502,T0063843,199.41
O006,C01845,T0008126,47.7
O004,C02436,T0046280,140.64
O015,C04876,T0027465,174.73
O010,C04108,T0055111,256.78
O011,C02857,T0036471,68.75
O012,C03352,T0034202,148.2
O019,C04249,T0061763,41.65
O005,C03584,T0044616,45.52
O007,C04010,T0049569,32.43
O008,C02701,T0013631,192.18
O009,C01565,T0006353,36.51
O017,C00177,T0053139,18.22
O008,C04639,T0040584,98.82
O019,C01097,T0006822,29.24
O014,C01179,T0023168,8.61
O019,C04503,T0054606,554.88
O003,C04286,T0061876,47.4
O014,C01962,T0041080,63.28
O005,C02229,T0091124,101.87
O003,C00173,T0060856,165.94
O006,C00708,T0098349,37.49
O010,C02657,T0065016,76.42
O011,C03770,T0023369,16.84
O001,C01932,T0008157,146.73
O005,C01736,T0059970,114.41
O002,C03153,T0031039,39.84
O008,C00335,T0015462,677.74
O020,C02380,T0035022,184.92
O004,C02446,T0060738,27.51
O014,C04436,T0069244,46.47
O010,C04969,T0023272,36.62
O020,C02516,T0036912,31.92
O018,C02031,T0003467,77.67
O018,C00557,T0046085,283.4
O019,C02132,T0050516,47.95
O003,C01504,T0075420,150.49
O019,C00246,T0018406,22.69
O008,C01484,T0065820,146.59
O020,C00139,T0039374,40.62
O005,C00917,T0048591,54.11
O020,C00050,T0041379,50.3
O009,C00085,T0095847,73.53
O016,C04922,T0072076,21.87
O016,C02726,T0001621,32.83
O006,C01871,T0095447,55.4
O002,C00275,T0069625,31.25
O015,C02645,T0044202,17.31
O002,C00244,T0081413,31.62
O005,C01251,T0012756,934.76
O014,C03727,T0058548,49.45
O018,C03659,T0001555,25.11
O018,C04204,T0096147,42.59
O010,C04234,T0053915,75.4
O014,C00336,T0086782,6.82
O007,C03829,T0034408,16.23
O012,C03580,T0056879,147.34
O003,C00078,T0057879,61.31
O008,C04237,T0064175,64.68
O020,C01779,T0082580,41.66
O006,C03486,T0066182,51.35
O005,C02354,T0020874,71.99
O009,C04202,T0043811,11.14
O008,C00835,T0090384,226.42
O003,C02424,T0083984,185.51
O005,C04415,T0074223,679.78
O001,C03662,T0097390,117.97
O010,C04520,T0096714,84.85
O013,C01495,T0078911,28.76
O018,C02787,T0065116,58.26
O003,C01512,T0079714,90.69
O003,C03660,T0058401,50.99
O010,C02544,T0006093,452.65
O013,C03100,T0011535,30.78
O007,C00893,T0057831,76.99
O001,C04612,T0092071,104.8
O017,C02188,T0067932,29.24
O017,C00858,T0035415,182.52
O005,C00838,T0013094,193.98
O018,C00107,T0020063,30.72
O009,C03315,T0078042,41.57
O017,C04229,T0067692,56.9
O011,C02016,T0063939,40.81
O012,C02745,T0060975,689.92
O010,C00061,T0050069,68.74
O008,C00133,T0040955,40.64
O018,C02386,T0064481,13.44
O008,C00204,T0083906,49.8
O010,C03048,T0079708,316.01
O005,C02130,T0034506,112.56
O016,C04377,T0031573,5.53
O007,C04510,T0085553,29.82
O007,C00765,T0056677,277.25
O017,C00760,T0020071,78.74
O001,C00281,T0019863,130.38
O005,C01510,T0033818,111.72
O002,C01366,T0020591,68.74
O009,C04924,T0021021,9.58
O013,C04889,T0081943,28.43
O005,C00117,T0047865,94.88
O009,C01538,T0031981,17.76
O019,C01478,T0093370,27.78
O017,C02093,T0029425,300.66
O016,C03837,T0014648,30.82
O018,C03228,T0006791,53.69
O016,C00507,T0032900,19.39
O010,C00496,T0026275,73.78
O019,C04287,T0089062,29.53
O019,C02283,T0006355,146.38
O009,C03822,T0016684,129.33
O009,C02720,T0025240,39.64
O018,C00480,T0097828,98.98
O020,C01212,T0072008,75.35
O008,C01433,T0085791,56.39
O010,C02071,T0030568,122.76
O010,C00683,T0035685,105.41
O015,C02084,T0093402,14.0
O013,C00046,T0012439,142.57
O005,C03929,T0085821,28.54
O014,C04684,T0083878,79.17
O015,C01163,T0041669,19.33
O018,C04599,T0025985,23.36
O018,C00772,T0087343,192.88
O019,C00091,T0050746,221.85
O004,C00560,T0081589,167.43
O016,C04207,T0055382,32.5
O006,C02729,T0091081,91.69
O001,C00575,T0087779,68.78
O009,C00824,T0025651,23.42
O019,C03455,T0006727,49.48
O015,C00272,T0039191,62.45
O013,C00761,T0042186,153.21
O002,C03949,T0023282,63.74
O004,C01197,T0075392,109.12
O014,C02942,T0033506,17.15
O008,C02230,T0045595,280.58
O008,C00401,T0008172,25.38
O016,C00062,T0009636,25.23
O005,C03846,T0045333,397.93
O017,C00186,T0001649,144.92
O002,C01430,T0013268,41.11
O020,C04732,T0043556,128.95
O007,C03709,T0065324,63.5
O001,C01225,T0088388,53.46
O017,C02583,T0064572,604.15
O016,C04790,T0097618,21.79
O004,C01464,T0084259,55.73
O001,C01655,T0058637,219.22
O002,C01962,T0083919,28.41
O018,C03203,T0088948,44.97
O004,C01277,T0020991,33.43
O014,C00917,T0050061,12.87
O009,C03031,T0076238,84.79
O002,C01339,T0049616,44.0
O020,C02590,T0047246,54.06
O005,C01635,T0080844,74.39
O012,C01791,T0034691,106.18
O016,C04479,T0070491,10.88
O013,C04851,T0026608,43.44
O006,C02220,T0008200,33.86
O003,C04028,T0030983,88.38
O014,C00500,T0064936,14.51
O009,C00337,T0033768,77.71
O002,C04059,T0026262,84.78
O001,C03160,T0058450,59.79
O007,C03430,T0079543,31.71
O004,C01418,T0094220,56.39
O020,C01310,T0095258,714.99
O004,C02566,T0049929,750.62
O008,C00833,T0027957,922.11
O005,C02828,T0095045,133.31
O015,C00637,T0098840,50.19
O015,C04092,T0051850,31.95
O012,C03674,T0098072,1346.6
O009,C04665,T0002441,9.24
O013,C03628,T0000460,159.61
O011,C02244,T0058472,380.54
O008,C01841,T0038192,93.69
O004,C00925,T0096669,75.45
O003,C03921,T0074711,46.45
O012,C01013,T0053104,144.99
O003,C00085,T0059604,155.78
O016,C02642,T0074115,18.43
O014,C01352,T0025543,422.96
O018,C01609,T0062143,29.35
O009,C01174,T0065764,7.77
O009,C04634,T0084862,12.57
O008,C03963,T0016454,79.6
O006,C01281,T0087832,141.65
O005,C02237,T0073467,43.58
O010,C01944,T0004717,68.72
O007,C00442,T0003327,52.36
O018,C04840,T0050571,410.72
O007,C01465,T0006118,59.01
O014,C00641,T0023018,6.86
O012,C04873,T0070820,100.18
O015,C01881,T0039828,19.39
O012,C03797,T0028172,197.99
O020,C01920,T0076132,63.58
O020,C04943,T0066356,24.26
O020,C04353,T0034364,214.13
O009,C03690,T0013071,38.78
O019,C00337,T0081440,123.85
O005,C01429,T0029506,106.4
O014,C00662,T0080919,34.45
O016,C02069,T0019391,262.6
O013,C01479,T0060376,44.8
O015,C00507,T0028219,7.37
O018,C04118,T0042234,31.31
O014,C02867,T0042857,133.58
O016,C00324,T0055057,198.88
O010,C01294,T0097461,107.87
O005,C00072,T0034114,93.31
O019,C02298,T0043503,24.65
O008,C04679,T0079662,237.41
O017,C03416,T0018437,31.53
O012,C02697,T0062185,30.73
O004,C03830,T0076881,27.47
O002,C04622,T0071346,46.01
O004,C01324,T0093737,309.05
O014,C04404,T0029001,10.09
O019,C03382,T0004864,60.18
O004,C01998,T0049296,52.86
O006,C04212,T0061491,345.28
O001,C03450,T0002481,490.07
O015,C01962,T0042068,36.5
O018,C04994,T0029318,209.82
O007,C02156,T0084325,16.29
O016,C03304,T0051288,116.29
O009,C00032,T0076240,233.47
O011,C00011,T0054762,115.84
O013,C00293,T0017456,31.26
O002,C00267,T0010439,113.51
O020,C03259,T0090797,78.28
O019,C01307,T0002472,62.96
O009,C01873,T0030706,11.24
O016,C00627,T0088809,31.96
O002,C01093,T0062125,140.51
O018,C01584,T0014093,47.85
O015,C02002,T0072765,15.82
O010,C02067,T0071800,139.95
O005,C00903,T0024651,693.41
O019,C00947,T0058853,81.85
O008,C01646,T0033789,598.7
O016,C01373,T0078962,92.69
O014,C04593,T0061442,26.01
O007,C04304,T0061039,11.08
O018,C04281,T0064986,73.6
O012,C04579,T0052415,24.46
O006,C04490,T0088899,81.2
O010,C02962,T0045439,85.62
O016,C01981,T0083391,8.87
O012,C03453,T0035686,14.49
O012,C01292,T0038036,762.09
O010,C04732,T0023314,89.49
O002,C02267,T0008724,13.98
O017,C01459,T0056907,64.8
O006,C01758,T0037102,185.73
O014,C03819,T0015177,58.8
O016,C04488,T0029233,28.73
O018,C01887,T0093656,63.29
O020,C03071,T0077201,50.1
O014,C00263,T0005681,27.78
O020,C03853,T0038194,135.87
O014,C00990,T0007262,6.96
O007,C03756,T0045341,46.45
O004,C04983,T0007475,47.76
O014,C01709,T0030511,18.28
O006,C01775,T0000886,58.05
O009,C00295,T0032947,748.44
O012,C00137,T0066547,311.28
O015,C01132,T0076104,13.22
O018,C04668,T0095884,115.88
O016,C00537,T0061118,7.94
O004,C01113,T0083693,1286.4
O010,C01185,T0001883,57.4
O012,C04945,T0016534,228.42
O010,C02204,T0098619,47.06
O016,C02859,T0007119,42.01
O002,C00457,T0015200,43.6
O014,C04032,T0096844,12.92
O006,C02229,T0075117,320.42
O006,C00998,T0030530,138.7
O020,C01744,T0003495,47.72
O009,C02519,T0001119,21.09
O018,C01287,T0039951,18.53
O017,C01060,T0065782,120.26
O016,C01657,T0034594,26.25
O004,C02866,T0042792,360.88
O016,C00012,T0085230,42.77
O017,C01892,T0035471,63.92
O013,C02296,T0051243,71.83
O020,C03308,T0014813,150.95
O006,C04776,T0013051,50.92
O011,C04239,T0082475,99.31
O008,C01069,T0081174,648.67
O003,C02700,T0036237,80.53
O018,C01516,T0027398,31.82
O004,C03102,T0022040,113.45
O011,C03330,T0039403,105.44
O005,C00575,T0013806,2320.05
O013,C01919,T0037573,6.65
O019,C00895,T0027196,49.57
O004,C04847,T0021522,203.79
O004,C02121,T0034064,28.92
O009,C04373,T0007674,46.07
O008,C02594,T0071699,264.55
O008,C03916,T0091132,470.65
O012,C04009,T0019279,53.33
O009,C03674,T0072927,1.76
O018,C03263,T0015899,109.83
O001,C02627,T0098504,90.14
O005,C03308,T0051592,230.11
O019,C00241,T0018891,6.4
O001,C03755,T0093559,216.3
O005,C00245,T0004542,51.43
O007,C04472,T0025759,63.18
O015,C02150,T0010249,35.21
O017,C04478,T0037787,29.25
O018,C00548,T0078111,83.04
O011,C03309,T0037428,564.92
O005,C00251,T0000119,324.93
O005,C01855,T0089004,20.34
O007,C02258,T0087155,87.39
O009,C02561,T0019688,5.68
O012,C01278,T0092659,34.8
O004,C01951,T0039621,75.83
O017,C01392,T0091660,86.79
O014,C00599,T0011902,40.3
O006,C01257,T0082861,128.85
O016,C03305,T0057934,21.21
O016,C01578,T0095133,34.82
O017,C01381,T0068796,300.51
O020,C00111,T0047838,118.27
O011,C04792,T0010656,118.37
O017,C03088,T0099480,94.06
O001,C04495,T0039900,75.17
O005,C04602,T0094642,88.0
O001,C00809,T0038756,191.66
O011,C00916,T0054374,219.13
O019,C04806,T0026559,62.17
O016,C04196,T0069454,56.83
O015,C02381,T0047319,35.19
O014,C00631,T0087895,58.81
O018,C02940,T0016536,171.67
O009,C01845,T0068499,7.37
O009,C02491,T0074829,125.89
O001,C02616,T0033489,197.8
O001,C01059,T0016851,929.36
O009,C03031,T0036544,38.87
O014,C00749,T0059449,147.76
O007,C02703,T0008201,14.66
O008,C01886,T0049530,370.66
O009,C00395,T0006771,43.77
O002,C03587,T0038557,40.04
O014,C00598,T0096683,70.52
O006,C04615,T0046810,251.8
O004,C03031,T0081187,35.45
O016,C00054,T0024279,253.93
O008,C03845,T0081261,204.6
O013,C04612,T0040729,25.12
O008,C00333,T0053671,48.7
O017,C03736,T0019854,116.32
O008,C02947,T0060659,1678.76
O008,C01518,T0085675,167.71
O017,C01710,T0064273,64.47
O019,C04981,T0058262,8.73
O019,C01615,T0043491,250.22
O005,C03209,T0047450,25.54
O010,C02963,T0058091,100.31
O006,C03054,T0077863,239.99
O009,C00387,T0095705,17.04
O005,C03703,T0054362,38.57
O002,C00261,T0095307,25.52
O012,C04370,T0080506,58.11
O008,C03262,T0052366,54.62
O012,C04949,T0062417,299.8
O004,C02779,T0031360,49.28
O016,C01653,T0091708,70.73
O009,C02845,T0006629,9.84
O009,C03119,T0038018,38.2
O007,C03844,T0015985,144.59
O001,C01398,T0016237,206.23
O010,C03644,T0023589,24.67
O005,C01821,T0006859,78.66
O001,C02388,T0050358,150.8
O018,C04061,T0070599,103.28
O018,C02952,T0076799,306.26
O014,C03940,T0012731,14.32
O018,C04469,T0080105,207.3
O016,C03135,T0047495,55.95
O017,C02317,T0000328,410.31
O014,C04132,T0098239,29.1
O011,C01678,T0057114,408.54
O018,C00611,T0039277,100.18
O007,C03436,T0096074,12.49
O013,C02970,T0037445,5.7
O013,C01876,T0069838,537.99
O018,C03974,T0006180,190.63
O005,C04715,T0062804,601.51
O014,C00937,T0070069,52.37
O004,C00539,T0076740,97.05
O001,C04539,T0025341,73.37
O016,C00813,T0039741,20.25
O004,C03367,T0053494,132.44
O020,C03153,T0066455,396.02
O006,C02082,T0084040,102.25
O015,C03863,T0048756,123.66
O013,C02818,T0067037,50.07
O015,C03780,T0066534,53.54
O001,C04996,T0003279,43.84
O002,C00525,T0054174,75.86
O005,C00316,T0014592,167.1
O018,C00568,T0068679,21.47
O012,C00323,T0068552,234.44
O014,C04558,T0020432,16.81
O017,C04149,T0077168,153.64
O011,C04251,T0072344,101.26
O004,C01626,T0044420,38.19
O017,C00998,T0019544,15.21
O011,C01742,T0056787,336.03
O014,C00313,T0053368,15.1
O016,C02047,T0036911,77.16
O017,C02130,T0098026,49.13
O010,C01472,T0009598,53.08
O012,C03126,T0090795,163.25
O005,C04846,T0044908,194.75
O008,C03127,T0033093,66.11
O014,C03893,T0019659,55.12
O015,C01951,T0012063,25.93
O010,C02240,T0033363,43.86
O004,C04576,T0058002,22.71
O012,C01512,T0015795,307.45
O012,C04413,T0016680,54.08
O015,C01328,T0075329,45.87
O005,C01426,T0086203,961.21
O004,C02007,T0000291,64.9
O005,C04101,T0021603,118.97
O009,C02438,T0064242,43.08
O005,C04194,T0096606,62.03
O010,C04555,T0090114,234.28
O012,C02128,T0072149,44.13
O018,C00648,T0055846,55.9
O015,C01750,T0080082,110.13
O020,C04483,T0064675,114.03
O018,C02591,T0095368,41.72
O011,C00555,T0055140,88.7
O003,C02808,T0088857,138.9
O004,C00859,T0092120,108.27
O020,C01683,T0092136,1243.17
O008,C00292,T0077694,44.03
O004,C02532,T0063298,54.52
O008,C04982,T0059783,140.26
O004,C04622,T0038924,119.05
O012,C02044,T0091539,86.6
O013,C00498,T0084350,24.27
O014,C04729,T0051683,26.18
O002,C00158,T0080339,46.81
O012,C04046,T0072301,87.68
O010,C00166,T0033449,88.84
O014,C04209,T0086823,15.85
O013,C02776,T0015784,105.95
O004,C03850,T0087004,60.85
O020,C02520,T0084588,211.52
O012,C03072,T0061803,772.62
O010,C03969,T0061932,62.74
O018,C03558,T0037837,43.45
O016,C01892,T0018165,51.8
O012,C01716,T0028376,60.62
O001,C00094,T0042296,60.99
O005,C01657,T0035379,763.21
O006,C04849,T0070527,223.46
O010,C01214,T0071806,407.21
O001,C03056,T0054007,721.35
O017,C03920,T0078162,191.29
O008,C03657,T0051536,43.14
O005,C04517,T0008194,155.74
O013,C03979,T0053240,63.04
O015,C04385,T0075576,39.94
O005,C01994,T0052003,26.27
O017,C03193,T0051310,49.37
O016,C03966,T0027244,74.33
O009,C01198,T0047094,7.92
O007,C00386,T0035707,272.25
O013,C03636,T0019677,17.03
O011,C04937,T0080983,69.89
O006,C04881,T0091129,830.46
O010,C01966,T0069746,883.39
O001,C02940,T0082979,86.15
O007,C03848,T0050308,27.4
O011,C03543,T0043527,64.67
O019,C03859,T0019508,31.35
O018,C01745,T0073578,49.87
O018,C00131,T0037668,64.12
O020,C01009,T0053302,204.65
O009,C01403,T0043844,48.68
O013,C00132,T0093284,55.67
O014,C03833,T0032538,7.96
O005,C04929,T0042544,1331.27
O008,C01127,T0094441,113.74
O016,C01115,T0092693,27.29
O007,C01621,T0034530,68.66
O016,C04125,T0082061,13.22
O015,C03643,T0069279,69.86
O013,C00562,T0012181,44.28
O009,C03994,T0007732,77.42
O008,C00023,T0070757,174.13
O014,C03450,T0024819,15.11
O017,C00693,T0011262,56.72
O011,C02315,T0076199,469.58
O007,C01407,T0023742,134.84
O009,C04915,T0018126,7.02
O006,C02137,T0095923,220.18
O018,C02134,T0073437,76.48
O016,C02200,T0007845,29.95
O012,C04246,T0098989,50.11
O001,C02853,T0030209,608.85
O004,C04355,T0015479,68.62
O012,C02943,T0031496,141.02
O002,C03339,T0017143,25.24
O007,C00002,T0069238,175.56
O005,C01738,T0012513,155.99
O009,C04313,T0046864,49.36
O010,C01783,T0077162,179.24
O006,C01795,T0059479,444.67
O005,C03782,T0098821,627.64
O002,C03622,T0049836,33.32
O009,C03788,T0039268,13.25
O007,C02823,T0000146,80.13
O011,C03570,T0071661,285.66
O008,C01297,T0015285,83.75
O013,C02662,T0017670,127.63
O003,C04940,T0085052,37.85
O005,C01334,T0006247,106.45
O019,C00087,T0049207,63.32
O017,C00769,T0093494,88.1
O012,C04829,T0093344,107.21
O019,C01759,T0089797,41.93
O002,C00086,T0083008,602.39
O009,C01195,T0046350,10.96
O017,C02364,T0059775,426.12
O011,C04417,T0031887,134.08
O015,C00392,T0030537,122.96
O019,C01389,T0074953,286.84
O016,C04028,T0033044,64.31
O019,C02178,T0011282,119.23
O016,C03018,T0038368,12.84
O008,C03118,T0096798,209.95
O013,C02145,T0038767,35.36
O006,C02027,T0004606,1298.31
O002,C03523,T0060407,37.03
O018,C03368,T0097719,49.61
O008,C01895,T0027367,113.25
O015,C00937,T0069852,219.26
O018,C02078,T0022840,96.94
O003,C04966,T0070433,33.47
O010,C04927,T0078040,46.15
O020,C03070,T0099091,469.08
O010,C04630,T0004972,431.37
O003,C04411,T0026746,90.27
O004,C02749,T0082457,28.81
O006,C02667,T0075770,40.52
O012,C00922,T0049385,27.96
O011,C04770,T0093514,40.48
O006,C02421,T0043270,195.15
O007,C02136,T0091982,278.95
O014,C04212,T0053376,25.21
O013,C03918,T0010605,29.96
O019,C03814,T0021547,16.66
O019,C00692,T0078121,11.01
O005,C03486,T0065334,47.77
O008,C04971,T0055395,27.73
O011,C02193,T0065760,97.75
O003,C02154,T0000579,921.33
O006,C03555,T0018792,779.56
O009,C03095,T0090584,17.32
O015,C00473,T0015963,16.41
O012,C01203,T0065001,49.62
O014,C00064,T0003062,15.83
O001,C03133,T0090182,84.61
O016,C02046,T0042130,17.86
O019,C01061,T0048998,59.06
O007,C00785,T0043303,70.13
O015,C01751,T0082934,83.49
O015,C00986,T0088160,15.41
O010,C01482,T0019077,215.43
O006,C02461,T0078448,65.73
O008,C03561,T0080531,64.17
O005,C03567,T0043631,167.67
O012,C02972,T0038471,123.68
O009,C01813,T0072041,5.46
O011,C02033,T0054992,122.26
O004,C03963,T0019355,141.74
O012,C03982,T0032905,126.53
O020,C00714,T0083951,57.53
O007,C03405,T0043630,43.46
O004,C02397,T0080730,16.04
O011,C03863,T0083812,45.87
O011,C03881,T0019997,636.84
O006,C01832,T0039873,240.36
O005,C02191,T0035894,506.5
O006,C00142,T0079612,102.51
O005,C01236,T0008353,15.56
O011,C04558,T0019956,136.9
O013,C02764,T0072138,69.05
O017,C04733,T0045160,74.15
O002,C01469,T0035229,38.93
O009,C03835,T0015578,17.95
O013,C03051,T0076812,22.41
O019,C04093,T0012763,70.0
O005,C01262,T0062786,172.27
O015,C01040,T0077367,34.61
O007,C04775,T0010324,67.99
O010,C04429,T0098611,217.57
O015,C00625,T0078572,39.48
O014,C04476,T0086184,80.24
O017,C00934,T0099836,110.02
O006,C03766,T0058200,56.05
O007,C03626,T0080184,40.37
O008,C00570,T0057011,76.73
O003,C02834,T0043489,199.31
O013,C00666,T0021104,23.53
O018,C03207,T0045634,55.45
O014,C00295,T0076952,17.65
O013,C04241,T0024889,37.89
O009,C02774,T0042244,12.79
O014,C02431,T0097532,6.94
O007,C04014,T0045042,92.86
O011,C00408,T0025741,46.79
O013,C04500,T0034762,52.89
O018,C01749,T0023180,29.14
O016,C02101,T0012618,53.9
O013,C03691,T0036525,19.76
O001,C04709,T0020272,1791.63
O008,C04481,T0001325,504.59
O020,C04556,T0030641,321.61
O004,C02797,T0000861,137.53
O004,C00559,T0063562,177.94
O016,C04551,T0050447,18.85
O011,C01733,T0085918,167.26
O019,C00207,T0084832,336.53
O003,C02182,T0079341,77.33
O006,C01441,T0099744,196.42
O002,C03327,T0080629,29.26
O017,C04134,T0068026,31.06
O019,C00080,T0090907,17.86
O007,C00992,T0009493,181.71
O009,C02291,T0058133,17.39
O007,C04383,T0040990,30.57
O003,C01339,T0068515,113.84
O007,C01171,T0067271,88.58
O017,C02294,T0071170,95.66
O014,C00206,T0018613,91.49
O011,C04416,T0023955,48.02
O019,C04626,T0019865,44.54
O005,C04834,T0003133,29.49
O014,C04381,T0009678,56.24
O008,C04396,T0003713,53.76
O010,C02167,T0096250,459.67
O003,C00537,T0015730,122.08
O016,C00363,T0038155,28.54
O013,C03992,T0019935,54.89
O016,C00052,T0004482,25.83
O017,C01655,T0028569,34.31
O014,C01118,T0090313,47.73
O011,C00790,T0021696,36.3
O008,C04504,T0000781,79.18
O004,C02193,T0080254,84.92
O007,C03371,T0057740,73.57
O012,C00522,T0044717,265.7
O019,C01352,T0007520,94.58
O018,C02594,T0040033,113.63
O006,C00946,T0071756,151.7
O001,C00297,T0015362,362.79
O004,C04311,T0037475,228.02
O006,C00109,T0018415,125.47
O003,C01125,T0078695,43.92
O018,C01079,T0071108,39.92
O006,C02292,T0036761,158.92
O015,C04866,T0077825,20.73
O017,C03557,T0068776,256.41
O008,C03798,T0037803,145.47
O014,C01222,T0075142,12.34
O006,C03594,T0021555,27.37
O006,C03404,T0051904,460.32
O012,C03851,T0081370,144.71
O012,C02250,T0017024,234.47
O007,C01874,T0084561,25.98
O016,C01481,T0064311,40.51
O020,C00808,T0092035,30.42
O004,C03966,T0025935,67.28
O005,C00259,T0053136,57.02
O003,C03647,T0072072,6.66
O002,C04776,T0086401,31.12
O020,C01309,T0014439,144.34
O017,C03842,T0083584,
O001,C03244,T0052356,754.63
O014,C02226,T0076772,17.8
O002,C03355,T0063031,21.95
O005,C02836,T0064053,52.95
O009,C00951,T0057733,18.97
O016,C00110,T0052027,21.03
O007,C04650,T0025805,21.46
O009,C01660,T0096992,14.13
O008,C02375,T0028770,191.87
O001,C00813,T0017378,124.34
O009,C01912,T0056011,68.97
O014,C02076,T0066616,100.02
O006,C03220,T0038444,18.52
O009,C01658,T0057718,15.62
O014,C00430,T0048439,52.47
O004,C00194,T0070181,153.07
O009,C02293,T0062933,21.81
O001,C00694,T0024395,41.82
O006,C03565,T0052498,78.92
O003,C03418,T0048126,168.36
O016,C00903,T0081788,263.71
O017,C01265,T0088989,55.64
O002,C04301,T0030228,14.08
O014,C01454,T0043179,26.94
O009,C04279,T0013743,70.45
O010,C03122,T0027239,72.65
O002,C04024,T0056982,29.28
O012,C04700,T0097000,75.84
O014,C04514,T0071237,33.71
O005,C01065,T0043971,272.24
O013,C04969,T0088904,67.79
O007,C04581,T0044479,24.89
O004,C04013,T0058256,71.55
O003,C04886,T0067281,224.01
O017,C02473,T0017885,55.32
O005,C01358,T0006825,122.1
O016,C01924,T0055796,39.78
O001,C00851,T0048890,38.19
O002,C04104,T0006208,184.06
O004,C00440,T0098673,200.85
O010,C02380,T0004004,147.37
O008,C01721,T0022243,168.73
O016,C00283,T0039258,13.31
O003,C04320,T0093483,62.21
O018,C04993,T0096192,83.22
O010,C02000,T0087916,59.49
O004,C01841,T0013081,110.44
O009,C03525,T0040469,15.47
O016,C02980,T0061247,10.42
O014,C03736,T0086019,8.65
O010,C00137,T0035318,649.83
O003,C03167,T0006302,174.58
O008,C01005,T0058759,601.28
O010,C02302,T0099485,110.58
O008,C00923,T0027563,269.28
O006,C03300,T0016070,161.73
O012,C00079,T0045773,35.25
O017,C01958,T0085538,56.83
O017,C00978,T0061682,68.1
O019,C03868,T0010767,64.27
O014,C04829,T0057951,50.31
O011,C04779,T0008741,12.94
O007,C03334,T0079050,25.2
O019,C00721,T0054008,32.03
O001,C00805,T0015399,1256.14
O002,C04776,T0016056,25.46
O011,C00515,T0003494,421.87
O018,C04124,T0025299,57.51
O002,C01505,T0050367,62.06
O010,C01709,T0017821,85.4
O004,C04423,T0077317,73.93
O012,C02247,T0022098,135.51
O010,C04344,T0006249,167.42
O003,C00479,T0037561,161.36
O015,C04915,T0047651,66.57
O019,C02618,T0075244,32.82
O017,C04709,T0031924,101.97
O010,C02949,T0028811,131.66
O011,C00934,T0079246,170.02
O012,C02678,T0060120,42.44
O019,C02323,T0059247,12.06
O002,C02346,T0060122,135.53
O007,C04244,T0040031,123.7
O019,C04411,T0074913,32.34
O007,C03055,T0099740,11.26
O005,C04542,T0039112,125.26
O013,C02785,T0020524,26.02
O009,C02266,T0079105,11.04
O011,C02495,T0034193,202.43
O003,C00346,T0075309,90.31
O013,C00131,T0092226,44.01
O018,C01797,T0008911,18.76
O018,C02010,T0098186,71.47
O019,C04449,T0074837,124.59
O006,C00475,T0002060,481.78
O011,C01899,T0047198,617.66
O005,C04283,T0049105,752.06
O007,C02987,T0006831,37.65
O002,C03783,T0022836,19.97
O005,C03405,T0070902,156.8
O018,C02668,T0061635,101.89
O007,C01193,T0097075,22.33
O016,C04972,T0084107,89.0
O015,C01881,T0040913,72.48
O011,C01157,T0014251,85.22
O003,C03350,T0070824,74.71
O013,C00684,T0020180,71.88
O007,C04772,T0061534,40.37
O016,C03874,T0074433,65.68
O015,C01980,T0047514,23.11
O012,C02504,T0077827,105.51
O010,C01799,T0007127,195.83
O020,C04645,T0018135,124.5
O016,C02377,T0047446,57.49
O008,C01618,T0017389,72.07
O015,C00163,T0051476,11.82
O007,C02244,T0042155,200.65
O005,C00439,T0065168,342.21
O018,C03937,T0014588,152.84
O001,C00618,T0021695,156.79
O008,C02163,T0012534,53.97
O016,C03815,T0035492,40.92
O003,C04550,T0088364,365.62
O007,C02783,T0095145,24.53
O015,C03548,T0066819,41.87
O009,C03820,T0055457,148.41
O002,C03065,T0008937,16.45
O017,C04453,T0061532,596.48
O018,C04015,T0052888,122.92
O013,C00112,T0014375,157.12
O014,C00513,T0008216,24.51
O009,C03152,T0048799,29.87
O016,C00867,T0070353,206.94
O005,C02941,T0046836,413.64
O017,C00462,T0043305,24.45
O018,C03432,T0092660,47.47
O008,C00283,T0003767,70.88
O004,C04540,T0052770,108.63
O019,C00077,T0075991,155.96
O011,C04334,T0046919,238.92
O013,C00363,T0075768,60.47
O011,C01735,T0022619,294.49
O004,C02200,T0039138,336.15
O010,C04343,T0099362,53.78
O020,C01533,T0091585,94.51
O019,C02966,T0041717,46.17
O003,C01364,T0074743,757.83
O003,C00237,T0094554,109.12
O012,C00787,T0030575,250.72
O012,C00974,T0086131,245.89
O014,C00590,T0099329,4.9
O014,C03044,T0036935,5.37
O011,C01289,T0049968,80.18
O020,C04078,T0010532,197.97
O005,C02629,T0023748,90.22
O008,C00051,T0025747,272.65
O013,C01391,T0031366,43.83
O001,C02011,T0083335,61.27
O019,C01037,T0089097,194.19
O012,C03535,T0048791,75.21
O006,C01653,T0021652,337.02
O013,C02202,T0098373,83.37
O004,C04634,T0014987,27.78
O014,C04960,T0059779,13.12
O013,C01562,T0050232,123.8
O017,C01632,T0051264,43.5
O008,C00611,T0004156,226.85
O009,C00599,T0096198,12.53
O008,C02578,T0003036,268.39
O009,C03746,T0026739,33.7
O018,C02939,T0098450,197.84
O007,C02396,T0043562,34.29
O001,C00910,T0071311,633.62
O015,C03641,T0024424,73.66
O018,C01596,T0046602,271.34
O006,C03676,T0000200,193.66
O019,C00581,T0063087,67.47
O005,C00918,T0066010,124.93
O004,C02631,T0087870,73.34
O018,C02604,T0056579,83.84
O019,C01942,T0031124,27.48
O005,C02066,T0080743,161.46
O016,C00922,T0060425,41.63
O004,C04193,T0091563,94.97
O001,C02255,T0004458,82.21
O009,C01458,T0084812,52.63
O018,C02743,T0069210,150.4
O016,C03306,T0005640,31.71
O015,C01760,T0065468,20.43
O014,C01541,T0007366,56.64
O006,C01833,T0035967,175.0
O015,C01557,T0026209,37.93
O017,C04381,T0076385,648.85
O014,C04947,T0037228,19.42
O015,C01140,T0021246,98.19
O017,C00062,T0012812,370.85
O002,C04896,T0018739,32.51
O012,C03679,T0038711,175.28
O015,C03656,T0082355,38.57
O004,C04535,T0020677,24.14
O012,C00287,T0072732,176.32
O014,C04608,T0061202,131.26
O008,C03156,T0038633,141.43
O012,C00032,T0042066,50.51
O011,C04586,T0031155,52.82
O020,C04803,T0007367,81.99
O007,C01328,T0047235,32.96
O018,C02611,T0050257,102.79
O011,C00414,T0046991,38.22
O017,C04027,T0021329,458.74
O006,C04465,T0066339,161.51
O018,C00418,T0055081,127.81
O002,C02654,T0073317,29.53
O007,C00417,T0011905,49.22
O017,C03748,T0036766,64.6
O015,C01782,T0012857,29.9
O014,C00843,T0008853,118.09
O013,C02752,T0015237,150.18
O014,C02814,T0060388,111.2
O017,C01351,T0068377,45.4
O013,C01324,T0091317,119.76
O003,C04531,T0078399,97.06
O001,C01646,T0079500,17.76
O018,C01755,T0045255,50.83
O015,C04435,T0023446,60.55
O007,C02047,T0083974,62.01
O013,C03378,T0073761,54.26
O003,C02828,T0065657,60.27
O007,C03698,T0052236,18.69
O008,C00265,T0034125,460.12
O004,C02888,T0021604,55.42
O009,C01482,T0047059,20.51
O020,C00608,T0005479,357.82
O009,C03787,T0028337,10.61
O020,C00866,T0042283,124.91
O012,C03212,T0064771,44.35
O010,C00130,T0039417,137.78
O015,C02988,T0042685,60.58
O014,C03458,T0042004,11.23
O017,C04874,T0052179,84.75
O007,C02372,T0000325,84.1
O015,C04826,T0066300,23.26
O002,C01282,T0092003,14.89
O007,C01568,T0035081,15.55
O010,C01610,T0041689,310.56
O005,C02701,T0056955,129.33
O009,C00330,T0088852,12.34
O004,C00546,T0023421,26.93
O007,C00203,T0013522,379.78
O012,C02525,T0095314,26.09
O011,C04811,T0055447,118.63
O001,C03588,T0078240,33.36
O008,C02343,T0000672,122.62
O016,C03526,T0037438,35.04
O011,C00729,T0010832,79.68
O002,C00460,T0040319,46.42
O006,C02414,T0071636,62.1
O018,C00351,T0044575,95.59
O020,C04469,T0041259,393.69
O011,C02754,T0074499,109.61
O004,C03174,T0036801,13.41
O015,C02195,T0081223,33.16
O020,C04547,T0084326,69.5
O006,C03008,T0081925,112.5
O013,C00381,T0072772,52.28
O010,C03252,T0072832,37.01
O012,C03663,T0009913,75.16
O001,C00131,T0027135,91.13
O013,C02504,T0061590,35.96
O012,C00966,T0044376,183.38
O002,C02741,T0092092,514.15
O012,C02703,T0052882,23.41
O012,C04653,T0067468,426.62
O003,C04476,T0084202,310.36
O005,C04432,T0076345,208.87
O004,C03773,T0099483,101.72
O003,C01325,T0090954,39.73
O009,C01522,T0083021,25.17
O009,C04631,T0014669,42.44
O004,C03428,T0087557,121.68
O005,C04758,T0068290,500.1
O005,C02316,T0035140,67.58
O001,C01946,T0068985,54.42
O003,C03462,T0063756,80.51
O009,C00804,T0006567,35.86
O013,C00331,T0039305,187.81
O016,C02145,T0063922,20.66
O009,C01132,T0011666,116.8
O017,C03127,T0057224,407.47
O003,C03242,T0029015,124.9
O020,C00086,T0052145,63.16
O017,C03231,T0002891,176.17
O018,C02747,T0044168,36.97
O007,C02243,T0030657,21.82
O019,C03741,T0009252,31.75
O011,C02517,T0038436,33.98
O012,C02352,T0046545,112.41
O015,C00846,T0066799,48.22
O015,C01773,T0075502,93.47
O014,C01778,T0002245,14.66
O017,C00209,T0033382,165.54
O005,C03659,T0065137,51.44
O003,C01789,T0049630,98.61
O011,C01470,T0075674,111.12
O010,C01906,T0054497,141.77
O005,C00234,T0026770,1206.16
O011,C03441,T0017813,49.71
O001,C03631,T0050676,327.62
O020,C02639,T0024959,86.82
O017,C02780,T0041970,142.49
O015,C03257,T0018927,10.48
O007,C00500,T0092799,75.36
O016,C03879,T0042837,63.78
O013,C02290,T0030797,78.21
O016,C02307,T0097124,24.9
O003,C04174,T0094840,56.82
O018,C01764,T0031715,35.43
O004,C04955,T0034285,409.95
O015,C01558,T0023978,79.09
O002,C01188,T0067498,45.74
O004,C04983,T0041363,139.74
O009,C02651,T0047578,16.13
O018,C00262,T0041374,582.1
O014,C01079,T0006128,6.05
O006,C02053,T0009850,27.34
O001,C04459,T0078131,61.23
O019,C00030,T0004445,16.47
O013,C02114,T0002884,45.36
O009,C03891,T0090784,53.78
O017,C00908,T0039016,248.29
O009,C04781,T0066928,19.26
O015,C00464,T0068843,193.65
O014,C03762,T0002804,35.05
O020,C03035,T0053889,299.99
O018,C02041,T0072422,34.76
O009,C02269,T0060497,12.26
O017,C03240,T0071593,32.66
O016,C03863,T0060239,12.22
O017,C01375,T0047892,88.61
O007,C00771,T0007893,44.67
O004,C02885,T0049649,24.56
O013,C04935,T0034438,41.17
O009,C00179,T0039155,57.14
O015,C00384,T0062224,67.73
O005,C03009,T0090832,210.7
O005,C01644,T0019155,156.32
O004,C00913,T0049753,412.13
O014,C03141,T0011963,8.17
O015,C00488,T0000865,74.97
O008,C03480,T0063130,71.12
O001,C04501,T0026688,132.78
O007,C01519,T0056898,6.18
O012,C02460,T0034860,94.7
O018,C02230,T0080857,37.49
O013,C00845,T0063114,68.0
O017,C00477,T0082903,191.33
O007,C04411,T0008332,25.69
O019,C00362,T0039936,61.01
O012,C04381,T0070767,186.79
O009,C04015,T0044195,14.21
O010,C04457,T0066812,102.01
O004,C02164,T0074765,60.24
O013,C03065,T0075333,129.61
O008,C03378,T0082275,78.32
O006,C04352,T0049815,536.36
O002,C02135,T0015946,205.67
O018,C01458,T0067314,153.71
O012,C02161,T0054791,117.07
O013,C01333,T0072401,59.27
O014,C01649,T0047947,69.41
O001,C02478,T0085542,49.57
O012,C04833,T0053657,116.63
O015,C00366,T0071278,45.69
O018,C02538,T0097606,51.46
O005,C02157,T0085783,42.64
O017,C03335,T0044661,167.8
O002,C01830,T0024035,12.39
O001,C00479,T0068636,51.94
O015,C02083,T0021423,69.49
O013,C02865,T0081875,183.66
O012,C03505,T0016067,99.6
O016,C01343,T0060279,41.23
O009,C03156,T0091344,8.54
O004,C03129,T0062592,187.25
O001,C03546,T0023743,382.62
O019,C04720,T0029137,42.68
O011,C04247,T0012208,29.92
O017,C04434,T0062004,81.3
O005,C04246,T0016201,884.13
O020,C00499,T0066416,308.17
O013,C00618,T0093167,64.87
O010,C00282,T0090762,84.55
O008,C03150,T0081488,112.42
O008,C03725,T0035128,47.43
O016,C03592,T0099885,18.35
O017,C03839,T0005710,43.68
O012,C00403,T0060081,28.08
O012,C04418,T0035536,65.94
O016,C01620,T0099111,32.38
O014,C04997,T0065463,20.23
O017,C01043,T0001674,104.98
O006,C03483,T0052085,60.94
O016,C00538,T0039178,18.96
O019,C04705,T0023554,42.93
O010,C00455,T0013251,59.01
O013,C00250,T0098169,162.0
O020,C01959,T0056630,138.99
O007,C02027,T0062852,32.74
O004,C02091,T0024976,93.34
O020,C00037,T0065002,296.32
O010,C03116,T0061191,94.3
O011,C00438,T0040535,92.96
O009,C02375,T0085512,8.78
O010,C01715,T0047814,308.0
O015,C03189,T0098372,24.4
O018,C00990,T0009333,96.32
O019,C01117,T0066124,41.42
O018,C04386,T0002889,107.86
O001,C00387,T0013627,767.12
O007,C03751,T0097947,14.88
O019,C00356,T0090746,30.2
O002,C03598,T0047823,100.12
O016,C03537,T0010683,12.21
O020,C03326,T0059342,67.27
O005,C02441,T0038979,200.6
O009,C02199,T0069498,11.11
O011,C04726,T0088386,233.49
O010,C00357,T0078554,157.98
O018,C01340,T0070683,41.43
O009,C00145,T0025879,8.18
O013,C00390,T0080637,38.79
O009,C00288,T0022753,3.43
O018,C03835,T0080522,53.49
O018,C03733,T0055657,134.07
O001,C04203,T0017162,108.45
O007,C04693,T0050189,26.84
O009,C00255,T0052997,4.09
O011,C01410,T0036629,146.09
O015,C00295,T0048808,46.89
O019,C00172,T0067190,21.82
O007,C03294,T0041679,98.59
O011,C03167,T0001204,146.06
O008,C02042,T0071462,68.08
O015,C00075,T0068719,28.51
O010,C00514,T0085138,113.35
O011,C03252,T0016637,614.88
O005,C00655,T0084285,96.1
O006,C03862,T0092216,101.46
O009,C04742,T0018080,125.4
O011,C02982,T0030490,47.39
O016,C03613,T0064015,23.41
O020,C04696,T0050796,161.83
O013,C03534,T0029735,114.84
O006,C03927,T0070119,43.48
O003,C02928,T0003310,107.69
O013,C03613,T0028919,457.56
O015,C04384,T0002363,22.5
O017,C01032,T0053184,38.7
O016,C01208,T0083708,15.81
O003,C02153,T0030741,48.62
O010,C03888,T0041088,154.6
O013,C01082,T0099030,75.07
O007,C04343,T0010090,36.48
O020,C01229,T0059132,49.94
O009,C03308,T0038715,8.16
O008,C04735,T0010065,57.14
O015,C01619,T0002326,23.57
O004,C04617,T0031011,539.43
O017,C01874,T0049939,840.19
O002,C02504,T0056533,35.8
O008,C04871,T0069874,161.18
O011,C01833,T0074209,94.45
O006,C04285,T0090866,20.78
O007,C00384,T0017228,19.63
O004,C02932,T0035312,125.02
O003,C02128,T0085950,97.39
O009,C01190,T0017972,6.89
O001,C01154,T0082674,33.23
O011,C03838,T0002163,62.37
O001,C04787,T0046082,83.91
O012,C01771,T0074045,62.42
O009,C00331,T0087691,10.28
O007,C02600,T0079394,15.89
O010,C04401,T0012351,78.53
O015,C02691,T0036423,13.23
O009,C04614,T0023835,69.7
O012,C00905,T0022121,133.93
O005,C02145,T0008975,169.7
O003,C03489,T0093749,87.77
O013,C00096,T0035871,43.89
O005,C00509,T0089160,244.8
O012,C00806,T0086007,273.76
O008,C01818,T0078604,175.85
O020,C00868,T0035191,1033.5
O011,C03917,T0045861,99.18
O007,C01653,T0085014,35.67
O004,C00066,T0012895,174.61
O014,C02348,T0070946,18.82
O004,C04907,T0011583,111.4
O013,C01749,T0058005,34.83
O006,C02752,T0059502,252.16
O013,C00809,T0045190,118.37
O019,C04289,T0094975,57.71
O011,C01845,T0040977,80.16
O006,C02704,T0046726,62.34
O007,C02981,T0058765,44.89
O011,C00341,T0046608,325.37
O018,C04940,T0027142,65.23
O009,C02701,T0091282,17.35
O003,C04397,T0021986,49.67
O011,C00104,T0048912,30.13
O019,C01121,T0051930,28.7
O001,C04232,T0058794,303.68
O016,C04965,T0029909,12.32
O013,C03599,T0063608,14.89
O019,C01467,T0076074,57.19
O007,C02097,T0017231,15.0
O017,C00754,T0035009,222.92
O020,C02772,T0076596,99.4
O018,C04622,T0055183,48.06
O014,C03658,T0014751,32.04
O012,C00298,T0046209,35.26
O003,C01137,T0003109,87.87
O012,C02463,T0063772,118.07
O014,C00804,T0011933,24.1
O009,C03821,T0035447,9.0
O008,C02131,T0032780,705.58
O019,C02573,T0043176,28.7
O013,C00399,T0064622,19.26
O015,C03314,T0092082,27.96
O006,C04820,T0074361,101.26
O016,C01641,T0054177,130.71
O007,C03579,T0013335,35.82
O018,C03307,T0012268,28.12
O010,C03319,T0054602,766.91
O013,C03693,T0009067,126.97
O008,C03202,T0025604,575.82
O015,C02104,T0044383,55.46
O020,C03203,T0043865,272.81
O010,C02354,T0033040,36.85
O012,C04853,T0042048,231.02
O009,C04796,T0027241,18.16
O011,C00804,T0039477,290.64
O017,C01782,T0071744,282.92
O005,C03355,T0084375,36.94
O013,C03357,T0082790,121.79
O016,C03365,T0034539,27.14
O011,C01442,T0066138,256.34
O006,C04488,T0041229,16.56
O005,C00549,T0067837,58.19
O015,C02497,T0018277,163.18
O015,C02095,T0083579,47.6
O015,C01581,T0082919,41.6
O015,C00959,T0039215,32.33
O020,C03598,T0062299,116.21
O003,C03228,T0014122,284.76
O002,C03843,T0001535,42.6
O017,C04652,T0032850,120.91
O013,C00500,T0008591,60.33
O012,C00168,T0051305,161.28
O007,C00893,T0017329,58.5
O004,C02583,T0075195,78.22
O020,C00571,T0034511,46.28
O010,C01817,T0041286,173.59
O005,C02490,T0004983,64.98
O012,C01326,T0040292,240.21
O005,C03335,T0024376,106.49
O019,C00418,T0034703,353.8
O005,C01649,T0006362,34.81
O015,C03458,T0088422,22.82
O004,C01133,T0076804,37.02
O020,C01314,T0041007,273.72
O016,C03142,T0058414,50.77
O018,C04589,T0035000,26.62
O016,C00127,T0024068,52.27
O020,C02874,T0091304,77.19
O014,C04547,T0095310,69.81
O013,C02085,T0049217,50.65
O002,C00873,T0086170,19.45
O006,C00737,T0098367,144.42
O019,C02896,T0064806,21.68
O009,C00701,T0055175,140.8
O019,C02591,T0078036,42.74
O013,C04255,T0046135,422.35
O008,C04823,T0008541,88.29
O009,C03557,T0043501,422.72
O006,C02377,T0056722,483.76
O020,C02361,T0051133,64.39
O011,C03205,T0078280,1736.12
O014,C00379,T0002618,9.35
O007,C03299,T0015143,65.53
O010,C00468,T0052336,77.14
O013,C03310,T0075164,63.84
O003,C00885,T0076694,34.68
O010,C04924,T0000094,77.23
O018,C00247,T0007117,53.23
O004,C01227,T0009767,169.25
O004,C02996,T0036379,142.55
O020,C03746,T0001029,163.49
O009,C04815,T0047962,4.34
O017,C01686,T0023025,121.94
O020,C02613,T0059605,83.65
O014,C01672,T0021072,7.77
O020,C01284,T0009416,146.08
O019,C03458,T0031000,26.58
O020,C04402,T0089235,101.92
O015,C04557,T0066461,80.15
O020,C02304,T0021648,66.96
O010,C03026,T0093353,186.45
O001,C04396,T0001247,212.4
O020,C00174,T0098521,176.41
O002,C01735,T0052840,23.77
O020,C01538,T0089639,164.41
O017,C02810,T0030772,104.05
O014,C00695,T0094052,4.79
O020,C01660,T0013954,386.66
O003,C02075,T0022777,170.87
O015,C01318,T0045142,125.21
O002,C00286,T0061183,57.97
O001,C00076,T0078653,19.27
O002,C04558,T0029884,21.53
O017,C03285,T0078736,82.98
O014,C02253,T0029426,34.89
O010,C02431,T0017844,28.83
O015,C04968,T0025279,87.11
O011,C01940,T0098466,335.08
O016,C02109,T0058611,91.68
O006,C02953,T0002190,440.69
O004,C02137,T0023979,443.85
O013,C00853,T0098333,21.72
O018,C03052,T0077454,29.76
O010,C00349,T0051854,78.48
O009,C00779,T0014893,20.81
O007,C03179,T0041885,25.1
O008,C04611,T0049096,89.15
O005,C03946,T0019583,58.24
O020,C01700,T0032448,148.36
O020,C04294,T0086349,917.01
O015,C03611,T0075363,86.85
O003,C03094,T0070108,91.11
O006,C04821,T0019695,98.82
O009,C01877,T0027670,20.39
O014,C03771,T0050023,7.29
O009,C00870,T0017146,23.5
O010,C03543,T0084054,70.38
O004,C00260,T0047358,76.79
O012,C04076,T0050722,105.27
O015,C02435,T0089861,75.12
O004,C02337,T0073877,30.5
O008,C02551,T0016388,159.48
O011,C02757,T0020300,68.29
O005,C04559,T0095207,54.86
O009,C04490,T0003204,7.44
O020,C00593,T0038177,58.5
O001,C02363,T0051487,79.0
O016,C01413,T0091503,68.83
O008,C00674,T0085876,127.44
O015,C01416,T0027614,30.93
O019,C04542,T0034550,186.76
O010,C00818,T0095349,782.44
O009,C03168,T0041284,79.28
O016,C00614,T0069418,11.34
O005,C02014,T0082937,261.91
O013,C04679,T0053544,6.75
O018,C00234,T0015700,47.69
O020,C00961,T0058579,156.79
O010,C03995,T0021250,74.9
O008,C03036,T0062203,22.97
O013,C04067,T0074610,10.68
O018,C00925,T0049019,67.14
O002,C00152,T0033117,18.6
O008,C02022,T0037883,286.27
O018,C04061,T0030785,249.64
O016,C00052,T0009310,36.78
O014,C01288,T0079067,38.36
O010,C02155,T0082508,184.1
O018,C04113,T0089485,333.95
O018,C04786,T0000149,348.18
O018,C03193,T0012013,39.26
O014,C00765,T0029039,28.06
O005,C04620,T0069482,462.42
O012,C02106,T0080163,650.42
O011,C00226,T0001675,125.03
O018,C04629,T0027517,140.26
O003,C03349,T0035407,34.74
O010,C03802,T0039451,173.77
O010,C00632,T0091907,160.21
O006,C01599,T0068193,357.45
O003,C03414,T0089651,96.49
O010,C04090,T0075151,109.99
O005,C02666,T0057775,192.98
O012,C01668,T0024875,397.89
O006,C04072,T0005676,77.04
O019,C03325,T0021261,27.49
O017,C02387,T0079589,364.51
O013,C01670,T0097018,17.92
O004,C02138,T0027986,524.1
O014,C01194,T0028274,50.64
O005,C00929,T0079946,197.86
O010,C03661,T0073836,878.86
O019,C01317,T0032862,21.14
O013,C02399,T0055236,75.33
O007,C04452,T0084486,33.09
O015,C04447,T0099728,265.22
O005,C02199,T0002654,44.17
O020,C02787,T0072062,31.88
O011,C02510,T0009555,69.21
O012,C02775,T0012325,100.09
O020,C02920,T0002922,31.82
O020,C00931,T0028744,75.48
O013,C03975,T0001589,59.37
O020,C04340,T0009577,40.81
O011,C03653,T0042134,50.88
O015,C04887,T0051519,54.43
O009,C00985,T0095817,10.71
O019,C04128,T0082089,31.18
O008,C01274,T0087431,171.83
O007,C00664,T0031533,39.9
O016,C03673,T0087781,32.54
O003,C04290,T0008183,151.41
O015,C02089,T0077814,25.25
O015,C04649,T0024707,388.34
O008,C03902,T0053065,939.69
O001,C01896,T0084173,687.07
O002,C04048,T0026158,795.2
O018,C02173,T0074027,43.74
O005,C00893,T0050958,89.43
O011,C03816,T0018668,11.85
O011,C02116,T0022468,149.67
O012,C00844,T0086271,39.49
O013,C04615,T0032563,28.71
O017,C03295,T0025300,91.86
O010,C04423,T0085376,63.0
O019,C02714,T0081394,34.07
O013,C02130,T0081854,41.58
O015,C01703,T0027856,25.63
O014,C02739,T0076696,3.68
O004,C02556,T0015029,39.28
O008,C01134,T0036143,117.51
O004,C00786,T0048198,517.44
O008,C01688,T0087610,82.76
O010,C01445,T0027797,67.25
O016,C03297,T0058911,25.2
O003,C00327,T0045934,133.89
O008,C00596,T0078648,77.33
O020,C04191,T0027639,41.01
O003,C02069,T0052531,31.08
O009,C04024,T0053994,139.15
O007,C01324,T0097341,20.53
O006,C02945,T0063023,913.74
O003,C00295,T0099872,204.48
O019,C01305,T0049221,277.23
O008,C00133,T0043125,165.51
O020,C04649,T0026327,46.85
O002,C01503,T0053925,68.15
O019,C00768,T0050102,179.59
O008,C04924,T0077434,256.07
O015,C04702,T0010701,37.93
O018,C02985,T0039794,37.83
O003,C01783,T0060822,46.92
O011,C03701,T0017432,93.62
O003,C04297,T0007320,113.02
O019,C00413,T0073441,412.68
O011,C00802,T0078971,61.33
O002,C02362,T0087093,77.93
O005,C02718,T0011345,122.55
O019,C01928,T0025420,19.8
O019,C00015,T0030874,29.99
O006,C03143,T0010241,104.91
O009,C00822,T0021393,8.46
O001,C03920,T0061671,56.46
O014,C00681,T0062695,31.99
O014,C04225,T0079082,51.87
O007,C02415,T0063026,26.68
O019,C04954,T0017489,380.21
O004,C02354,T0048754,675.68
O014,C04364,T0061794,12.01
O005,C04517,T0092677,329.21
O005,C01046,T0032719,29.02
O019,C00703,T0049071,43.49
O017,C00609,T0092128,1453.42
O008,C04635,T0015935,549.48
O005,C02861,T0013089,354.03
O013,C04354,T0033673,60.41
O006,C02977,T0010166,103.84
O012,C04704,T0094872,66.5
O020,C00585,T0093935,83.19
O017,C00238,T0011682,299.13
O001,C00770,T0087100,43.74
O015,C02089,T0078393,35.83
O014,C00593,T0044286,83.7
O020,C02016,T0015379,58.56
O008,C00340,T0014337,40.19
O016,C00625,T0016625,14.98
O006,C01224,T0072435,425.78
O015,C00012,T0042494,38.62
O004,C00978,T0013326,64.62
O003,C03500,T0072887,584.55
O008,C02284,T0072878,70.53
O009,C02218,T0069361,14.16
O006,C02556,T0010131,164.96
O013,C00448,T0033577,11.31
O018,C04498,T0084650,431.41
O007,C03674,T0018474,28.77
O010,C03277,T0043738,394.03
O020,C00625,T0097475,69.64
O017,C03990,T0023768,139.25
O008,C01422,T0022563,46.77
O018,C03896,T0046171,281.73
O005,C01722,T0044356,87.96
O011,C01337,T0090246,288.17
O004,C03257,T0097035,199.29
O004,C03875,T0020963,25.29
O002,C02633,T0077599,70.71
O006,C04723,T0074805,287.21
O018,C03128,T0028061,173.0
O006,C01440,T0037281,532.16
O009,C01266,T0087255,18.25
O008,C03096,T0056234,189.14
O019,C02549,T0000462,87.86
O018,C02308,T0094146,296.94
O011,C01318,T0058841,56.52
O019,C02195,T0010402,32.92
O008,C02319,T0063846,919.84
O004,C04217,T0080068,489.68
O011,C04822,T0090796,55.89
O017,C03403,T0049373,70.62
O012,C01852,T0028768,36.31
O011,C04904,T0047538,198.74
O005,C04744,T0069937,74.25
O009,C00771,T0034011,6.91
O019,C02762,T0001667,64.93
O016,C03066,T0008475,48.63
O005,C02151,T0024670,52.45
O018,C01748,T0020245,251.54
O019,C00634,T0057237,22.43
O007,C02793,T0061142,53.89
O007,C00189,T0041786,455.25
O003,C03596,T0031329,137.32
O011,C03370,T0090074,185.38
O020,C00223,T0062263,701.5
O007,C00778,T0060947,36.4
O019,C04378,T0025376,188.99
O017,C02735,T0087962,120.57
O005,C03637,T0021163,67.17
O006,C04179,T0039298,147.25
O013,C01351,T0057421,180.71
O013,C01814,T0074337,104.66
O003,C02317,T0088158,42.76
O020,C04548,T0088341,153.92
O001,C02379,T0041764,75.3
O004,C03024,T0024706,331.52
O016,C04332,T0074596,17.87
O009,C03498,T0062537,9.67
O010,C02858,T0077223,145.34
O006,C00203,T0091350,119.62
O001,C00464,T0016675,113.0
O014,C04616,T0052345,85.34
O001,C02093,T0043241,171.64
O017,C03363,T0010891,274.9
O016,C04460,T0018999,29.92
O015,C02496,T0060094,35.37
O018,C00216,T0043847,236.17
O001,C00102,T0084308,277.53
O011,C01616,T0073779,232.93
O018,C04701,T0082375,31.66
O005,C01410,T0039001,183.31
O018,C01712,T0053713,76.0
O019,C02132,T0002650,102.91
O003,C01966,T0036645,58.59
O007,C03769,T0071247,70.54
O018,C03414,T0039008,84.51
O013,C02083,T0079200,49.03
O013,C02266,T0086895,153.89
O007,C03106,T0099971,23.26
O018,C01503,T0044980,22.36
O002,C02770,T0071107,12.97
O009,C00612,T0065648,51.85
O019,C01572,T0060314,282.46
O011,C04996,T0058719,207.58
O002,C01456,T0081132,71.43
O005,C02176,T0003134,309.27
O015,C02568,T0091555,298.22
O002,C04772,T0020378,302.31
O015,C02415,T0046755,41.37
O006,C02746,T0097747,231.57
O004,C02296,T0011808,177.14
O016,C03687,T0045418,32.01
O019,C04185,T0082637,39.13
O009,C00703,T0037319,10.02
O012,C03855,T0049258,64.54
O009,C00678,T0080382,19.06
O016,C03301,T0095615,51.03
O005,C01031,T0066094,281.55
O001,C01040,T0027550,152.82
O003,C01936,T0091829,920.88
O007,C02314,T0002649,160.46
O019,C01721,T0058874,15.17
O003,C03121,T0058608,105.91
O002,C01398,T0097217,62.65
O020,C03465,T0059534,175.36
O018,C01745,T0034894,81.1
O016,C02128,T0025367,8.48
O020,C04036,T0034782,83.18
O013,C02662,T0031540,73.14
O013,C02452,T0042165,126.46
O012,C01175,T0045309,697.86
O005,C04821,T0088766,45.98
O017,C03324,T0061282,39.61
O003,C00358,T0001722,111.02
O003,C03467,T0066113,95.37
O007,C01014,T0056980,33.46
O005,C02881,T0086342,121.83
O003,C04778,T0058187,80.12
O016,C02792,T0036243,25.38
O007,C02406,T0058604,18.72
O001,C00659,T0073243,52.34
O012,C03780,T0064984,639.33
O016,C03127,T0072152,106.35
O019,C03152,T0058984,49.04
O018,C04161,T0055355,69.33
O018,C00250,T0091862,351.81
O015,C01438,T0026188,130.23
O020,C02246,T0014414,178.57
O007,C02248,T0032945,13.68
O017,C04452,T0060804,69.81
O008,C04789,T0015490,218.66
O006,C03312,T0087833,227.64
O001,C04267,T0019388,106.61
O012,C02802,T0051419,88.98
O011,C03207,T0048538,101.5
O014,C02828,T0034586,12.13
O016,C03162,T0042784,26.75
O007,C02908,T0032630,25.28
O012,C03820,T0086011,46.66
O011,C04692,T0033819,279.21
O001,C00313,T0058384,44.76
O016,C04466,T0017649,12.33
O017,C02097,T0090146,40.2
O008,C00719,T0073127,72.99
O001,C00936,T0013908,60.29
O008,C01313,T0035510,280.8
O005,C03713,T0069025,81.64
O002,C01697,T0085143,53.2
O007,C00255,T0094853,37.5
O013,C00300,T0023144,13.69
O017,C01191,T0019804,312.97
O008,C03253,T0015761,52.98
O020,C03296,T0073366,26.08
O009,C02096,T0061332,76.0
O007,C01413,T0033825,108.45
O003,C02938,T0088945,145.94
O018,C01123,T0063226,85.13
O014,C03428,T0077941,122.33
O015,C04897,T0064880,30.64
O004,C03413,T0097409,416.5
O019,C04403,T0091353,39.53
O009,C00312,T0030045,13.85
O007,C04893,T0058538,319.42
O018,C01367,T0092055,664.33
O019,C04419,T0045271,87.45
O015,C02364,T0092534,166.65
O005,C02155,T0074757,20.77
O007,C01472,T0078874,9.49
O010,C03561,T0008888,28.06
O002,C00300,T0036460,106.52
O008,C02071,T0060436,39.77
O001,C00947,T0092297,113.95
O006,C01049,T0019446,594.62
O017,C04048,T0029665,60.25
O008,C03115,T0009433,192.1
O010,C02537,T0036094,311.43
O010,C04312,T0049659,112.48
O016,C02065,T0010433,8.03
O002,C02500,T0068926,49.81
O014,C01809,T0045335,12.82
O002,C01088,T0034190,59.82
O018,C03006,T0043142,168.81
O011,C03689,T0048269,79.23
O012,C03120,T0041794,95.62
O012,C02213,T0058302,261.14
O010,C04896,T0088817,121.15
O011,C01211,T0001302,161.57
O007,C00849,T0067590,15.47
O013,C01017,T0081707,43.71
O004,C03934,T0010703,12.4
O013,C03415,T0020878,24.41
O020,C00657,T0049382,113.83
O004,C03722,T0040477,784.02
O006,C01310,T0065645,307.06
O006,C00050,T0084708,135.4
O019,C02022,T0029453,23.16
O015,C00533,T0047757,70.48
O015,C00508,T0063466,156.36
O019,C00099,T0017938,100.09
O016,C03786,T0040726,29.9
O002,C04445,T0079610,28.77
O020,C03841,T0066032,78.88
O003,C00439,T0056800,32.96
O005,C03953,T0028131,20.26
O009,C03400,T0053510,3.73
O008,C01393,T0063259,177.23
O004,C03068,T0040232,107.13
O017,C02795,T0041861,93.67
O007,C04010,T0001007,11.11
O002,C03103,T0083994,55.03
O019,C00088,T0032079,78.3
O007,C04862,T0078919,97.02
O009,C00135,T0028288,25.51
O016,C00854,T0082246,21.39
O008,C02048,T0040813,173.85
O020,C02741,T0048860,18.01
O012,C02669,T0056798,898.23
O013,C00779,T0083867,174.37
O013,C04682,T0066557,95.48
O009,C00616,T0026777,15.62
O010,C00688,T0063674,251.53
O017,C04990,T0004048,433.57
O004,C02624,T0074802,109.22
O010,C01374,T0057383,132.17
O017,C04344,T0057710,44.81
O015,C03640,T0045054,39.14
O013,C00407,T0036296,71.56
O011,C02747,T0047835,19.09
O019,C00824,T0095302,60.59
O016,C04718,T0071559,32.18
O012,C01377,T0058365,158.89
O008,C00958,T0076527,80.84
O005,C01106,T0053367,422.82
O004,C04117,T0001540,31.56
O001,C04343,T0080299,46.12
O007,C00396,T0044687,50.86
O016,C03986,T0083105,8.82
O007,C00412,T0016721,30.65
O011,C00682,T0031677,850.5
O016,C00058,T0094545,19.85
O014,C00672,T0017661,11.97
O005,C03333,T0094526,42.53
O004,C02967,T0044430,60.27
O005,C03716,T0072247,128.87
O008,C03949,T0087972,129.22
O015,C03780,T0067186,152.5
O020,C04285,T0018677,249.84
O001,C03565,T0020340,340.46
O009,C00721,T0072167,24.59
O002,C03108,T0051427,70.13
O017,C03392,T0084050,59.05
O011,C02822,T0069128,74.14
O010,C01677,T0026166,126.31
O008,C00190,T0076274,463.65
O013,C03832,T0001678,12.75
O018,C01222,T0095233,36.45
O008,C02282,T0068068,84.32
O010,C01445,T0004955,42.8
O016,C01486,T0092211,205.21
O015,C00261,T0044057,13.29
O016,C03346,T0094007,20.76
O019,C03287,T0035558,52.25
O019,C01472,T0005698,156.0
O010,C02830,T0092682,93.37
O006,C00890,T0002189,42.28
O020,C04275,T0021813,85.5
O010,C01652,T0035501,38.55
O013,C00505,T0099920,78.82
O017,C03184,T0067295,73.43
O016,C02503,T0071830,70.32
O016,C03276,T0048288,18.11
O017,C03588,T0061347,70.41
O017,C01661,T0073837,47.26
O012,C01463,T0040187,34.66
O011,C01939,T0091762,218.97
O017,C01306,T0061345,106.78
O016,C04255,T0044416,287.09
O008,C02401,T0092510,187.32
O007,C04794,T0060253,146.57
O005,C01618,T0054788,164.09
O019,C01349,T0027459,21.39
O003,C01400,T0046707,31.55
O002,C04923,T0093077,19.63
O002,C03741,T0058694,56.71
O020,C01591,T0020729,130.38
O006,C00830,T0031304,84.46
O014,C01034,T0047597,92.75
O008,C00791,T0003727,81.95
O011,C04081,T0066236,91.6
O004,C01670,T0067597,455.58
O020,C04568,T0054556,15.15
O014,C01711,T0013678,9.4
O017,C04840,T0005097,28.27
O020,C02816,T0073532,115.71
O001,C04318,T0058185,120.94
O020,C00738,T0093773,178.27
O001,C00108,T0036401,461.59
O009,C02369,T0028731,57.96
O007,C00607,T0084941,13.72
O005,C01756,T0052641,94.31
O013,C01090,T0084127,84.27
O001,C01452,T0006250,83.79
O011,C00506,T0011958,434.91
O003,C00558,T0086146,135.37
O007,C02608,T0000535,28.47
O004,C03994,T0005458,97.45
O018,C00994,T0039949,51.26
O012,C03452,T0055775,610.25
O014,C02497,T0097759,12.11
O017,C02472,T0036396,51.55
O018,C01817,T0076180,83.1
O010,C00592,T0017235,56.88
O020,C01989,T0037747,123.54
O004,C00982,T0040883,143.13
O001,C02821,T0081529,231.3
O008,C04887,T0034634,160.24
O007,C04941,T0043126,571.31
O006,C03828,T0077984,121.8
O007,C04225,T0024805,12.95
O016,C04238,T0097297,16.57
O005,C04557,T0002803,49.5
O002,C02486,T0077414,69.9
O003,C03483,T0022570,490.49
O010,C01184,T0002168,41.62
O009,C01458,T0070056,22.62
O015,C02647,T0057644,8.52
O003,C01604,T0045825,69.35
O012,C01230,T0034314,512.22
O006,C02867,T0070543,157.46
O015,C03340,T0043189,44.16
O016,C00953,T0018893,26.76
O014,C01147,T0002679,28.44
O010,C02202,T0018022,129.63
O011,C01340,T0043272,105.68
O020,C03699,T0096619,126.59
O005,C04198,T0056390,183.01
O015,C03399,T0056195,23.09
O016,C01107,T0046134,39.38
O002,C01507,T0095611,57.09
O005,C00341,T0091131,135.68
O016,C02068,T0020013,60.15
O011,C04258,T0097752,555.88
O019,C01777,T0033020,78.36
O015,C00785,T0046257,56.46
O013,C01444,T0033159,37.7
O002,C04724,T0032688,99.24
O007,C00979,T0031402,71.1
O004,C03368,T0090741,402.74
O009,C00051,T0074154,20.44
O001,C04896,T0062463,381.59
O018,C02185,T0057430,208.74
O015,C04694,T0046891,89.54
O015,C00144,T0046644,35.12
O013,C00384,T0013862,65.21
O002,C04891,T0012485,120.38
O014,C01782,T0014997,22.43
O008,C01465,T0069709,81.03
O017,C04123,T0030165,277.07
O010,C00212,T0030146,91.84
O006,C03158,T0080788,85.44
O020,C04225,T0080653,11.8
O009,C02407,T0084091,17.01
O018,C00028,T0040492,20.52
O009,C04915,T0056807,64.39
O011,C00749,T0004207,87.01
O011,C02148,T0078029,108.3
O003,C04827,T0086565,80.17
O009,C02021,T0057384,5.44
O015,C04409,T0025845,60.19
O013,C01265,T0090707,79.08
O007,C00865,T0087921,47.25
O008,C02913,T0070381,453.24
O008,C03954,T0077280,33.38
O007,C03451,T0006787,32.88
O013,C01988,T0023587,85.24
O005,C02851,T0048734,212.58
O011,C02717,T0011292,152.31
O012,C04888,T0000968,582.05
O004,C04339,T0088229,105.64
O011,C04807,T0013137,108.78
O017,C02236,T0007773,1428.11
O004,C03186,T0068717,385.62
O002,C04173,T0021308,31.46
O017,C02982,T0046240,63.2
O001,C01089,T0093239,167.89
O003,C01829,T0031105,47.47
O008,C00632,T0038864,618.94
O019,C00197,T0091778,112.49
O003,C04652,T0022664,57.34
O009,C02289,T0054093,4.89
O005,C00761,T0097804,95.34
O001,C03142,T0062735,23.76
O018,C02517,T0021326,47.56
O015,C04483,T0030891,59.48
O012,C04243,T0025705,33.9
O002,C00602,T0032093,12.13
O005,C02489,T0010543,258.65
O018,C01855,T0088488,39.58
O017,C02686,T0001910,2168.85
O011,C00534,T0097649,198.4
O006,C00440,T0065652,55.34
O007,C04513,T0095158,45.36
O009,C03805,T0039297,82.79
O015,C01666,T0003983,94.71
O004,C00658,T0027557,275.45
O004,C03594,T0077006,266.27
O013,C01439,T0099996,137.71
O002,C02350,T0066937,24.27
O010,C03155,T0015966,60.45
O018,C04155,T0057358,41.35
O015,C03828,T0087270,111.55
O011,C02901,T0022811,44.95
O004,C04410,T0018287,273.77
O005,C01090,T0074282,532.19
O009,C00421,T0039089,208.14
O008,C01172,T0088089,175.11
O006,C04357,T0038731,208.56
O010,C03850,T0097882,157.95
O014,C02630,T0081496,7.85
O008,C00460,T0020364,282.96
O008,C00710,T0003876,380.86
O007,C00729,T0001484,30.33
O020,C00384,T0070685,163.08
O005,C00173,T0095553,25.78
O006,C04180,T0049009,140.42
O020,C03352,T0082149,280.5
O004,C02540,T0071180,55.97
O006,C01480,T0076195,26.95
O011,C04030,T0056991,58.76
O006,C00888,T0070569,64.93
O015,C01405,T0041119,35.06
O020,C02702,T0094549,153.75
O012,C02824,T0087111,168.63
O005,C03870,T0095737,86.56
O011,C01441,T0040811,98.46
O007,C03326,T0041726,10.65
O020,C03735,T0087562,155.39
O017,C04329,T0047801,78.03
O016,C03812,T0004342,9.5
O008,C01439,T0036493,33.03
O008,C02809,T0084966,755.63
O002,C01491,T0087924,40.29
O005,C04714,T0061439,186.8
O009,C03169,T0017738,67.29
O006,C03955,T0025631,359.56
O010,C00750,T0041146,43.81
O003,C03146,T0050745,43.01
O009,C02006,T0023696,46.96
O011,C04608,T0053891,84.03
O015,C00292,T0032998,152.25
O004,C00363,T0019085,26.31
O003,C03833,T0028047,64.93
O010,C00873,T0075135,56.64
O011,C03614,T0077015,144.09
O015,C01334,T0098505,33.09
O009,C02252,T0045684,23.42
O018,C00642,T0012112,182.85
O013,C00222,T0037063,68.19
O016,C00594,T0006329,25.93
O010,C03820,T0093493,132.3
O017,C03428,T0079191,135.01
O013,C02174,T0088176,43.6
O018,C03165,T0053381,77.11
O013,C01280,T0058844,91.14
O011,C01759,T0041570,64.41
O017,C02230,T0051004,892.54
O010,C03481,T0021382,68.07
O008,C02254,T0099130,38.69
O015,C00616,T0073473,38.91
O018,C01598,T0072417,105.18
O007,C04588,T0054094,69.03
O017,C00612,T0041535,90.83
O006,C04641,T0051760,324.13
O003,C03124,T0039744,165.11
O013,C02056,T0018154,50.81
O010,C00468,T0039576,107.8
O006,C00468,T0061385,446.22
O018,C03121,T0074401,49.47
O004,C00578,T0083917,166.07
O015,C03018,T0039355,59.06
O007,C02088,T0050236,56.87
O016,C00716,T0033663,17.8
O012,C02538,T0001347,90.15
O002,C02186,T0040694,49.18
O013,C03976,T0051303,62.51
O015,C01645,T0015987,110.67
O017,C03902,T0094877,42.82
O004,C03797,T0095231,28.89
O007,C04841,T0026482,34.42
O010,C01799,T0088629,282.91
O018,C02743,T0009909,158.4
O009,C00041,T0077809,20.54
O002,C01595,T0079092,118.04
O006,C04540,T0075211,236.57
O020,C00348,T0071068,71.54
O006,C04722,T0032824,62.65
O007,C04403,T0080161,85.96
O004,C04502,T0074653,50.42
O009,C03329,T0049016,18.65
O016,C04602,T0090011,7.77
O002,C03887,T0026042,29.43
O003,C00530,T0049159,51.41
O020,C01959,T0093854,20.45
O017,C04194,T0051101,217.91
O001,C01666,T0006901,140.86
O003,C01968,T0041681,138.66
O016,C04884,T0090701,37.43
O020,C02496,T0056259,288.44
O010,C04632,T0096525,117.33
O003,C04147,T0073589,203.31
O019,C02387,T0052907,812.9
O004,C01199,T0006641,24.44
O003,C02398,T0039377,22.32
O011,C02306,T0095882,33.9
O008,C03112,T0069932,81.08
O002,C04151,T0074289,17.44
O009,C03807,T0088398,135.52
O012,C01339,T0025810,43.02
O011,C04484,T0016123,32.03
O007,C01562,T0087036,20.56
O009,C02916,T0098535,23.27
O005,C00338,T0028218,71.94
O006,C01901,T0091758,995.16
O010,C01695,T0010456,75.78
O013,C00884,T0043986,57.39
O003,C04399,T0042867,111.9
O010,C00283,T0057607,198.98
O014,C00359,T0044705,61.38
O015,C04268,T0093980,114.77
O013,C01953,T0094758,384.58
O012,C00850,T0072474,142.47
O014,C04554,T0063043,18.64
O006,C01987,T0018398,117.44
O012,C01829,T0094889,41.1
O002,C01930,T0037283,17.77
O005,C02930,T0047334,91.57
O003,C01817,T0054091,70.32
O007,C04693,T0012222,73.71
O014,C00212,T0094463,89.6
O014,C02794,T0030651,8.43
O013,C02017,T0050093,10.52
O010,C01168,T0082866,63.18
O011,C04742,T0009491,66.41
O019,C04239,T0052865,95.82
O008,C04774,T0091755,207.13
O017,C01648,T0079175,42.43
O008,C03442,T0071894,51.01
O003,C00222,T0034327,62.59
O014,C03971,T0038426,34.35
O016,C02235,T0054671,46.64
O020,C04212,T0022531,470.33
O018,C02367,T0064383,18.52
O002,C04937,T0081008,96.17
O017,C01736,T0095066,286.27
O013,C04339,T0024255,519.37
O012,C00332,T0068990,76.15
O006,C04286,T0046976,73.54
O013,C04731,T0099035,110.49
O001,C01660,T0074487,685.64
O006,C03923,T0022304,81.62
O008,C01172,T0026938,435.51
O014,C00258,T0005334,41.39
O020,C01329,T0026652,19.28
O014,C00216,T0071004,26.68
O015,C00871,T0097997,53.22
O004,C02245,T0033465,61.41
O020,C01427,T0049237,114.98
O002,C02485,T0089519,74.55
O015,C00285,T0082217,61.48
O005,C01932,T0040474,90.24
O004,C04930,T0039466,137.91
O013,C03101,T0003101,33.87
O017,C04456,T0059279,253.56
O009,C00204,T0062751,63.22
O004,C03552,T0088773,34.83
O006,C04253,T0088928,155.4
O014,C03196,T0039121,29.99
O001,C02436,T0021866,51.45
O005,C00359,T0004844,65.79
O006,C02094,T0043778,83.39
O004,C02895,T0098164,408.03
O007,C02494,T0051574,25.63
O015,C04280,T0025802,69.59
O008,C04101,T0007712,87.14
O005,C01209,T0008472,108.16
O010,C04148,T0023298,55.08
O005,C00909,T0082721,529.94
O005,C04848,T0091134,595.08
O013,C02736,T0094009,334.55
O008,C00785,T0030001,98.09
O004,C01698,T0070352,860.16
O008,C03842,T0007178,49.62
O004,C00168,T0023699,123.15
O010,C01262,T0003366,88.49
O007,C02749,T0059636,29.23
O014,C01750,T0057247,9.15
O001,C01834,T0028675,52.63
O013,C04553,T0080194,209.76
O009,C01876,T0075695,22.85
O002,C03624,T0054738,53.64
O005,C04480,T0031234,77.36
O014,C03686,T0015859,13.8
O020,C00613,T0050127,79.4
O003,C00600,T0008083,62.3
O016,C01728,T0095538,30.83
O004,C01430,T0011256,34.77
O020,C01810,T0033187,226.62
O004,C01725,T0053186,106.15
O018,C00029,T0053686,55.7
O012,C04804,T0034407,95.43
O007,C04689,T0084341,41.95
O018,C01439,T0071327,95.83
O017,C03764,T0075522,72.44
O012,C01480,T0080202,268.76
O009,C01032,T0055540,16.19
O009,C04169,T0070434,12.41
O012,C03383,T0039167,136.27
O019,C00683,T0072409,144.06
O005,C00473,T0001000,126.27
O020,C01148,T0085996,256.72
O013,C04836,T0055919,67.33
O012,C04654,T0074579,41.72
O002,C04475,T0029491,74.45
O011,C04253,T0022591,640.63
O016,C03664,T0047886,57.48
O004,C02871,T0033975,161.41
O001,C01982,T0029126,47.66
O014,C03841,T0093753,11.6
O001,C02634,T0065407,15.98
O001,C00126,T0099270,156.66
O014,C00022,T0007945,73.16
O006,C02392,T0073663,54.43
O002,C02369,T0090821,78.3
O007,C00201,T0037455,14.76
O008,C04231,T0074269,776.01
O009,C03258,T0057495,5.08
O005,C01938,T0084195,102.88
O019,C03518,T0006713,21.91
O016,C00979,T0022457,36.89
O018,C01681,T0036485,29.29
O016,C04276,T0098756,63.32
O019,C02098,T0018471,48.82
O014,C00195,T0082715,93.67
O014,C03732,T0013037,17.43
O019,C02109,T0077405,25.06
O016,C03678,T0064372,5.43
O005,C02726,T0066980,95.09
O019,C01862,T0071064,38.98
O004,C03291,T0040567,827.51
O013,C04151,T0071642,305.02
O005,C00816,T0039525,312.52
O009,C03438,T0038261,10.63
O014,C01410,T0058753,69.59
O009,C02886,T0078616,16.38
O007,C02575,T0057973,10.0
O002,C03441,T0075839,13.77
O002,C03467,T0036646,15.06
O019,C00493,T0031801,35.28
O008,C00985,T0003013,33.63
O020,C03050,T0002017,637.56
O005,C03802,T0035126,130.77
O017,C04894,T0057981,36.42
O016,C03722,T0023351,26.15
O019,C03743,T0025161,69.03
O012,C04534,T0026835,595.02
O013,C02094,T0085668,62.97
O003,C02195,T0013796,158.11
O012,C04176,T0052241,28.11
O016,C01907,T0031321,12.05
O020,C01161,T0032743,94.52
O005,C04675,T0036671,215.73
O017,C01459,T0040603,154.09
O007,C01862,T0007104,46.32
O017,C04366,T0058967,160.19
O012,C00823,T0086690,1669.27
O007,C04396,T0027589,60.41
O018,C04954,T0039040,48.82
O011,C00073,T0014860,159.16
O009,C03803,T0064403,17.98
O004,C00276,T0094874,119.71
O020,C01327,T0079757,81.17
O001,C02208,T0040537,75.77
O008,C02788,T0067032,211.58
O002,C01535,T0087964,124.82
O009,C02823,T0080268,19.14
O001,C04154,T0030055,61.53
O008,C04259,T0018027,196.34
O017,C02223,T0003960,33.57
O017,C00338,T0059165,250.66
O005,C00401,T0086503,557.51
O001,C04348,T0054593,74.75
O005,C01614,T0094653,382.11
O005,C01017,T0077210,133.74
O016,C03394,T0008956,437.12
O013,C01994,T0000508,61.77
O014,C01212,T0035889,25.0
O018,C00484,T0034863,386.87
O011,C03283,T0099952,39.18
O004,C00747,T0036443,556.07
O018,C02508,T0098677,35.79
O015,C01776,T0003750,143.41
O010,C01040,T0076929,121.83
O011,C04118,T0010730,473.69
O008,C00745,T0075293,467.24
O004,C04544,T0029720,137.09
O009,C04641,T0053000,20.05
O012,C02404,T0029519,116.93
O006,C03788,T0026198,76.16
O017,C00277,T0073113,236.71
O015,C03504,T0037264,21.84
O001,C04206,T0037626,521.52
O010,C04588,T0043908,85.59
O018,C03635,T0003972,444.31
O010,C00458,T0034686,103.6
O010,C00010,T0063596,26.28
O017,C02780,T0021073,141.59
O015,C02912,T0015990,91.66
O008,C03120,T0099753,51.16
O009,C04420,T0021671,33.46
O001,C01551,T0055300,250.72
O011,C01306,T0077881,114.83
O006,C04977,T0043254,117.82
O003,C04098,T0090568,275.92
O020,C04346,T0010674,46.48
O016,C03184,T0003699,29.47
O017,C01865,T0016542,117.74
O001,C02909,T0042040,68.64
O005,C03595,T0089977,364.04
O006,C00679,T0049281,64.08
O020,C03341,T0045373,108.32
O007,C02167,T0082431,273.43
O012,C00295,T0042450,47.88
O003,C00655,T0043932,371.75
O004,C04131,T0059182,246.26
O015,C01432,T0040186,55.28
O009,C04101,T0010367,13.47
O020,C04912,T0014028,34.57
O012,C04426,T0031378,70.48
O008,C00791,T0059813,51.37
O009,C01011,T0046745,27.43
O010,C04928,T0068780,126.04
O013,C00987,T0011627,103.46
O015,C01758,T0063195,18.02
O016,C04846,T0096322,183.65
O003,C02956,T0060173,253.08
O016,C04447,T0007373,102.66
O001,C04719,T0077615,44.95
O008,C00357,T0012817,396.92
O005,C02912,T0057872,637.48
O012,C02309,T0014332,166.38
O014,C04090,T0079515,32.64
O012,C00234,T0033831,178.55
O005,C00524,T0056327,60.38
O005,C04470,T0057684,61.82
O014,C01047,T0091740,353.54
O011,C00242,T0011139,167.22
O013,C04559,T0076548,31.89
O008,C04483,T0012505,53.92
O005,C03755,T0047647,54.01
O010,C01926,T0082245,96.27
O005,C03076,T0023364,277.14
O015,C04643,T0067836,30.51
O010,C03290,T0002652,64.79
O018,C03037,T0097825,51.25
O017,C00936,T0057868,350.78
O014,C04518,T0009656,82.39
O013,C00499,T0072613,72.16
O010,C01878,T0024689,204.7
O017,C01660,T0071809,150.24
O008,C01606,T0043751,181.57
O016,C02631,T0053794,18.4
O009,C04583,T0046026,9.05
O011,C01418,T0018007,32.27
O016,C01928,T0073754,24.48
O002,C04775,T0001877,452.04
O013,C04752,T0047445,7.34
O012,C03358,T0072460,119.07
O001,C02698,T0026025,67.74
O004,C02312,T0012753,73.93
O017,C04038,T0099598,38.49
O008,C02343,T0063147,55.2
O006,C00401,T0010233,267.15
O019,C04831,T0090946,79.38
O014,C01226,T0003559,17.11
O005,C02636,T0032753,43.94
O011,C01658,T0037482,54.91
O002,C04163,T0028236,33.35
O008,C00538,T0047027,181.24
O019,C00125,T0091499,49.49
O017,C02147,T0018519,513.6
O018,C03031,T0029785,19.46
O015,C03181,T0058157,21.36
O002,C01713,T0092270,25.38
O015,C01397,T0018160,23.71
O014,C00870,T0042926,17.07
O009,C01660,T0046906,46.75
O014,C00651,T0026030,77.52
O016,C04295,T0073469,13.89
O004,C02790,T0023453,40.61
O011,C04184,T0085295,89.93
O001,C01820,T0007925,301.12
O017,C00343,T0067227,504.89
O007,C00445,T0081602,13.87
O016,C03687,T0029919,38.61
O014,C00545,T0084779,18.81
O015,C04400,T0048959,63.34
O019,C00073,T0058815,43.02
O019,C02919,T0052923,19.04
O008,C00751,T0039084,119.59
O016,C02897,T0047609,48.21
O006,C01275,T0040390,314.96
O008,C03008,T0071094,363.51
O006,C04358,T0000876,185.78
O002,C02735,T0026738,15.09
O017,C03855,T0047153,84.14
O001,C02500,T0014896,46.27
O011,C02206,T0027805,1400.33
O007,C02710,T0059734,30.79
O001,C02473,T0041687,165.32
O007,C04759,T0068841,73.49
O011,C00157,T0080111,214.77
O009,C03169,T0017338,47.79
O016,C02438,T0073751,15.66
O016,C02573,T0003417,7.29
O008,C03474,T0016242,90.37
O006,C02766,T0024511,90.32
O018,C02343,T0047858,58.37
O008,C02537,T0048485,113.99
O017,C03295,T0096255,517.61
O011,C00490,T0091436,137.91
O012,C04619,T0084976,81.14
O008,C04117,T0019450,65.32
O007,C03417,T0036375,44.11
O006,C04290,T0015382,33.26
O007,C04055,T0013441,116.96
O009,C04716,T0078083,26.14
O016,C00439,T0054283,6.56
O010,C01699,T0051423,38.01
O014,C00471,T0082819,25.68
O016,C03952,T0038926,64.92
O003,C02289,T0033481,76.27
O019,C04071,T0011149,40.51
O003,C04748,T0002716,71.48
O014,C03026,T0030135,15.92
O004,C02672,T0090444,50.4
O004,C04144,T0081294,198.37
O007,C00506,T0004731,19.46
O020,C04759,T0021910,53.23
O005,C00349,T0084429,87.7
O011,C02330,T0014799,73.23
O011,C04564,T0094344,22.66
O011,C04767,T0013408,31.5
O003,C01260,T0060068,96.23
O010,C02534,T0096421,70.11
O014,C02693,T0040617,25.49
O010,C01429,T0043508,91.01
O016,C01968,T0063242,16.99
O006,C04102,T0028757,706.11
O013,C04030,T0088708,35.07
O020,C00153,T0033693,94.79
O007,C04880,T0042291,16.82
O011,C00574,T0091662,34.17
O015,C02669,T0010408,36.33
O018,C03548,T0005295,62.27
O010,C02429,T0052207,85.46
O018,C02442,T0006676,164.18
O018,C00828,T0056041,56.37
O012,C00346,T0061074,961.34
O013,C04506,T0078521,91.96
O015,C01378,T0046704,12.72
O001,C04066,T0085437,426.38
O001,C00830,T0094728,143.25
O003,C04011,T0067610,48.36
O002,C01858,T0009668,41.94
O003,C01548,T0071862,297.23
O010,C02190,T0060026,2112.33
O020,C04689,T0092564,157.26
O009,C04952,T0005370,19.49
O010,C00833,T0047708,133.9
O006,C01978,T0035100,257.84
O018,C02150,T0029928,46.25
O014,C02515,T0093958,37.24
O006,C03287,T0058890,68.56
O011,C00925,T0051982,61.56
O007,C04063,T0063089,571.18
O013,C04596,T0013339,75.56
O003,C03710,T0093449,234.15
O016,C00137,T0099338,11.06
O017,C04842,T0020549,170.46
O002,C01302,T0081361,21.95
O015,C01714,T0044310,249.1
O015,C00738,T0067146,25.43
O006,C01458,T0075957,1329.74
O007,C01264,T0070760,29.91
O016,C04319,T0050875,32.86
O011,C04142,T0096662,227.07
O005,C03534,T0045249,155.56
O001,C00909,T0044478,136.39
O007,C04137,T0077072,37.71
O001,C02386,T0008742,172.51
O004,C03979,T0055049,149.38
O020,C02022,T0017514,61.49
O005,C02934,T0002940,148.91
O004,C00441,T0097541,31.85
O012,C02170,T0090589,13.23
O015,C01236,T0063487,18.36
O011,C02895,T0074751,342.2
O004,C03836,T0039130,65.3
O019,C04886,T0014143,42.98
O017,C04109,T0079984,81.46
O013,C02197,T0029204,324.28
O017,C04690,T0037613,202.61
O019,C01954,T0025997,7.84
O016,C01510,T0055760,84.4
O004,C04683,T0001719,158.05
O005,C03151,T0090636,113.69
O018,C01363,T0010008,28.57
O011,C02872,T0095049,135.71
O006,C00607,T0028368,66.22
O019,C00070,T0063231,54.59
O006,C01940,T0026194,93.46
O011,C01183,T0063623,137.23
O004,C01681,T0073311,506.33
O012,C03923,T0085109,40.93
O017,C04072,T0057277,120.51
O009,C03329,T0043595,24.66
O008,C03996,T0086364,27.9
O018,C01052,T0055014,69.21
O009,C00513,T0073353,28.03
O018,C03947,T0056615,77.55
O013,C01868,T0099160,61.82
O017,C01176,T0049765,86.83
O019,C04290,T0038813,55.76
O006,C02464,T0076365,109.86
O020,C01607,T0008609,118.88
O015,C03315,T0011152,7.34
O002,C02186,T0085050,14.87
O004,C02631,T0087179,95.45
O006,C02673,T0052120,85.95
O006,C00496,T0039999,31.65
O020,C00720,T0095581,153.87
O015,C01237,T0022993,40.1
O011,C03988,T0094300,84.25
O017,C03038,T0043977,37.65
O019,C01877,T0050326,239.92
O001,C00958,T0079787,69.66
O019,C03539,T0090452,95.2
O016,C04986,T0045246,135.4
O014,C03589,T0002413,53.05
O017,C01456,T0091449,180.08
O002,C03846,T0024127,78.81
O012,C04924,T0084456,123.53
O016,C03923,T0079699,22.43
O001,C02053,T0090718,41.72
O006,C00626,T0060688,439.24
O002,C02657,T0082837,20.18
O010,C03904,T0043159,86.58
O011,C00104,T0033763,37.97
O015,C00047,T0009186,57.25
O013,C04006,T0037010,163.81
O010,C00774,T0077493,204.43
O001,C02329,T0039626,101.09
O019,C04727,T0081827,309.64
O018,C01669,T0086396,16.64
O005,C04071,T0089864,314.63
O008,C01257,T0098403,46.57
O002,C00179,T0073939,38.09
O011,C02737,T0064090,73.21
O007,C01287,T0072257,102.34
O007,C03918,T0089236,67.06
O001,C03310,T0089541,68.33
O009,C01178,T0004443,41.89
O003,C00371,T0059696,24.8
O002,C02541,T0067977,40.03
O013,C00004,T0078149,54.17
O008,C03799,T0066707,366.19
O017,C04499,T0073255,193.63
O020,C04204,T0082722,120.53
O019,C02205,T0050605,44.22
O008,C04794,T0072506,82.26
O003,C04108,T0061997,128.79
O013,C02598,T0032801,90.73
O009,C01480,T0077337,32.03
O008,C00650,T0015887,156.94
O004,C00714,T0065515,52.07
O015,C00082,T0016755,31.71
O011,C04444,T0022056,29.73
O014,C02712,T0033694,16.6
O011,C00092,T0066417,52.9
O020,C02705,T0075571,91.51
O007,C00766,T0017108,19.32
O018,C04427,T0086238,78.5
O012,C04165,T0093686,83.66
O020,C01963,T0009838,367.53
O011,C03005,T0081577,24.52
O015,C00797,T0063578,59.59
O002,C01511,T0041454,68.01
O004,C02758,T0021043,67.54
O018,C03817,T0071739,36.08
O001,C00557,T0075528,78.96
O017,C04784,T0029380,59.42
O011,C02145,T0022783,46.56
O005,C00988,T0088585,223.87
O013,C01508,T0013857,44.04
O002,C04610,T0081017,48.52
O002,C04341,T0065867,39.51
O013,C04358,T0045723,391.54
O018,C01513,T0072156,34.87
O013,C04967,T0092271,5.26
O016,C04605,T0057638,83.45
O013,C04160,T0067948,184.6
O010,C02425,T0073213,208.92
O003,C01329,T0045535,42.13
O019,C04883,T0050495,70.04
O006,C04162,T0078429,195.01
O020,C00532,T0072623,296.39
O020,C02163,T0064974,38.3
O006,C00163,T0079976,798.27
O012,C03975,T0019261,652.86
O015,C00879,T0098791,14.58
O011,C03957,T0067698,173.07
O014,C02521,T0099206,8.71
O008,C01545,T0087419,300.43
O014,C00289,T0064453,13.18
O011,C02023,T0022123,69.31
O003,C04387,T0038474,72.99
O004,C02555,T0071265,109.71
O005,C02051,T0023760,34.84
O006,C03129,T0010774,171.07
O004,C01665,T0061908,55.34
O011,C00523,T0059961,41.77
O013,C00526,T0046653,17.33
O018,C03310,T0008761,202.48
O003,C02996,T0016390,33.12
O002,C03189,T0084184,95.38
O013,C00816,T0000727,54.36
O008,C02534,T0033143,232.8
O006,C03791,T0023681,37.7
O002,C01896,T0032032,34.25
O017,C01098,T0021226,179.95
O007,C01239,T0081148,196.7
O007,C04497,T0026231,39.67
O006,C02815,T0008930,197.36
O008,C02287,T0081105,141.53
O014,C01160,T0086760,19.77
O016,C04401,T0095459,17.59
O008,C03662,T0081233,127.37
O006,C02435,T0085827,258.36
O011,C03905,T0007091,136.92
O017,C01514,T0032164,542.57
O017,C04768,T0029462,430.03
O007,C03906,T0023015,13.74
O019,C02737,T0020704,24.07
O015,C01714,T0003505,24.39
O003,C01975,T0032483,330.83
O005,C04417,T0033595,120.23
O010,C04121,T0058012,409.35
O005,C04806,T0058167,66.17
O002,C00814,T0030518,11.02
O009,C01520,T0035326,20.96
O005,C03246,T0066606,772.03
O018,C03034,T0049312,98.71
O003,C02981,T0088484,183.49
O011,C01321,T0024554,89.61
O020,C03221,T0019264,84.6
O003,C00098,T0096006,842.07
O001,C01479,T0018383,208.67
O013,C00913,T0088571,10.55
O020,C04793,T0092360,93.87
O007,C04594,T0058673,42.62
O002,C03738,T0006966,283.82
O018,C00681,T0085501,199.64
O010,C02409,T0018831,239.89
O001,C02813,T0057543,185.6
O004,C00954,T0064157,87.9
O014,C00017,T0049497,7.92
O020,C00484,T0055388,62.59
O001,C00446,T0088090,80.46
O010,C00415,T0053636,73.43
O013,C04449,T0015110,80.48
O013,C03170,T0005895,293.35
O014,C00492,T0099698,15.68
O007,C01925,T0044464,14.3
O003,C02917,T0040028,68.49
O013,C03260,T0049514,37.26
O011,C04997,T0017355,254.84
O002,C03130,T0079606,38.39
O013,C00500,T0001093,772.62
O003,C00994,T0084048,51.01
O018,C03779,T0083450,88.76
O015,C00469,T0022407,110.71
O003,C02843,T0046708,196.67
O008,C01109,T0079108,101.15
O020,C00357,T0051025,218.9
O013,C02162,T0016253,25.7
O017,C02861,T0009546,553.04
O017,C02907,T0061898,254.82
O003,C03429,T0015226,83.25
O003,C00056,T0098726,190.54
O009,C02885,T0096348,13.96
O020,C03483,T0071229,942.29
O008,C02660,T0023556,60.93
O019,C03713,T0010980,64.42
O018,C04510,T0037757,5.37
O002,C03166,T0052354,38.99
O004,C00497,T0033624,243.38
O010,C00196,T0017372,187.62
O004,C00624,T0038260,440.84
O020,C01889,T0093955,98.4
O015,C02698,T0023068,65.23
O002,C04303,T0096287,35.82
O005,C03494,T0041045,138.85
O013,C01296,T0049348,151.5
O009,C00004,T0098280,32.81
O016,C01296,T0096409,22.94
O011,C01669,T0073142,376.8
O006,C03875,T0030008,44.79
O019,C02833,T0056776,21.9
O007,C01141,T0057698,19.53
O020,C02173,T0045176,450.35
O019,C03471,T0032283,20.94
O017,C02997,T0072031,67.82
O005,C03938,T0065331,74.19
O010,C00552,T0029612,289.37
O015,C03904,T0038796,22.4
O016,C04203,T0045930,31.33
O012,C01581,T0002395,295.2
O002,C04148,T0070147,41.86
O004,C01273,T0068070,39.32
O008,C03922,T0079839,84.06
O012,C03440,T0048043,314.71
O008,C01859,T0096951,32.4
O003,C01812,T0098001,7.61
O014,C01031,T0042410,11.21
O019,C02404,T0046904,40.94
O012,C04447,T0050525,244.24
O002,C01449,T0043577,133.16
O015,C03780,T0093622,96.01
O010,C02492,T0086822,236.13
O020,C01633,T0062000,135.32
O010,C02479,T0039702,437.58
O009,C00970,T0020345,53.62
O013,C00277,T0007074,42.73
O006,C04999,T0062117,1371.77
O018,C03736,T0071234,55.85
O008,C01775,T0076896,120.05
O007,C01973,T0072407,232.59
O016,C02147,T0076862,152.46
O003,C01769,T0029051,144.33
O010,C04727,T0077231,90.17
O020,C03159,T0010531,43.32
O010,C02640,T0056835,61.1
O007,C02650,T0084102,100.91
O009,C04110,T0012135,41.5
O002,C02807,T0091401,12.21
O006,C00992,T0094655,1123.31
O004,C02750,T0007428,415.57
O011,C01632,T0065727,64.83
O010,C01371,T0039966,54.83
O015,C01254,T0043572,31.75
O004,C00838,T0037522,125.44
O007,C01907,T0010278,23.66
O001,C04118,T0069392,52.08
O009,C01638,T0077265,3.19
O020,C03452,T0013930,153.78
O014,C03281,T0047140,22.5
O014,C04102,T0096522,25.73
O005,C00386,T0063992,188.36
O002,C02270,T0051268,74.15
O007,C00226,T0052718,22.96
O014,C04971,T0040890,69.59
O001,C04652,T0080421,48.6
O003,C03579,T0096502,85.59
O006,C03951,T0096284,24.84
O015,C02621,T0014283,10.96
O016,C04291,T0003347,25.07
O005,C00181,T0003323,49.06
O016,C04061,T0015278,115.55
O009,C04124,T0064684,19.11
O011,C00105,T0067780,53.69
O013,C04420,T0073079,32.06
O012,C03356,T0097518,138.9
O020,C04300,T0096833,336.97
O003,C03512,T0064787,162.6
O011,C03513,T0089239,121.79
O002,C04722,T0071219,66.2
O014,C04051,T0068454,22.41
O006,C02620,T0043799,76.03
O012,C01381,T0060614,226.73
O005,C00470,T0066535,32.18
O007,C03946,T0053194,122.61
O015,C00115,T0062212,21.17
O010,C00672,T0032418,61.33
O019,C00818,T0095659,43.43
O016,C03054,T0025429,31.91
O012,C04037,T0085025,33.03
O017,C03968,T0075713,29.71
O003,C02044,T0002554,88.37
O016,C03588,T0020739,21.82
O004,C01759,T0069271,52.13
O015,C00233,T0085937,31.86
O019,C04888,T0070183,200.11
O004,C00265,T0027773,390.16
O007,C01244,T0074732,56.8
O003,C02548,T0095424,26.96
O017,C01783,T0042019,762.94
O017,C01733,T0077259,289.58
O013,C04017,T0057628,24.67
O010,C04123,T0028697,117.67
O014,C03814,T0020707,10.89
O006,C04015,T0046498,203.75
O008,C02105,T0097771,379.17
O001,C04959,T0032127,78.39
O010,C03356,T0039811,61.41
O018,C02618,T0002864,79.43
O002,C03388,T0044951,39.08
O014,C00562,T0089804,73.54
O005,C01975,T0081275,231.4
O010,C01408,T0068854,669.13
O014,C01443,T0079591,90.53
O008,C03996,T0032837,36.56
O019,C04637,T0041772,92.14
O010,C03517,T0014344,60.04
O011,C02810,T0071689,79.03
O004,C04409,T0059041,125.77
O008,C04931,T0018354,267.24
O003,C03664,T0071929,78.86
O007,C01040,T0025111,55.37
O012,C02537,T0014768,79.64
O003,C04149,T0071269,423.7
O016,C02334,T0027160,124.77
O014,C01833,T0021521,12.44
O009,C00112,T0003591,77.32
O010,C00486,T0004217,188.98
O006,C03756,T0042686,356.52
O009,C02499,T0062907,17.97
O012,C04316,T0038779,69.94
O005,C02033,T0044832,112.08
O015,C04443,T0035197,27.29
O003,C01483,T0065663,46.92
O019,C01911,T0080005,176.99
O010,C03464,T0020111,99.21
O010,C03529,T0050260,44.89
O011,C00335,T0066945,54.78
O013,C01161,T0033528,19.01
O003,C02949,T0052312,134.0
O015,C03478,T0054313,56.35
O005,C04520,T0046087,100.46
O004,C00090,T0017452,279.23
O001,C02855,T0013083,19.22
O020,C01525,T0039271,22.28
O010,C02334,T0021835,57.89
O007,C00140,T0082549,10.18
O001,C02690,T0048480,234.94
O019,C02105,T0074877,65.61
O005,C02887,T0005573,87.02
O003,C00210,T0007300,110.08
O014,C00379,T0060728,26.57
O013,C00406,T0082625,116.42
O009,C00707,T0053673,36.95
O011,C00585,T0072963,77.31
O001,C02927,T0032192,214.36
O001,C03907,T0078317,59.01
O010,C04269,T0023091,154.78
O008,C02411,T0037370,75.34
O009,C02676,T0063047,76.35
O016,C03885,T0085210,
O013,C01884,T0008246,52.88
O009,C00012,T0002177,6.49
O004,C02493,T0052565,47.53
O020,C00058,T0077221,84.16
O017,C00357,T0036194,105.45
O018,C04256,T0058453,23.07
O007,C02038,T0014058,96.32
O011,C00919,T0081056,21.92
O019,C04480,T0075352,36.99
O012,C04579,T0047786,93.41
O018,C03925,T0079852,68.8
O002,C04736,T0042816,55.38
O002,C03284,T0059250,23.1
O005,C01471,T0031079,61.26
O012,C04343,T0093474,65.23
O010,C03024,T0043391,142.3
O004,C04051,T0010613,93.72
O009,C03297,T0032544,54.32
O018,C01746,T0030266,170.77
O017,C00696,T0081046,154.75
O010,C01427,T0050008,75.98
O009,C01272,T0016413,21.6
O006,C03449,T0033446,120.36
O001,C04534,T0082031,68.77
O013,C01088,T0099358,279.16
O011,C04279,T0007599,33.87
O004,C01479,T0015196,337.19
O006,C03555,T0008871,59.25
O002,C04376,T0055801,34.1
O005,C01745,T0068590,536.41
O017,C04957,T0094954,43.93
O009,C00837,T0002903,5.84
O007,C03070,T0031493,41.12
O012,C00616,T0007208,31.22
O020,C03405,T0008669,167.92
O014,C04703,T0054898,14.52
O004,C02516,T0077049,93.46
O003,C04866,T0077284,23.26
O011,C02105,T0051030,40.47
O013,C03359,T0092517,10.95
O020,C02085,T0069965,142.29
O008,C00598,T0072745,128.12
O002,C01787,T0088617,108.41
O004,C04879,T0036005,136.18
O013,C02958,T0097404,23.94
O014,C03442,T0021572,30.89
O005,C01221,T0053260,141.19
O007,C00776,T0009533,31.67
O011,C04694,T0091921,65.17
O006,C01055,T0030702,36.48
O019,C03728,T0057817,327.14
O017,C03927,T0056235,60.08
O008,C01807,T0080233,690.25
O009,C03730,T0054204,27.77
O007,C04016,T0096053,31.52
O004,C01464,T0063353,59.26
O009,C00894,T0072590,23.36
O019,C01221,T0041208,46.73
O013,C01408,T0044996,29.41
O002,C00347,T0056757,59.97
O001,C01213,T0095340,113.06
O007,C02197,T0039293,10.97
O009,C04054,T0025326,5.31
O009,C03826,T0072991,42.32
O015,C03624,T0018288,30.94
O008,C03106,T0057998,1040.14
O001,C01213,T0028094,168.84
O020,C00713,T0042235,54.48
O017,C02995,T0014641,195.15
O005,C04552,T0056799,567.55
O002,C01519,T0040240,71.56
O005,C03652,T0035719,170.31
O008,C04353,T0047878,302.91
O016,C02566,T0026744,6.14
O009,C00714,T0032672,8.67
O020,C03259,T0092854,168.81
O013,C01912,T0056439,42.04
O015,C03710,T0006387,47.91
O012,C04432,T0091114,34.92
O002,C02496,T0022854,
O017,C00514,T0002048,232.65
O004,C01842,T0043730,34.71
O018,C01137,T0018457,131.42
O015,C01991,T0030223,49.28
O006,C02759,T0079687,83.17
O001,C03820,T0043657,130.24
O015,C03501,T0083166,30.55
O020,C00828,T0029134,681.88
O007,C01005,T0048968,101.36
O003,C00378,T0067763,235.25
O012,C03312,T0061517,191.7
O014,C04367,T0068848,17.0
O016,C01941,T0030236,76.0
O001,C00373,T0059975,76.64
O015,C02077,T0061473,9.95
O014,C04568,T0062836,29.54
O006,C03062,T0065321,142.67
O010,C00282,T0059246,119.32
O015,C02772,T0017449,48.58
O006,C01531,T0079948,267.87
O017,C01343,T0052601,88.12
O018,C02115,T0041435,30.75
O004,C00188,T0072322,101.79
O018,C04616,T0088715,204.54
O012,C03121,T0031737,60.9
O004,C04580,T0062400,80.31
O006,C03215,T0088363,138.46
O003,C02335,T0024390,39.99
O016,C01436,T0085005,20.6
O004,C01611,T0053222,1144.94
O014,C02332,T0073749,145.76
O006,C03919,T0032656,83.87
O009,C01592,T0078293,39.38
O005,C03210,T0030507,112.74
O015,C02760,T0014776,36.32
O014,C00046,T0070621,57.99
O016,C01578,T0041554,15.21
O005,C04012,T0036562,103.73
O008,C00706,T0062412,57.29
O010,C04689,T0081601,139.74
O002,C01316,T0018218,68.02
O017,C03892,T0076840,757.79
O015,C02895,T0072267,32.28
O015,C00188,T0010995,36.61
O019,C00594,T0071796,92.4
O005,C02568,T0053785,329.05
O002,C02543,T0058951,54.75
O003,C01810,T0088297,84.79
O018,C01700,T0008815,184.59
O020,C03456,T0090419,250.41
O012,C04563,T0023185,46.68
O019,C04531,T0057000,41.1
O006,C00144,T0032540,99.12
O013,C00305,T0029346,133.29
O001,C02628,T0060275,106.25
O011,C01051,T0094196,890.67
O011,C03517,T0038262,202.03
O016,C02429,T0063237,205.33
O006,C03125,T0068967,55.75
O010,C04296,T0028077,499.9
O003,C03469,T0056428,70.06
O016,C03369,T0001788,16.46
O001,C03027,T0075524,360.39
O016,C01490,T0075961,19.16
O018,C04929,T0007395,76.11
O014,C02880,T0072766,83.25
O009,C04514,T0072116,23.61
O011,C01601,T0054309,372.0
O001,C04331,T0096028,235.13
O019,C04096,T0050841,19.78
O014,C01801,T0031666,24.53
O017,C01953,T0054449,117.61
O017,C02952,T0003724,151.29
O011,C04628,T0083505,199.24
O005,C03985,T0039967,115.69
O006,C04824,T0074917,165.28
O005,C04472,T0053928,271.01
O009,C00746,T0018416,16.61
O015,C00350,T0001261,91.51
O007,C01829,T0054164,21.41
O018,C00888,T0086986,73.72
O018,C02608,T0078610,70.85
O014,C02315,T0031203,19.29
O017,C03291,T0003427,75.38
O008,C01405,T0042128,40.01
O011,C03417,T0071896,648.98
O020,C01566,T0012671,96.28
O013,C02670,T0070519,38.1
O007,C02554,T0071515,26.21
O012,C03782,T0027783,150.49
O007,C02059,T0008473,52.96
O015,C03477,T0068981,35.39
O006,C00793,T0011008,83.66
O012,C01872,T0034461,88.35
O019,C00442,T0004403,73.53
O012,C03650,T0076681,38.55
O004,C00199,T0055516,40.91
O001,C01201,T0052148,119.1
O008,C02044,T0043334,108.08
O014,C00703,T0017230,94.54
O014,C00588,T0020720,41.58
O003,C01263,T0099580,41.28
O001,C00579,T0098577,182.31
O005,C04886,T0045036,75.19
O004,C01509,T0097185,62.78
O008,C03490,T0024593,67.96
O001,C00208,T0003195,454.74
O009,C01174,T0084464,13.6
O007,C01693,T0005112,49.29
O005,C02137,T0024306,74.36
O019,C04736,T0076824,44.67
O011,C02164,T0013230,89.57
O011,C00931,T0024270,424.25
O002,C04533,T0023475,68.28
O010,C00116,T0017114,29.3
O011,C00957,T0036338,65.63
O004,C03816,T0052253,17.96
O011,C02840,T0089841,49.98
O018,C00182,T0099986,25.33
O014,C04691,T0042276,104.01
O015,C02996,T0099732,69.93
O020,C01637,T0041179,66.22
O005,C00387,T0023780,92.07
O005,C00567,T0014506,183.7
O011,C03707,T0081288,103.98
O019,C02829,T0084499,99.89
O012,C04911,T0042499,56.88
O001,C02118,T0057657,65.34
O012,C04079,T0088704,303.88
O009,C01353,T0036128,5.46
O012,C00235,T0085980,98.09
O012,C04025,T0078367,127.05
O005,C02241,T0043589,199.11
O011,C03990,T0089887,375.56
O014,C00613,T0022779,86.56
O008,C04013,T0015330,362.58
O004,C00273,T0020346,88.55
O016,C04114,T0094005,26.56
O017,C03149,T0021766,382.15
O007,C01650,T0037816,54.92
O007,C01331,T0009903,32.0
O007,C01513,T0032952,68.89
O015,C03318,T0009060,117.58
O016,C03864,T0014731,28.94
O003,C03164,T0005403,54.66
O016,C01011,T0063406,14.07
O020,C00693,T0069249,169.99
O015,C01794,T0038734,36.75
O015,C04024,T0089011,58.8
O016,C03838,T0069478,137.05
O004,C04162,T0051898,164.92
O020,C01727,T0073782,41.6
O012,C03681,T0001909,354.5
O001,C00990,T0029225,18.46
O013,C00271,T0075447,57.64
O015,C01915,T0045679,23.17
O007,C02780,T0071438,26.52
O011,C04244,T0070517,447.85
O004,C03296,T0089939,40.53
O019,C00800,T0027649,330.94
O019,C04010,T0081596,28.24
O013,C00109,T0066488,291.98
O001,C04965,T0037196,42.32
O001,C03607,T0057053,97.8
O009,C04829,T0061278,37.61
O017,C03893,T0081285,59.44
O004,C01328,T0095006,25.08
O005,C04028,T0077048,435.27
O017,C02271,T0016686,108.26
O012,C02332,T0017962,501.81
O019,C00818,T0073786,50.04
O017,C03030,T0061553,117.06
O015,C04456,T0005592,12.95
O005,C04601,T0066368,123.7
O004,C03754,T0095204,68.23
O018,C03064,T0009887,292.16
O003,C03845,T0049039,297.59
O014,C01476,T0059111,4.04
O013,C01917,T0022963,49.19
O003,C01733,T0042819,148.73
O007,C03485,T0092679,16.64
O006,C01385,T0032716,180.11
O015,C00402,T0027107,113.63
O004,C00219,T0077511,93.92
O017,C04066,T0034763,70.62
O004,C00019,T0059933,83.01
O017,C04594,T0061148,74.45
O020,C03149,T0028621,149.5
O003,C03593,T0008664,81.51
O007,C02015,T0046482,136.85
O008,C04921,T0013858,47.64
O005,C02395,T0095912,42.2
O005,C04073,T0060065,45.55
O019,C02376,T0021485,21.67
O017,C01118,T0064519,1029.86
O018,C02110,T0056830,26.24
O013,C00905,T0018595,35.91
O010,C03084,T0039627,33.8
O008,C02026,T0029431,88.19
O001,C03286,T0079047,411.2
O003,C04939,T0073950,262.74
O002,C02294,T0062281,44.14
O014,C02906,T0080257,15.84
O015,C00979,T0004460,10.22
O001,C02574,T0095474,52.4
O010,C04947,T0088389,220.42
O016,C02682,T0034562,113.25
O020,C02491,T0042300,25.19
O011,C00839,T0050369,55.77
O010,C03561,T0078816,122.53
O017,C04848,T0018995,337.22
O004,C03698,T0094150,59.99
O008,C01750,T0000771,57.17
O016,C03238,T0005543,19.81
O015,C04286,T0047346,28.08
O011,C03693,T0098884,41.15
O004,C02313,T0028826,120.09
O017,C02745,T0084517,905.3
O016,C02017,T0060375,72.07
O001,C03939,T0074722,403.49
O009,C04710,T0017140,188.37
O016,C04914,T0042860,71.56
O010,C03464,T0050145,81.55
O009,C04001,T0096677,68.4
O007,C01001,T0093086,17.99
O009,C00997,T0035841,13.65
O009,C00903,T0079571,4.71
O013,C04230,T0008699,34.73
O010,C03556,T0087816,215.13
O016,C03472,T0036376,78.4
O004,C02005,T0005678,85.15
O003,C04105,T0025618,203.15
O008,C04848,T0041481,134.67
O015,C02669,T0010579,78.82
O018,C01455,T0024876,72.21
O017,C00891,T0048625,123.71
O017,C03954,T0041253,198.73
O006,C03583,T0082850,54.27
O015,C01361,T0068605,43.05
O014,C03748,T0085354,16.48
O008,C04724,T0085735,163.06
O010,C01773,T0012195,77.61
O008,C02946,T0011494,119.5
O017,C03975,T0055461,340.14
O003,C02528,T0058584,89.7
O001,C04884,T0083547,49.77
O005,C04322,T0082156,71.17
O016,C02292,T0027463,20.35
O009,C02617,T0067602,150.8
O013,C00988,T0035624,59.82
O004,C02622,T0073626,115.95
O009,C01631,T0044209,16.34
O004,C00853,T0029411,21.16
O009,C00036,T0016999,66.77
O016,C04149,T0047922,22.35
O014,C00939,T0048949,13.29
O010,C04732,T0066329,46.6
O018,C02616,T0049857,46.51
O015,C01320,T0029181,34.2
O001,C03026,T0087594,77.84
O003,C03965,T0088239,23.39
O020,C01080,T0090421,97.05
O009,C03013,T0051418,25.33
O001,C04379,T0035601,409.8
O007,C04277,T0025595,12.64
O011,C00638,T0038009,39.5
O014,C02856,T0016297,62.33
O005,C04687,T0060813,83.4
O014,C03992,T0093878,4.51
O019,C02463,T0065322,35.03
O012,C01499,T0089261,54.4
O018,C03249,T0095579,19.84
O012,C03688,T0047524,70.17
O008,C03960,T0087868,107.6
O019,C04315,T0028098,136.99
O001,C02511,T0039022,104.36
O002,C03172,T0079396,62.75
O007,C02222,T0032701,14.86
O005,C01552,T0011742,72.93
O015,C00097,T0008002,99.27
O010,C00767,T0076271,354.47
O009,C02384,T0025840,9.76
O001,C00209,T0028916,80.78
O008,C01238,T0075348,113.67
O019,C04549,T0006251,84.88
O014,C02987,T0062527,4.65
O014,C04860,T0078907,43.29
O016,C01756,T0089439,75.6
O003,C02944,T0020988,41.36
O014,C03067,T0097179,59.31
O019,C03195,T0049160,76.77
O015,C03178,T0001012,16.15
O005,C01157,T0074847,380.14
O016,C02989,T0091621,84.28
O016,C02257,T0057652,14.97
O004,C01791,T0057160,106.93
O017,C00107,T0035316,243.52
O002,C02039,T0058292,40.18
O016,C02547,T0083793,5.44
O005,C00736,T0029976,30.67
O008,C01964,T0013989,243.34
O007,C01371,T0077650,52.26
O005,C02292,T0070374,162.81
O001,C02257,T0020059,27.71
O013,C03496,T0032844,95.76
O001,C01031,T0027680,88.25
O013,C01439,T0054956,98.55
O019,C03972,T0039766,35.39
O008,C02928,T0024205,30.93
O003,C04760,T0083778,66.69
O003,C01555,T0013528,144.97
O016,C02030,T0036166,175.07
O014,C01996,T0090809,35.7
O006,C03441,T0025945,83.66
O005,C02354,T0064969,153.0
O015,C04769,T0048021,32.51
O006,C01378,T0029162,108.04
O003,C01061,T0060558,41.76
O017,C01222,T0020027,226.02
O005,C04238,T0014048,129.98
O004,C00571,T0011578,618.45
O013,C04639,T0062789,35.36
O002,C02163,T0068998,85.68
O020,C03066,T0015325,40.42
O010,C01860,T0096726,470.65
O007,C01203,T0036660,66.18
O020,C04265,T0065914,500.95
O020,C01701,T0051673,84.62
O009,C02650,T0077338,48.97
O001,C03245,T0051312,90.81
O017,C01019,T0003341,242.14
O003,C01553,T0033647,226.66
O011,C04940,T0087879,509.81
O019,C02124,T0093999,57.73
O001,C02607,T0067410,224.8
O001,C03224,T0096551,125.58
O010,C00268,T0075719,18.86
O016,C01118,T0022034,24.97
O012,C04273,T0091735,459.06
O010,C03874,T0035957,91.68
O005,C00896,T0076711,230.7
O020,C02787,T0057918,46.77
O016,C04750,T0080633,845.67
O002,C04536,T0007425,17.42
O009,C01152,T0093495,41.05
O019,C03815,T0015436,32.6
O016,C03078,T0094620,185.3
O019,C02295,T0016893,29.53
O011,C03938,T0046380,201.5
O016,C04706,T0030937,135.22
O004,C00456,T0006150,122.44
O001,C02761,T0050237,143.44
O012,C03172,T0090761,493.67
O015,C03404,T0097199,13.87
O012,C01834,T0032224,143.52
O015,C01422,T0069397,23.83
O004,C03591,T0074698,84.35
O011,C03978,T0036123,36.55
O017,C02615,T0014029,1030.71
O018,C04946,T0070540,251.49
O019,C03227,T0022873,91.7
O012,C04910,T0043685,75.95
O007,C02823,T0078019,20.8
O006,C01828,T0018779,622.05
O008,C01414,T0062645,42.39
O001,C02203,T0048868,57.9
O002,C00288,T0063533,54.98
O002,C01780,T0071984,13.65
O012,C04319,T0055456,116.26
O002,C02853,T0090493,17.13
O018,C01692,T0096039,625.36
O010,C01238,T0013527,183.45
O016,C02360,T0072550,21.56
O010,C00868,T0013142,262.47
O017,C01517,T0053815,281.27
O006,C03605,T0005028,136.57
O001,C00486,T0057559,185.59
O018,C02110,T0011768,54.5
O017,C00950,T0030043,95.35
O015,C02363,T0019780,56.66
O004,C00607,T0024653,89.12
O010,C00342,T0024789,74.64
O013,C03460,T0042171,82.95
O010,C03304,T0037888,125.49
O020,C01366,T0080212,86.04
O009,C00512,T0079162,26.74
O017,C04321,T0087709,61.58
O013,C02473,T0079213,76.19
O018,C02296,T0053798,22.7
O019,C00636,T0046959,106.21
O011,C02616,T0028716,61.09
O001,C03087,T0051844,182.32
O013,C02861,T0046050,111.38
O001,C02705,T0099700,82.95
O008,C00627,T0022752,120.22
O010,C01677,T0035285,39.42
O016,C04529,T0021842,26.98
O020,C01562,T0071466,222.87
O006,C02271,T0004548,52.96
O007,C02350,T0019363,15.0
O013,C04505,T0003095,36.5
O001,C00354,T0080618,436.86
O012,C04852,T0090314,135.08
O014,C01658,T0067055,37.61
O010,C01728,T0089706,32.1
O007,C02677,T0039109,40.28
O017,C02865,T0059446,134.85
O010,C00668,T0014721,174.87
O006,C02265,T0062124,614.83
O016,C03739,T0072973,6.72
O007,C03083,T0000753,48.34
O015,C00478,T0067952,17.47
O018,C04361,T0098266,76.34
O007,C04953,T0041536,83.76
O013,C04680,T0071824,269.11
O001,C00084,T0055844,107.92
O010,C02451,T0095367,142.62
O002,C03474,T0024848,73.69
O009,C02708,T0034672,33.32
O003,C01372,T0002450,99.79
O001,C00053,T0067029,193.88
O014,C00068,T0095118,35.98
O018,C04918,T0085984,181.27
O016,C00689,T0053356,180.15
O006,C00243,T0077670,284.21
O014,C02874,T0009968,25.0
O010,C01752,T0095448,90.57
O016,C03429,T0082229,88.24
O013,C00512,T0070083,381.66
O010,C00263,T0026230,54.95
O006,C04554,T0011154,86.73
O006,C02737,T0046229,93.6
O003,C02089,T0070586,107.54
O010,C02006,T0092350,44.15
O017,C01100,T0041266,84.19
O020,C04438,T0027845,28.42
O017,C01461,T0018963,46.6
O010,C04027,T0036944,1056.44
O011,C04206,T0013945,155.62
O005,C03019,T0048067,261.48
O017,C02572,T0077064,36.06
O006,C02212,T0084449,393.87
O005,C00503,T0019658,43.16
O018,C00710,T0064177,202.66
O017,C00361,T0039070,2348.53
O012,C00498,T0024055,21.5
O001,C03596,T0097083,41.35
O017,C03429,T0019554,279.11
O011,C01070,T0064523,21.7
O018,C01680,T0014018,127.99
O019,C03820,T0076068,94.13
O008,C01207,T0049066,247.1
O014,C02735,T0009085,20.56
O015,C04952,T0041047,40.52
O010,C02714,T0041640,67.08
O008,C04466,T0025263,74.31
O008,C03269,T0058288,31.38
O018,C03698,T0051320,65.92
O013,C01083,T0088182,58.8
O008,C01529,T0020284,110.54
O020,C00152,T0091021,259.35
O014,C02687,T0031643,32.48
O011,C01971,T0050615,103.36
O018,C03955,T0088597,64.21
O020,C04708,T0067798,60.89
O014,C04360,T0066254,37.75
O007,C00868,T0001993,96.43
O001,C00163,T0071410,45.92
O013,C04508,T0098893,269.87
O001,C00014,T0023402,453.57
O019,C02769,T0040981,193.68
O016,C04005,T0039793,12.3
O014,C04582,T0052658,27.83
O008,C00447,T0069051,374.13
O010,C04708,T0046861,16.65
O015,C00309,T0055719,19.88
O019,C04824,T0062520,13.07
O002,C00783,T0006185,60.66
O007,C04877,T0002279,9.83
O015,C02454,T0045306,77.17
O002,C04336,T0012510,67.63
O006,C04300,T0057768,129.82
O011,C03577,T0048549,897.93
O005,C01410,T0017309,37.12
O009,C04710,T0089483,105.99
O002,C03381,T0042805,73.56
O001,C01707,T0078888,231.54
O009,C01821,T0082784,39.33
O015,C01513,T0062667,218.38
O018,C04204,T0072232,872.76
O017,C03604,T0039689,54.77
O007,C02139,T0031951,15.9
O002,C04568,T0087558,18.93
O012,C03740,T0028002,88.08
O002,C01446,T0017588,406.43
O011,C02937,T0068158,76.91
O017,C02318,T0072628,751.78
O010,C02586,T0097820,143.02
O004,C03734,T0021677,59.83
O011,C00284,T0070231,735.34
O005,C03464,T0021236,31.96
O007,C03451,T0013884,631.27
O003,C03920,T0082282,36.45
O005,C01977,T0047884,176.26
O014,C00879,T0059745,34.68
O005,C02119,T0060628,506.94
O008,C04700,T0013299,117.44
O005,C01147,T0077839,1190.37
O011,C00807,T0015085,180.79
O014,C01281,T0072176,30.64
O006,C00231,T0008713,42.83
O001,C04295,T0042334,53.16
O009,C02627,T0068640,27.72
O019,C02229,T0057199,139.79
O010,C00747,T0068403,156.99
O004,C03191,T0006857,48.84
O009,C03111,T0066465,41.45
O016,C01272,T0076606,56.38
O014,C01155,T0088579,32.67
O009,C04153,T0032034,22.19
O017,C01738,T0016798,154.24
O014,C01400,T0015484,19.89
O010,C03946,T0018866,41.71
O013,C03402,T0021228,21.37
O006,C00730,T0095063,259.3
O018,C01776,T0094415,64.99
O020,C04833,T0038137,77.81
O020,C04540,T0021373,204.13
O010,C01269,T0053837,287.66
O013,C02950,T0012891,65.16
O002,C03608,T0083065,300.79
O005,C02183,T0060891,56.22
O019,C03823,T0076887,75.68
O002,C04926,T0004793,68.62
O001,C01239,T0022214,591.18
O010,C04932,T0033862,109.23
O006,C02823,T0009660,54.56
O019,C04553,T0071857,20.97
O011,C00065,T0064368,103.8
O002,C04597,T0057085,52.73
O015,C02267,T0021347,163.08
O019,C00854,T0087275,188.21
O018,C00926,T0044402,41.59
O009,C02145,T0028259,22.88
O019,C03472,T0088013,14.67
O020,C03615,T0013053,38.73
O001,C03658,T0066277,70.87
O007,C02804,T0022510,17.73
O009,C04187,T0038761,35.45
O012,C00508,T0039198,45.77
O005,C04292,T0001379,186.01
O020,C03625,T0080331,123.13
O009,C03474,T0012779,41.33
O010,C03913,T0032237,179.56
O007,C02953,T0061781,78.22
O009,C00448,T0095524,22.45
O019,C03029,T0064772,46.01
O003,C02662,T0024560,16.92
O001,C01789,T0051497,80.03
O005,C03692,T0062766,102.1
O019,C04792,T0057926,83.63
O011,C01487,T0085099,271.96
O001,C02230,T0067400,36.24
O007,C01394,T0075878,24.36
O015,C01800,T0001505,11.45
O017,C04868,T0081468,66.06
O013,C00177,T0073398,19.08
O016,C02945,T0049144,161.67
O010,C02360,T0055578,231.24
O014,C04968,T0060576,33.64
O010,C03150,T0070592,126.59
O009,C02535,T0037930,41.62
O008,C00538,T0064397,303.79
O014,C00804,T0023422,44.82
O019,C04989,T0011526,33.69
O011,C03010,T0054315,41.98
O003,C04706,T0009027,25.33
O001,C04240,T0028207,157.57
O020,C02600,T0020639,16.53
O017,C02251,T0025535,33.1
O019,C04419,T0089920,29.56
O010,C02625,T0030501,75.46
O015,C02586,T0041672,30.01
O009,C03850,T0061596,58.75
O002,C00857,T0079216,66.38
O019,C03751,T0044745,51.84
O015,C03301,T0067520,72.0
O004,C01065,T0068410,138.17
O019,C01165,T0069873,42.43
O017,C04663,T0066672,190.4
O006,C00828,T0060784,266.9
O017,C03888,T0090154,95.07
O011,C04586,T0032051,32.94
O005,C01125,T0070829,229.38
O017,C04676,T0033579,29.08
O010,C00550,T0063860,87.2
O020,C00359,T0006070,234.45
O016,C03063,T0026409,413.97
O002,C03464,T0080374,65.38
O019,C04982,T0006748,67.79
O008,C01013,T0009435,689.9
O011,C03487,T0062328,67.25
O018,C02605,T0036482,70.03
O015,C03303,T0089518,322.0
O015,C02635,T0072303,143.04
O008,C02717,T0038988,114.57
O015,C00488,T0043193,42.34
O005,C01624,T0059540,382.75
O010,C03151,T0090640,238.81
O020,C02120,T0023593,594.98
O016,C00913,T0099683,17.75
O013,C01147,T0088845,358.74
O016,C01616,T0007650,33.1
O009,C03739,T0033120,5.79
O006,C04425,T0037278,40.88
O006,C01095,T0054617,92.04
O008,C00398,T0062530,39.48
O020,C02457,T0054784,34.31
O019,C01444,T0006991,60.71
O008,C00458,T0067555,26.02
O013,C01863,T0082827,22.77
O015,C02440,T0072658,35.87
O001,C01876,T0097064,-0.18
O013,C00427,T0049415,16.96
O002,C00098,T0049950,59.38
O014,C00480,T0057196,7.99
O018,C03049,T0080971,33.03
O003,C04562,T0028484,77.63
O020,C04305,T0074832,84.73
O012,C01983,T0016794,19.01
O012,C03411,T0081584,13.2
O001,C02745,T0067197,24.02
O006,C01513,T0091753,259.56
O017,C04592,T0095891,113.29
O009,C02727,T0065815,70.87
O018,C03500,T0011129,55.53
O018,C01195,T0075400,71.15
O014,C02408,T0070385,19.4
O010,C02302,T0083829,229.66
O018,C00671,T0090839,57.31
O005,C02027,T0048871,59.75
O013,C04014,T0085953,42.84
O002,C00778,T0021233,19.41
O018,C03410,T0069560,24.48
O015,C04384,T0032727,49.51
O020,C03549,T0004608,375.06
O014,C02208,T0087199,50.14
O012,C01447,T0059404,53.69
O004,C03666,T0087291,491.06
O018,C01402,T0030328,38.15
O020,C03743,T0063253,72.56
O014,C03924,T0066193,27.52
O004,C04409,T0049355,126.73
O005,C02468,T0041345,845.57
O010,C02301,T0023004,106.35
O003,C02029,T0045084,780.31
O015,C03395,T0001743,289.06
O002,C02539,T0021075,72.78
O006,C01508,T0059460,49.11
O010,C03373,T0017639,296.25
O010,C04454,T0013010,58.16
O014,C03409,T0092853,20.72
O011,C03825,T0097044,158.89
O001,C02510,T0058749,397.05
O018,C03989,T0059945,17.31
O018,C00343,T0071687,29.42
O002,C04399,T0044296,11.92
O005,C00292,T0078181,99.42
O005,C03120,T0004568,131.96
O003,C00412,T0036228,38.6
O003,C03765,T0052318,39.78
O002,C02209,T0063743,23.73
O002,C01342,T0057459,275.14
O017,C01818,T0070100,726.5
O009,C02644,T0070590,53.47
O017,C01319,T0020128,201.13
O005,C04246,T0039273,75.31
O013,C04138,T0056934,56.49
O017,C01699,T0009138,254.53
O019,C00654,T0019806,104.11
O001,C02261,T0087444,458.45
O013,C04616,T0082720,1124.55
O013,C04510,T0076243,104.82
O006,C03590,T0000349,243.22
O004,C03469,T0073881,104.59
O015,C00616,T0005506,113.35
O006,C00568,T0012521,87.33
O005,C00170,T0048228,15.98
O009,C02304,T0026413,41.98
O004,C00423,T0045697,47.98
O016,C00026,T0095986,11.95
O019,C01951,T0088289,192.71
O014,C00073,T0020593,9.28
O006,C02097,T0027005,43.41
O015,C00488,T0063643,17.88
O006,C00970,T0061101,72.21
O019,C00598,T0030748,392.64
O005,C00461,T0059976,156.99
O003,C04618,T0028576,35.54
O001,C02813,T0061602,120.54
O011,C03528,T0072252,1040.89
O009,C04060,T0036192,28.86
O005,C01446,T0051550,106.87
O013,C00851,T0041971,72.01
O003,C01643,T0030602,76.89
O005,C03956,T0019496,48.73
O012,C00789,T0075689,39.25
O006,C04030,T0032173,131.35
O018,C02865,T0085751,577.98
O003,C00515,T0068261,323.29
O003,C01296,T0060187,213.4
O016,C00316,T0093126,72.16
O003,C03259,T0068951,149.02
O014,C01244,T0004105,211.19
O013,C00984,T0040918,90.29
O001,C01688,T0093021,52.61
O009,C00013,T0001384,7.56
O015,C04767,T0066215,5.64
O002,C04828,T0036334,48.16
O010,C04591,T0096165,145.37
O005,C00352,T0051223,785.16
O008,C02705,T0045673,154.86
O006,C00110,T0015298,239.8
O008,C02513,T0064863,229.71
O009,C03600,T0061318,6.4
O014,C03134,T0031385,49.02
O016,C01565,T0050454,22.8
O019,C04448,T0044011,68.43
O011,C02673,T0007497,92.04
O010,C00256,T0084670,229.51
O005,C04551,T0090652,724.6
O005,C00050,T0037875,150.46
O017,C02088,T0058806,198.38
O004,C01667,T0010198,52.56
O013,C03224,T0042111,10.66
O009,C03290,T0039284,9.79
O003,C01358,T0015307,50.21
O008,C02513,T0048801,53.13
O004,C01634,T0045601,111.81
O006,C00412,T0032434,250.48
O019,C02361,T0093563,39.84
O016,C00101,T0057941,29.45
O002,C01167,T0000461,398.03
O012,C00547,T0093496,80.14
O006,C00202,T0011592,25.74
O018,C02301,T0076276,87.45
O008,C03621,T0050851,786.15
O013,C01308,T0045085,466.87
O019,C01693,T0071139,54.08
O006,C04009,T0076159,144.05
O015,C04923,T0037221,229.62
O012,C03551,T0080036,104.05
O008,C03455,T0025737,94.52
O008,C03172,T0086119,67.29
O007,C02103,T0010903,11.27
O018,C01125,T0001103,158.77
O015,C03709,T0075541,68.0
O004,C00046,T0062172,25.58
O007,C03439,T0080047,23.75
O014,C04262,T0083036,16.26
O014,C03839,T0020456,6.32
O001,C03831,T0034556,138.06
O020,C02472,T0008740,119.39
O015,C03179,T0007738,55.71
O003,C01427,T0098416,24.42
O006,C03806,T0097698,72.91
O014,C04950,T0096101,176.21
O018,C02941,T0076882,139.5
O017,C04221,T0052927,52.8
O003,C02931,T0086447,105.2
O007,C02111,T0008726,80.58
O013,C04245,T0089881,47.4
O010,C04744,T0066257,71.17
O011,C01625,T0014917,301.37
O014,C01989,T0015147,16.78
O017,C01107,T0027029,71.23
O006,C04118,T0072374,396.82
O007,C01738,T0025720,15.46
O013,C02596,T0060599,24.42
O016,C00447,T0048465,77.67
O012,C03859,T0011806,49.0
O001,C00418,T0090082,90.32
O007,C02022,T0032968,18.99
O002,C01757,T0050115,67.46
O019,C04935,T0072094,32.73
O020,C04298,T0058024,22.57
O017,C04904,T0068737,354.4
O007,C01171,T0014974,26.5
O014,C04280,T0058999,18.8
O007,C02050,T0024613,19.78
O010,C00283,T0015030,152.7
O019,C02269,T0099050,36.35
O019,C00514,T0022472,32.39
O009,C03491,T0047108,4.99
O018,C00520,T0077264,213.93
O001,C04750,T0051876,81.41
O020,C02309,T0057766,102.34
O020,C00630,T0001303,35.5
O002,C00739,T0092159,389.99
O018,C01550,T0083626,201.58
O020,C00816,T0072234,114.54
O007,C02465,T0010538,113.16
O010,C00823,T0092433,53.85
O005,C01265,T0074540,104.59
O018,C00104,T0051506,41.31
O016,C00518,T0048757,34.17
O020,C04876,T0075380,14.49
O011,C02617,T0096934,513.78
O017,C01143,T0002885,113.69
O003,C04804,T0083495,23.05
O015,C04789,T0027754,24.35
O013,C00533,T0079652,195.41
O005,C00676,T0079100,805.2
O001,C03321,T0023920,38.25
O004,C03642,T0086506,320.82
O004,C01551,T0071088,393.5
O016,C00533,T0000332,20.44
O017,C03435,T0098268,176.52
O008,C03105,T0070939,154.15
O003,C01513,T0032963,63.68
O012,C00989,T0017802,34.06
O012,C02823,T0003928,458.78
O011,C00380,T0052421,129.09
O009,C01534,T0054691,72.23
O015,C03107,T0012114,51.69
O013,C03261,T0054074,82.25
O003,C01824,T0046502,20.51
O001,C04357,T0064894,29.35
O016,C02764,T0047529,27.03
O016,C02860,T0026246,167.48
O003,C03722,T0007163,159.36
O008,C01246,T0002531,184.25
O001,C02378,T0070006,171.2
O015,C02270,T0049247,71.2
O007,C04330,T0028584,21.92
O012,C00911,T0017156,225.82
O006,C04199,T0098096,158.25
O012,C03941,T0066101,305.72
O004,C02550,T0059956,614.87
O007,C02464,T0079865,15.91
O003,C02821,T0068025,204.36
O008,C00672,T0024012,41.61
O019,C00153,T0000383,262.99
O010,C03362,T0052640,121.42
O005,C02597,T0018187,485.44
O017,C00258,T0097502,21.97
O009,C01329,T0036386,28.32
O005,C01396,T0070091,40.89
O015,C04582,T0077978,20.39
O006,C03700,T0008092,186.78
O006,C01062,T0054179,135.69
O002,C04195,T0092536,74.36
O015,C03604,T0032935,66.34
O018,C04433,T0093286,70.69
O017,C04239,T0006449,196.75
O013,C02319,T0095567,136.41
O019,C03324,T0009071,44.89
O007,C02571,T0036736,22.78
O012,C00260,T0099397,247.98
O020,C03666,T0035325,127.94
O015,C03817,T0054137,40.77
O006,C02913,T0048849,131.55
O019,C02459,T0037518,62.49
O020,C01338,T0043752,87.38
O003,C02650,T0011981,84.49
O009,C00795,T0097328,46.72
O006,C01183,T0049702,351.98
O019,C01056,T0043132,96.46
O015,C00504,T0054380,43.34
O014,C04733,T0038818,22.09
O019,C02720,T0029030,11.38
O009,C00729,T0016780,4.27
O010,C03172,T0050739,273.72
O017,C01349,T0086088,232.29
O004,C03378,T0062646,576.11
O003,C02807,T0026606,67.46
O010,C04466,T0017120,51.62
O001,C02392,T0098651,31.75
O007,C02194,T0033722,15.61
O007,C04089,T0063695,207.12
O002,C01709,T0069646,28.59
O003,C01449,T0095236,84.61
O004,C04851,T0024451,848.97
O006,C03115,T0057261,99.86
O013,C03122,T0082215,14.38
O018,C00800,T0093922,22.47
O001,C03505,T0017234,404.72
O019,C04208,T0047365,276.36
O006,C00542,T0091969,167.27
O005,C01784,T0003378,51.06
O001,C02848,T0009505,105.09
O006,C04184,T0097995,19.59
O001,C02709,T0012678,76.3
O018,C02557,T0036415,41.14
O006,C04319,T0024027,79.96
O018,C01089,T0038990,34.24
O014,C04192,T0066484,306.43
O004,C02851,T0072453,27.16
O002,C04067,T0070584,72.8
O007,C01823,T0029243,38.4
O016,C02482,T0019328,27.9
O005,C03097,T0036557,92.06
O018,C03504,T0019752,60.0
O006,C00411,T0000293,123.67
O020,C04289,T0001272,37.63
O004,C04429,T0097430,207.61
O019,C00149,T0068977,93.24
O010,C03748,T0008998,135.75
O005,C00863,T0030904,105.04
O019,C04497,T0081326,39.38
O006,C00276,T0071501,128.49
O005,C01023,T0024629,82.08
O016,C02545,T0056838,47.79
O017,C00330,T0031541,210.7
O007,C01368,T0024130,41.39
O011,C00165,T0022038,186.85
O017,C00801,T0020222,155.68
O016,C04453,T0053099,22.27
O008,C00914,T0058368,69.56
O012,C01496,T0071527,194.83
O003,C00246,T0058597,115.37
O016,C00362,T0042651,63.77
O013,C00020,T0052457,11.93
O009,C04880,T0086244,18.19
O010,C04338,T0069738,119.54
O015,C04149,T0072844,21.14
O010,C00169,T0032913,272.82
O018,C00240,T0003382,209.74
O018,C03325,T0022100,1252.12
O001,C00467,T0070638,60.13
O013,C00689,T0078275,260.22
O015,C03476,T0054701,30.77
O013,C00627,T0038880,121.19
O016,C00328,T0029633,20.99
O017,C02431,T0092829,166.55
O008,C04942,T0052363,81.03
O015,C01111,T0048682,59.62
O009,C00531,T0075615,14.66
O001,C00473,T0001633,686.4
O012,C04182,T0001554,140.36
O009,C01468,T0007708,43.78
O006,C03520,T0054271,640.22
O012,C02010,T0030052,220.42
O002,C01697,T0069891,91.54
O003,C02955,T0091532,59.7
O006,C04701,T0037611,418.95
O019,C00155,T0023560,80.04
O013,C01489,T0093382,34.41
O006,C00522,T0084639,45.15
O012,C01489,T0079578,158.26
O006,C00072,T0050052,193.51
O002,C00325,T0054113,16.64
O005,C04247,T0088896,318.53
O020,C03002,T0030709,50.83
O001,C02168,T0067691,96.8
O009,C01488,T0005829,3.8
O005,C03144,T0032624,255.25
O002,C04791,T0000213,41.52
O012,C02366,T0009224,65.68
O003,C02023,T0017750,38.77
O010,C02961,T0035237,96.95
O014,C03084,T0088015,76.39
O007,C00819,T0018018,171.96
O007,C03344,T0084238,12.99
O015,C01071,T0055284,59.61
O009,C01309,T0008307,2.52
O016,C04821,T0034742,15.12
O014,C02582,T0078460,6.79
O004,C02931,T0038389,66.02
O014,C04018,T0005705,17.94
O020,C03929,T0095101,57.21
O005,C01989,T0094403,52.31
O012,C02375,T0028956,69.73
O018,C03882,T0000219,31.68
O005,C01891,T0005732,142.62
O013,C02178,T0063592,831.8
O004,C00850,T0075069,128.85
O002,C02104,T0040026,31.51
O006,C00885,T0023436,56.6
O012,C02066,T0009677,28.03
O013,C02033,T0002092,30.6
O014,C04892,T0065113,48.59
O008,C02731,T0090093,31.08
O004,C02628,T0050543,145.28
O012,C01729,T0056961,273.52
O019,C00622,T0055824,133.29
O001,C01465,T0070817,141.31
O016,C02631,T0042609,12.45
O001,C03898,T0054716,80.18
O004,C00847,T0072244,98.42
O010,C01916,T0056258,455.14
O003,C04271,T0022699,18.03
O018,C02188,T0073909,100.09
O003,C00841,T0096067,490.7
O005,C03680,T0044542,112.98
O009,C04792,T0058415,16.97
O009,C00192,T0082483,33.7
O003,C02635,T0077521,62.58
O009,C00216,T0083085,13.13
O003,C02544,T0038842,56.28
O020,C01887,T0030844,207.46
O011,C01109,T0059560,129.04
O011,C00679,T0058202,25.08
O005,C00409,T0094967,17.79
O020,C03095,T0082108,201.13
O001,C00649,T0047722,124.0
O011,C03727,T0068908,110.51
O020,C00120,T0029842,109.72
O020,C01940,T0015354,85.78
O016,C03111,T0062462,12.13
O019,C02223,T0093793,169.67
O005,C01226,T0096911,386.96
O005,C03863,T0060150,265.75
O008,C04420,T0084550,225.46
O014,C02172,T0075846,27.13
O015,C02712,T0087695,119.07
O001,C04883,T0035637,73.66
O016,C00825,T0007018,25.25
O002,C04508,T0069633,25.77
O007,C03222,T0006063,118.61
O013,C04497,T0091918,39.02
O015,C03028,T0058391,87.02
O013,C03520,T0095013,95.81
O003,C00699,T0093608,28.66
O015,C04054,T0030219,38.18
O018,C04265,T0039310,134.51
O011,C03137,T0045199,19.97
O009,C00209,T0064911,15.46
O015,C02207,T0027178,4.57
O016,C04056,T0098516,26.82
O014,C04017,T0014585,7.79
O006,C03958,T0078567,49.98
O008,C01944,T0062529,426.82
O005,C00226,T0027684,155.47
O011,C02412,T0093172,46.24
O009,C04673,T0035289,15.5
O003,C01839,T0015422,89.61
O016,C03826,T0071203,105.66
O014,C03520,T0007776,5.66
O004,C01015,T0037830,39.56
O018,C01308,T0022608,56.64
O011,C02852,T0022340,47.92
O019,C01947,T0039720,164.17
O001,C04962,T0014333,841.31
O013,C00014,T0005178,251.52
O008,C00159,T0004073,291.85
O004,C03941,T0069553,489.27
O005,C02246,T0060099,180.24
O008,C00061,T0066408,73.41
O008,C03037,T0078947,77.72
O010,C03193,T0018373,227.44
O004,C00176,T0066228,69.3
O002,C01705,T0065131,40.45
O013,C01614,T0089336,19.33
O007,C01170,T0010534,79.34
O010,C03387,T0064276,116.85
O015,C04009,T0043896,46.69
O007,C03803,T0087490,7.09
O002,C04799,T0057067,43.21
O001,C00228,T0095519,162.35
O010,C02074,T0041760,81.86
O012,C00023,T0040606,222.45
O001,C00753,T0032686,42.44
O010,C01015,T0080065,125.66
O009,C03423,T0028984,16.39
O019,C03016,T0006050,21.04
O013,C02671,T0077041,108.37
O012,C00469,T0067586,253.36
O015,C04674,T0037388,29.53
O002,C02563,T0072127,109.27
O020,C01442,T0016183,38.68
O018,C04217,T0066428,24.87
O006,C02268,T0052971,652.1
O013,C00056,T0053014,18.41
O015,C04840,T0033229,109.41
O011,C03256,T0071641,68.83
O011,C01627,T0041617,47.91
O001,C03712,T0094725,141.71
O015,C02116,T0039762,23.26
O007,C02990,T0012116,8.56
O012,C03762,T0083538,138.79
O018,C01672,T0009162,51.73
O013,C03657,T0002782,333.04
O001,C00807,T0012953,74.69
O003,C04030,T0025462,19.82
O003,C03785,T0044448,50.48
O012,C03511,T0040258,35.79
O005,C02515,T0033740,50.0
O020,C02654,T0034004,171.9
O018,C03484,T0083750,109.74
O016,C02891,T0062654,26.94
O020,C03867,T0091118,507.52
O011,C00711,T0000814,69.03
O010,C00643,T0085896,648.52
O018,C02416,T0032493,263.67
O014,C04870,T0080984,13.21
O018,C02844,T0037842,22.67
O004,C01966,T0002742,346.71
O008,C03589,T0071308,38.3
O010,C02638,T0067225,52.34
O012,C04063,T0022768,210.19
O017,C00364,T0082063,165.91
O011,C00384,T0027971,633.31
O018,C01027,T0099682,366.72
O009,C03535,T0039323,16.08
O007,C02919,T0002883,30.38
O015,C04035,T0034206,26.97
O016,C04481,T0043128,23.05
O011,C01763,T0046520,50.34
O008,C04821,T0068986,51.03
O001,C02850,T0069942,49.58
O014,C04920,T0006148,19.56
O011,C04713,T0030517,35.61
O014,C04521,T0064045,91.88
O005,C04383,T0099771,151.98
O005,C01142,T0042328,64.32
O017,C02768,T0045043,165.08
O008,C03373,T0079581,53.5
O010,C03844,T0038275,73.92
O017,C04674,T0053394,29.22
O004,C00656,T0076485,58.92
O002,C04807,T0091485,88.72
O006,C02737,T0061398,74.25
O012,C03846,T0089499,38.67
O007,C00807,T0053667,63.87
O017,C02096,T0021659,40.91
O012,C01242,T0032489,143.7
O013,C04155,T0045191,97.86
O011,C00754,T0096105,22.1
O007,C01255,T0053693,16.02
O002,C01010,T0004389,77.35
O001,C01320,T0001245,127.4
O004,C02883,T0049320,299.64
O004,C04483,T0047000,201.79
O017,C03757,T0012334,146.29
O014,C02668,T0040103,11.95
O003,C04841,T0050920,116.96
O018,C01689,T0033945,518.02
O014,C01048,T0058573,11.21
O014,C02683,T0021676,13.78
O005,C03678,T0027404,747.73
O011,C02195,T0024568,66.89
O014,C02784,T0065823,25.13
O007,C00142,T0041473,27.83
O014,C00926,T0024423,13.76
O001,C03412,T0052707,43.9
O001,C04864,T0059358,39.31
O004,C04873,T0081159,71.98
O019,C04159,T0035582,377.87
O003,C03517,T0079544,84.86
O013,C03860,T0082007,7.03
O008,C00315,T0022554,259.61
O016,C02927,T0002045,149.36
O018,C00635,T0008940,44.42
O009,C03853,T0053937,15.78
O015,C02764,T0025430,130.39
O020,C01309,T0032512,69.55
O012,C01413,T0047371,31.66
O017,C02494,T0012934,1846.73
O005,C01143,T0014222,396.56
O017,C03405,T0079911,163.89
O014,C00727,T0099018,75.99
O009,C00486,T0045571,22.73
O005,C00812,T0095712,78.04
O011,C01879,T0080526,61.6
O020,C01124,T0026509,375.28
O005,C00370,T0030409,252.3
O011,C03396,T0016050,470.59
O019,C00671,T0004584,34.6
O012,C00869,T0099387,62.83
O008,C02016,T0012543,389.83
O008,C00423,T0041524,320.66
O016,C01712,T0010663,50.55
O015,C01294,T0040369,32.63
O001,C04753,T0082770,54.79
O006,C03821,T0047755,814.17
O017,C03125,T0070093,81.33
O007,C01686,T0030747,10.48
O019,C02036,T0044969,72.64
O017,C00019,T0044322,182.14
O013,C04636,T0054586,59.07
O010,C04238,T0074502,107.81
O001,C02067,T0028825,188.4
O015,C02144,T0023944,109.35
O013,C03483,T0072437,57.17
O012,C03015,T0051311,78.69
O020,C02476,T0021800,135.07
O010,C01909,T0039069,93.28
O005,C03401,T0000674,343.82
O007,C04204,T0079588,23.13
O002,C04402,T0030723,78.53
O007,C01210,T0069195,24.95
O011,C01161,T0059562,137.76
O004,C00015,T0045899,106.85
O019,C03118,T0082390,160.95
O002,C04883,T0078179,51.99
O001,C00779,T0015755,45.36
O005,C03489,T0059003,298.2
O019,C04419,T0085942,152.37
O001,C00311,T0094086,76.56
O014,C04650,T0093676,11.93
O019,C01998,T0080351,51.23
O007,C03508,T0016551,7.91
O010,C03853,T0019571,180.34
O012,C03825,T0003371,112.61
O020,C03520,T0014889,54.74
O007,C00694,T0069123,38.91
O001,C03139,T0018477,696.29
O003,C03889,T0059080,185.4
O020,C04861,T0077378,120.37
O016,C01818,T0004914,23.74
O017,C00995,T0016498,365.95
O018,C00091,T0060298,44.28
O019,C00071,T0036988,55.06
O009,C00582,T0017086,23.52
O019,C04883,T0084082,25.72
O014,C00179,T0040322,8.39
O014,C03252,T0021646,7.79
O016,C04098,T0052608,44.46
O015,C04721,T0044382,126.85
O016,C03536,T0051780,18.55
O006,C00836,T0026805,133.39
O009,C02408,T0024107,39.6
O015,C04767,T0054403,16.79
O005,C01389,T0048165,244.94
O017,C01613,T0076054,35.18
O007,C02313,T0064213,10.64
O019,C04094,T0080866,9.13
O017,C02407,T0028740,91.88
O005,C03940,T0024912,184.43
O008,C04598,T0005541,64.71
O004,C00821,T0059260,254.2
O012,C00262,T0000266,123.4
O011,C01846,T0094378,67.64
O016,C02642,T0031939,49.06
O014,C00920,T0023227,31.15
O018,C02540,T0083395,201.64
O016,C03765,T0053226,28.99
O007,C04295,T0051467,23.74
O005,C00399,T0008575,130.99
O018,C00066,T0000728,43.65
O008,C04239,T0089372,70.94
O011,C01023,T0066787,53.37
O005,C00661,T0009000,31.95
O009,C04679,T0000883,16.18
O006,C02723,T0000163,222.48
O007,C04910,T0048352,33.55
O011,C02749,T0043922,65.22
O007,C02032,T0067256,73.67
O011,C02054,T0063194,56.5
O016,C00503,T0095189,34.47
O016,C03388,T0031991,7.01
O004,C04107,T0027282,327.76
O015,C02255,T0081095,263.48
O020,C02401,T0042183,32.77
O005,C01205,T0044155,76.3
O003,C00753,T0021400,122.98
O015,C01668,T0049490,33.24
O007,C03228,T0060955,45.92
O018,C03785,T0039527,280.16
O003,C03832,T0050883,70.81
O009,C02347,T0052521,13.24
O005,C03363,T0028467,140.37
O009,C02255,T0000746,22.96
O014,C00880,T0056231,17.27
O018,C01170,T0010196,28.05
O010,C00654,T0022367,83.44
O002,C01402,T0092872,24.1
O004,C04423,T0069657,68.15
O012,C02810,T0089853,438.77
O003,C04992,T0062343,21.44
O006,C04810,T0096446,233.38
O010,C04237,T0008442,151.47
O001,C03241,T0092060,12.62
O004,C04686,T0063208,31.94
O008,C04293,T0007066,41.98
O009,C00969,T0093579,13.54
O004,C04437,T0063736,150.67
O013,C03849,T0005413,80.24
O008,C03144,T0005120,35.33
O020,C01705,T0084137,119.58
O005,C01243,T0013120,227.65
O020,C01998,T0091728,96.31
O002,C04490,T0034719,25.79
O003,C03994,T0008314,51.97
O012,C02786,T0011931,83.06
O003,C04547,T0024461,145.21
O003,C03294,T0063891,385.75
O012,C01907,T0070616,85.79
O005,C01245,T0008800,334.01
O008,C00703,T0012616,69.22
O020,C00934,T0024557,256.86
O008,C03562,T0086860,115.38
O006,C02614,T0002502,93.36
O009,C03846,T0022975,27.91
O020,C04191,T0037894,39.31
O011,C00895,T0039432,504.53
O001,C01911,T0090288,156.05
O008,C04890,T0021845,86.83
O002,C00899,T0011831,53.05
O003,C00108,T0039874,108.13
O003,C04530,T0011994,138.72
O008,C01265,T0002580,47.03
O007,C01075,T0016322,76.78
O019,C02097,T0042029,23.57
O005,C04889,T0016577,400.62
O014,C04735,T0095126,8.56
O010,C00885,T0078398,55.12
O016,C00788,T0086791,52.76
O020,C03489,T0016576,168.57
O018,C04211,T0071579,81.6
O014,C03973,T0042194,40.5
O009,C00684,T0036191,6.93
O016,C04979,T0060842,94.19
O015,C03042,T0084667,22.88
O005,C04154,T0063827,128.08
O005,C03937,T0021501,100.75
O010,C04530,T0094789,46.74
O008,C04464,T0022823,68.04
O009,C01417,T0067651,46.66
O009,C04627,T0091288,138.67
O010,C04944,T0018031,368.78
O009,C04101,T0024858,14.45
O004,C00497,T0053919,15.64
O001,C04258,T0085044,165.88
O011,C04970,T0078451,74.34
O017,C02564,T0030888,76.98
O010,C00752,T0045511,300.7
O016,C04036,T0062503,45.32
O009,C03313,T0055625,13.11
O009,C01694,T0031383,13.91
O018,C02453,T0043306,39.43
O019,C01048,T0011883,46.63
O012,C01014,T0037170,260.03
O018,C00980,T0071873,160.29
O002,C03871,T0031328,109.08
O015,C00977,T0007173,89.07
O011,C01718,T0090253,286.23
O010,C01685,T0035645,111.52
O010,C02471,T0067201,53.48
O002,C03111,T0001983,11.08
O001,C01419,T0048965,166.45
O011,C02124,T0023452,108.03
O005,C00580,T0077153,49.12
O009,C01519,T0095062,31.46
O001,C04676,T0083213,21.07
O014,C01580,T0060383,38.17
O018,C04350,T0098045,49.29
O015,C04718,T0095070,621.74
O018,C02593,T0066413,171.34
O014,C03581,T0047828,15.98
O010,C04306,T0059825,49.14
O010,C01469,T0083633,48.57
O016,C00735,T0083388,31.35
O017,C04018,T0010507,174.79
O007,C04634,T0084274,73.05
O002,C04030,T0079172,200.73
O020,C00213,T0032712,227.37
O012,C01261,T0052477,78.27
O015,C00749,T0085840,124.83
O003,C02273,T0030994,65.79
O008,C04379,T0082771,193.51
O011,C02848,T0043820,95.3
O001,C00575,T0004964,62.83
O018,C00055,T0032948,293.17
O011,C02041,T0003287,100.69
O015,C02740,T0022925,133.92
O003,C01050,T0019169,106.15
O018,C04892,T0076024,29.21
O007,C04829,T0070140,59.99
O011,C01378,T0091540,83.26
O010,C04253,T0035363,111.19
O007,C03172,T0030567,24.83
O007,C01036,T0075605,67.77
O015,C01521,T0055747,146.17
O009,C04633,T0005248,27.71
O018,C04942,T0099898,140.73
O011,C04704,T0009937,107.34
O003,C01175,T0025808,25.08
O002,C03756,T0068484,40.25
O017,C00840,T0019700,93.01
O005,C02900,T0008111,70.05
O017,C03893,T0031195,114.21
O007,C00779,T0011231,9.85
O013,C02073,T0023727,65.48
O011,C04528,T0005750,142.17
O012,C00224,T0037542,85.57
O018,C04179,T0029573,707.05
O018,C03674,T0087838,354.45
O008,C04216,T0027207,147.27
O007,C03061,T0026054,38.11
O009,C01400,T0078927,100.3
O002,C00871,T0023143,35.5
O008,C01081,T0002056,69.45
O008,C03863,T0033051,24.44
O002,C02185,T0037002,19.9
O005,C00778,T0065150,54.05
O007,C02159,T0097138,6.16
O018,C03456,T0097107,67.85
O002,C02051,T0071591,28.68
O016,C02842,T0009866,54.26
O004,C00345,T0084242,69.08
O018,C01609,T0034768,64.29
O013,C04223,T0029567,36.91
O003,C04575,T0007245,49.74
O008,C00023,T0039734,83.1
O006,C04791,T0067954,58.06
O013,C00371,T0043724,200.28
O019,C01734,T0068578,52.25
O018,C03760,T0078835,59.09
O010,C00257,T0068706,243.81
O011,C01421,T0002232,444.43
O006,C01651,T0070931,140.72
O014,C00134,T0014538,17.12
O005,C00611,T0026589,136.97
O010,C03691,T0079689,240.37
O015,C02721,T0073176,53.48
O013,C01168,T0060773,11.65
O009,C02821,T0069581,45.69
O015,C03859,T0002439,32.24
O002,C01113,T0081063,14.88
O015,C01671,T0009518,11.81
O014,C03033,T0081495,11.69
O019,C03616,T0020258,273.13
O004,C04109,T0017326,176.59
O004,C03544,T0044795,25.11
O012,C01191,T0062793,713.68
O008,C00974,T0013343,82.75
O005,C02013,T0056321,257.87
O002,C01735,T0053637,15.92
O007,C01040,T0042297,22.23
O006,C01141,T0038684,196.99
O015,C03281,T0006688,100.65
O012,C01071,T0000894,178.0
O001,C02032,T0009168,84.97
O005,C02675,T0019664,170.57
O010,C00317,T0001466,197.34
O016,C03863,T0055690,77.13
O019,C00817,T0031986,191.64
O002,C01506,T0042613,58.94
O008,C04335,T0093315,153.64
O012,C01027,T0099449,346.34
O012,C03569,T0057400,56.32
O020,C03545,T0005646,50.23
O001,C03224,T0043317,98.59
O010,C02989,T0070675,43.5
O016,C01028,T0000215,30.92
O019,C00799,T0079744,192.34
O011,C04401,T0006599,104.98
O003,C03616,T0082421,34.06
O007,C04178,T0068453,10.9
O003,C03130,T0014960,131.61
O019,C03907,T0007217,93.06
O009,C04268,T0095252,13.53
O014,C03842,T0060023,46.02
O012,C04070,T0007304,53.1
O010,C04934,T0021129,408.53
O016,C04381,T0089801,17.99
O002,C00974,T0070175,38.4
O019,C02848,T0068703,62.75
O019,C02724,T0030743,219.49
O019,C04516,T0071151,41.29
O014,C00266,T0002307,4.3
O008,C04651,T0021683,20.19
O010,C04923,T0049597,103.5
O018,C03819,T0000600,106.67
O010,C03103,T0042468,20.49
O015,C01883,T0010673,23.19
O020,C02273,T0014451,162.57
O011,C02959,T0009271,379.8
O002,C02510,T0066745,8.66
O002,C02889,T0017627,110.71
O020,C03865,T0016152,52.76
O019,C02733,T0023221,75.57
O017,C04991,T0071178,25.88
O010,C03942,T0060948,814.44
O011,C01585,T0044941,557.93
O020,C01115,T0067688,9.87
O012,C03300,T0023233,271.99
O007,C03560,T0073088,48.02
O011,C01320,T0035143,95.17
O019,C02831,T0044186,100.86
O015,C03455,T0041562,45.4
O009,C01995,T0090037,56.43
O019,C03179,T0080300,32.01
O005,C00103,T0048325,187.84
O013,C04711,T0042602,42.2
O012,C00386,T0011158,231.96
O005,C02646,T0060293,74.22
O007,C01503,T0067591,115.53
O012,C01911,T0075295,57.15
O001,C00426,T0063613,125.09
O005,C01739,T0017997,95.92
O016,C00523,T0096796,7.02
O012,C01690,T0086780,63.63
O014,C01368,T0018878,12.26
O001,C02666,T0053849,193.49
O010,C00961,T0088231,77.69
O016,C04254,T0015823,20.63
O009,C04017,T0062288,8.83
O008,C02243,T0030584,96.12
O015,C04743,T0013259,27.5
O020,C02317,T0049053,529.96
O015,C01638,T0080267,35.3
O015,C02346,T0073929,143.7
O013,C02558,T0099134,84.14
O011,C04260,T0064778,177.99
O012,C04525,T0049741,77.17
O001,C03739,T0076125,90.11
O001,C03557,T0081843,132.42
O009,C04400,T0063842,28.99
O009,C00788,T0050972,15.13
O008,C01536,T0087927,51.53
O005,C00650,T0097615,54.25
O015,C00838,T0003054,30.26
O018,C04806,T0036994,34.15
O010,C01532,T0080723,337.02
O007,C04332,T0098076,65.57
O020,C01779,T0065198,128.09
O001,C04528,T0045372,251.67
O013,C00624,T0065924,149.49
O005,C04715,T0010571,30.89
O006,C01652,T0067898,47.22
O010,C03563,T0075531,131.51
O013,C01755,T0015665,78.44
O020,C02997,T0056332,43.64
O014,C04411,T0055619,5.03
O014,C02353,T0021016,94.07
O020,C04117,T0064112,453.84
O012,C03187,T0001010,298.21
O001,C03202,T0068493,181.51
O016,C00080,T0056940,26.98
O008,C00155,T0004417,138.85
O017,C03177,T0029655,198.05
O005,C01010,T0010258,296.59
O007,C02279,T0069054,45.63
O007,C03425,T0057843,32.96
O017,C03050,T0037298,92.78
O002,C02877,T0015554,235.77
O003,C01767,T0049187,280.74
O009,C03039,T0036308,32.6
O003,C03467,T0081922,47.96
O015,C02027,T0030543,26.01
O016,C04743,T0013008,56.46
O020,C00225,T0082957,68.16
O012,C00746,T0045087,107.9
O014,C01465,T0037399,11.56
O012,C04476,T0099987,675.75
O013,C01300,T0058337,77.98
O015,C02608,T0081880,16.84
O001,C01596,T0030677,233.76
O007,C01623,T0067790,32.49
O015,C02936,T0065028,50.52
O004,C01191,T0095347,1276.45
O016,C00363,T0039052,126.12
O011,C01115,T0044657,200.92
O014,C04880,T0036328,23.27
O020,C04353,T0051522,59.7
O019,C01853,T0073446,27.16
O013,C04931,T0081986,523.52
O008,C00965,T0036558,137.69
O009,C04533,T0082305,22.52
O010,C03744,T0041756,107.99
O010,C00595,T0056461,455.04
O002,C04573,T0099726,41.08
O011,C04662,T0012771,164.17
O002,C03676,T0099225,83.67
O020,C02236,T0094525,60.69
O012,C02127,T0060261,282.13
O005,C01183,T0002299,216.1
O003,C04951,T0011420,95.72
O016,C00377,T0009501,74.81
O015,C04130,T0058108,266.63
O007,C00816,T0024764,9.34
O011,C03536,T0013478,895.18
O006,C01055,T0014899,51.12
O003,C01495,T0078155,437.3
O003,C04419,T0020958,61.55
O008,C01789,T0029960,102.27
O003,C02534,T0022624,38.49
O015,C00487,T0061614,227.99
O019,C02625,T0021188,79.47
O008,C04940,T0071374,230.45
O019,C03639,T0039487,17.79
O004,C04468,T0012233,165.02
O013,C03810,T0001156,37.27
O012,C02232,T0073522,94.38
O019,C01586,T0043071,30.84
O006,C01899,T0046529,204.75
O019,C02656,T0024658,79.12
O012,C04273,T0060530,79.31
O018,C02652,T0095754,127.35
O017,C00536,T0035933,60.13
O005,C03832,T0094478,52.46
O003,C01229,T0001746,174.89
O004,C03503,T0056311,841.91
O010,C01874,T0008798,95.44
O008,C03649,T0046689,48.42
O003,C04740,T0099007,31.75
O004,C01914,T0009539,57.6
O003,C02653,T0035060,72.53
O009,C03405,T0018649,25.41
O005,C01587,T0007577,788.86
O015,C00228,T0000207,321.76
O012,C01576,T0045370,378.41
O011,C03296,T0018289,102.09
O010,C00066,T0044890,119.47
O001,C03101,T0046249,1029.14
O006,C02196,T0078088,38.74
O011,C03528,T0065684,889.99
O006,C02633,T0080117,158.39
O003,C01828,T0050070,145.35
O015,C01506,T0087835,40.15
O006,C03376,T0015902,185.57
O015,C04556,T0007263,60.32
O002,C04750,T0010392,13.67
O001,C00047,T0080236,42.26
O019,C02093,T0004142,24.92
O016,C02538,T0070425,91.72
O008,C03492,T0055542,96.79
O008,C03619,T0005734,59.85
O019,C01197,T0056344,56.25
O010,C00714,T0029675,57.0
O003,C01923,T0081782,72.88
O003,C01852,T0036609,74.36
O005,C00908,T0066246,291.28
O020,C04638,T0083115,81.01
O018,C02791,T0020418,39.53
O006,C02412,T0060400,462.24
O004,C04996,T0068207,38.07
O020,C00217,T0057435,32.88
O019,C00067,T0043158,135.35
O005,C04355,T0011114,85.4
O013,C03438,T0021026,50.7
O001,C03101,T0057758,409.04
O006,C01690,T0095127,108.96
O001,C04846,T0025049,105.29
O010,C02550,T0020369,53.11
O016,C04611,T0061554,24.27
O007,C02106,T0042054,8.76
O002,C04665,T0049713,21.57
O017,C04396,T0069301,224.7
O016,C02412,T0018217,6.81
O005,C01219,T0078407,147.89
O005,C03450,T0060006,435.73
O020,C03269,T0081040,19.78
O010,C03870,T0025182,46.22
O004,C04869,T0015820,903.69
O012,C00215,T0082395,339.91
O019,C01308,T0076615,19.26
O019,C04406,T0025795,31.02
O001,C01111,T0046015,274.02
O019,C02259,T0031201,51.83
O002,C01249,T0023395,21.54
O011,C01893,T0009846,117.46
O016,C02491,T0035752,89.46
O008,C03370,T0089388,66.98
O016,C00085,T0081836,4.8
O004,C01050,T0078045,135.98
O016,C01900,T0048712,46.04
O012,C04490,T0034830,176.92
O009,C04186,T0038483,17.09
O019,C04919,T0040523,56.2
O014,C00451,T0016569,28.49
O001,C02082,T0035795,49.14
O002,C02056,T0003501,25.33
O016,C00532,T0042020,29.87
O016,C02181,T0097617,27.44
O012,C03341,T0047571,216.03
O005,C01571,T0034490,552.15
O011,C01895,T0086125,9.84
O004,C01144,T0089517,155.88
O005,C02969,T0045608,316.8
O010,C02415,T0010710,92.26
O006,C00951,T0052058,265.95
O019,C02148,T0002516,83.05
O004,C02662,T0065711,79.55
O002,C04561,T0065242,53.26
O008,C02840,T0061569,233.92
O004,C01186,T0084439,103.49
O006,C02114,T0037125,153.35
O018,C02653,T0035656,25.0
O015,C01042,T0085975,200.58
O009,C03833,T0081612,42.93
O012,C03685,T0087463,76.39
O005,C03759,T0062050,37.25
O002,C01452,T0092538,36.03
O018,C02888,T0090030,50.13
O017,C02616,T0037838,397.71
O014,C01266,T0057025,16.29
O002,C04977,T0097860,109.64
O006,C00330,T0004516,104.66
O018,C01386,T0016807,93.29
O013,C00298,T0029713,29.98
O019,C04880,T0077915,70.57
O012,C02415,T0072753,69.95
O012,C04986,T0071268,120.72
O003,C01446,T0013294,696.24
O014,C04614,T0043044,523.32
O015,C00967,T0061985,66.57
O003,C00446,T0053459,33.17
O007,C03499,T0084755,7.87
O019,C01089,T0004616,173.84
O003,C03105,T0044709,96.43
O010,C02374,T0028453,68.01
O004,C01632,T0058388,58.89
O005,C00267,T0031712,32.02
O006,C00369,T0010726,-0.18
O003,C00005,T0055740,21.31
O018,C00830,T0058083,280.97
O009,C01357,T0018081,9.57
O007,C03957,T0077597,15.16
O005,C02277,T0004116,220.82
O009,C03069,T0083191,13.75
O013,C01360,T0003762,44.42
O004,C04219,T0094791,64.97
O020,C00413,T0003259,952.69
O004,C04053,T0076361,604.46
O009,C04867,T0071061,6.6
O004,C02810,T0043450,46.64
O005,C03051,T0044551,176.46
O010,C02350,T0068503,100.79
O007,C04124,T0005753,46.56
O019,C01588,T0044598,559.94
O011,C02812,T0012986,39.12
O013,C02332,T0047699,28.2
O015,C00763,T0029055,41.4
O017,C01389,T0093750,147.83
O007,C03163,T0074991,214.62
O004,C02020,T0026837,361.95
O013,C02875,T0070864,169.74
O004,C00451,T0047028,104.5
O017,C03128,T0012363,100.11
O011,C00938,T0038777,69.72
O017,C02158,T0005581,42.1
O008,C04026,T0053968,26.81
O018,C02769,T0092525,128.7
O008,C03237,T0031420,197.37
O009,C04338,T0094287,185.4
O010,C03606,T0023843,228.51
O008,C00968,T0007324,181.25
O009,C02494,T0030089,58.74
O007,C04541,T0052523,51.94
O019,C02868,T0060045,105.12
O002,C04618,T0001826,48.81
O005,C02647,T0073534,811.77
O015,C03192,T0086695,19.0
O012,C02521,T0063835,65.16
O010,C03323,T0070157,126.48
O014,C00854,T0056850,68.38
O011,C00512,T0075360,120.06
O003,C03694,T0057250,141.75
O008,C01039,T0022050,149.62
O010,C02092,T0028995,33.95
O006,C00661,T0025214,133.11
O016,C01459,T0038936,44.27
O005,C01458,T0090609,128.79
O005,C00547,T0067462,96.28
O001,C03043,T0015773,87.0
O018,C00707,T0004868,495.62
O019,C03927,T0061135,92.66
O004,C04144,T0076404,120.07
O006,C04807,T0094769,181.92
O002,C03338,T0002196,23.08
O001,C03402,T0071320,51.0
O007,C03518,T0093570,86.84
O003,C03568,T0068675,334.99
O014,C04576,T0094391,15.3
O005,C00648,T0000184,24.03
O004,C00091,T0096166,135.62
O007,C03230,T0097241,34.47
O003,C03125,T0074054,332.82
O011,C00148,T0071102,128.78
O011,C03786,T0049715,191.34
O010,C03944,T0082857,93.36
O004,C04289,T0031126,240.89
O016,C03990,T0084770,134.97
O004,C04910,T0050284,27.92
O012,C04551,T0080505,95.72
O011,C04108,T0071794,71.26
O015,C03706,T0001563,44.29
O005,C01858,T0098809,142.12
O009,C00145,T0025990,41.4
O013,C02829,T0029983,70.67
O003,C00392,T0005349,63.63
O020,C01390,T0091491,191.99
O014,C04242,T0084906,35.23
O007,C01757,T0050761,7.17
O013,C03222,T0005031,22.85
O010,C03813,T0063343,136.35
O005,C04416,T0085626,163.32
O018,C03156,T0025407,134.68
O011,C00846,T0062558,23.38
O013,C00818,T0027993,125.65
O006,C01169,T0081810,162.6
O010,C03814,T0020103,1204.37
O001,C02918,T0041243,114.32
O004,C03669,T0017732,164.39
O008,C02668,T0042315,258.01
O019,C01664,T0035321,36.68
O002,C02210,T0084342,46.86
O011,C03781,T0010072,76.94
O005,C04049,T0045088,169.95
O014,C00200,T0055729,18.22
O010,C01241,T0026748,116.05
O012,C02101,T0018698,407.95
O006,C03924,T0056333,189.48
O017,C01290,T0051012,137.83
O018,C03410,T0033405,23.46
O016,C03431,T0002402,8.53
O001,C00340,T0020702,198.51
O014,C02407,T0095940,79.56
O009,C03281,T0026494,43.05
O008,C00053,T0029018,93.97
O004,C02368,T0042589,57.64
O003,C01735,T0005048,145.15
O005,C00245,T0014993,530.92
O015,C04979,T0090607,30.83
O004,C04815,T0000037,99.46
O003,C04448,T0027561,76.23
O004,C03422,T0081961,103.07
O006,C01797,T0024719,122.73
O004,C03642,T0053281,215.06
O007,C03152,T0056450,24.76
O019,C02498,T0033913,38.9
O019,C00127,T0058690,68.56
O020,C02291,T0079002,276.77
O010,C01924,T0038317,116.42
O014,C03207,T0035800,51.94
O007,C02921,T0001420,91.96
O003,C01711,T0019615,394.96
O014,C05000,T0046248,8.63
O009,C00191,T0074546,21.49
O019,C02348,T0055168,135.09
O014,C04101,T0034341,23.53
O019,C03853,T0086467,191.6
O011,C00071,T0050262,90.9
O002,C00300,T0061467,132.41
O004,C00006,T0015611,41.58
O017,C03204,T0057527,164.33
O005,C01647,T0088563,57.54
O017,C04333,T0060461,110.07
O018,C03456,T0027471,111.79
O016,C02594,T0089020,24.91
O003,C00531,T0022482,290.59
O006,C00555,T0051636,73.16
O017,C01997,T0011286,31.56
O013,C02563,T0033650,9.13
O015,C00894,T0037356,39.98
O009,C04240,T0051621,77.33
O008,C01574,T0080800,634.42
O013,C01089,T0087345,89.02
O001,C02778,T0086047,139.61
O009,C03747,T0031416,20.59
O017,C03517,T0057262,43.41
O019,C03135,T0064503,174.45
O017,C01140,T0091103,625.45
O002,C02211,T0063172,35.35
O009,C01311,T0053475,24.43
O008,C02026,T0045929,95.32
O007,C00818,T0093397,39.83
O003,C00588,T0046463,76.11
O004,C04126,T0027960,95.23
O013,C00080,T0060536,75.68
O008,C02752,T0007590,54.44
O013,C00580,T0049804,23.46
O005,C04823,T0065367,474.88
O008,C00169,T0011382,113.95
O019,C03593,T0049798,54.74
O014,C04167,T0016740,16.01
O015,C03467,T0039179,22.28
O007,C04563,T0031945,82.1
O006,C02086,T0018309,108.77
O018,C02314,T0089459,88.34
O004,C02125,T0043764,151.15
O019,C00338,T0041017,27.88
O011,C00812,T0097938,171.3
O008,C04825,T0017671,166.86
O019,C03380,T0059436,40.21
O007,C03466,T0093468,
O015,C04632,T0047472,37.7
O001,C00778,T0048023,113.52
O020,C00668,T0022492,489.41
O010,C01429,T0088209,449.13
O005,C02286,T0005202,259.44
O012,C01230,T0061568,59.5
O008,C00551,T0047168,132.44
O014,C00009,T0055709,76.4
O019,C02844,T0047342,56.05
O008,C03643,T0045001,117.42
O007,C00729,T0048381,151.23
O006,C02499,T0023175,109.52
O013,C01722,T0046396,114.43
O018,C04635,T0062035,524.65
O005,C04484,T0027314,44.54
O004,C04264,T0055188,198.29
O019,C04523,T0054711,129.36
O009,C03705,T0070552,48.77
O018,C03521,T0039642,90.54
O004,C04651,T0014583,221.03
O013,C01725,T0040388,21.46
O019,C03698,T0072354,31.25
O014,C02656,T0035612,19.77
O014,C01237,T0018628,20.21
O009,C03847,T0089522,22.04
O012,C04467,T0070033,238.09
O009,C01389,T0099545,13.81
O005,C00870,T0054215,109.67
O003,C00134,T0067219,123.86
O011,C01276,T0066104,135.93
O008,C04505,T0048346,216.39
O006,C02975,T0038653,277.4
O017,C02069,T0068488,684.56
O018,C02293,T0023542,461.88
O016,C01537,T0040047,35.61
O003,C04051,T0072715,29.54
O002,C03418,T0004585,93.5
O003,C01502,T0085157,37.05
O012,C02607,T0021273,46.18
O001,C01220,T0036409,248.95
O011,C00284,T0037115,88.58
O004,C03072,T0086268,154.21
O017,C00194,T0050747,890.87
O014,C00027,T0016254,19.93
O003,C01650,T0050586,107.03
O009,C04521,T0060792,19.88
O003,C01700,T0078005,51.77
O011,C00535,T0072559,178.97
O006,C01942,T0036487,51.78
O004,C04428,T0034847,216.62
O009,C02754,T0059281,20.61
O003,C03591,T0065434,131.4
O011,C01357,T0094501,152.61
O009,C03159,T0074577,34.08
O012,C01510,T0082065,186.01
O005,C02425,T0030845,155.51
O012,C00408,T0072805,60.61
O003,C04798,T0013028,35.11
O005,C00538,T0007989,64.31
O012,C04528,T0000688,299.16
O014,C02880,T0042809,7.89
O010,C04854,T0054984,164.36
O014,C02230,T0026490,109.68
O019,C04940,T0034403,29.33
O004,C02908,T0014605,32.4
O004,C02330,T0098250,96.42
O006,C04266,T0017460,285.66
O018,C03960,T0020209,28.89
O001,C01138,T0064699,349.61
O013,C02913,T0040290,43.0
O014,C03033,T0052714,315.11
O017,C03213,T0093491,277.96
O001,C02374,T0055165,51.2
O002,C03471,T0012548,54.74
O013,C01391,T0076298,69.54
O009,C01645,T0045509,175.78
O014,C01454,T0076739,5.65
O002,C03172,T0074580,44.08
O020,C03233,T0068839,110.81
O016,C01949,T0069693,75.57
O020,C04023,T0073943,77.67
O011,C00211,T0008923,51.72
O010,C04649,T0018633,31.96
O004,C01997,T0093548,46.84
O005,C03881,T0022677,1614.14
O010,C02602,T0096990,488.64
O015,C03768,T0049742,26.17
O008,C02758,T0062236,106.61
O014,C00406,T0070040,12.08
O015,C03807,T0074657,6.97
O016,C01667,T0077068,47.24
O015,C03601,T0082002,24.71
O011,C03654,T0071321,216.78
O010,C01789,T0011444,442.19
O014,C04862,T0018908,532.04
O019,C01853,T0059296,80.36
O015,C00188,T0082428,37.79
O019,C00288,T0084922,17.02
O018,C03337,T0025785,196.36
O007,C01349,T0051453,29.91
O013,C01693,T0062772,50.76
O003,C04422,T0071131,63.67
O013,C01186,T0048279,41.25
O018,C04298,T0086622,84.75
O013,C01859,T0001800,23.99
O005,C00670,T0049084,128.33
O017,C00683,T0034316,595.39
O019,C00775,T0011483,105.9
O009,C01965,T0016071,48.43
O008,C03271,T0061006,44.4
O002,C04692,T0007559,160.12
O001,C03229,T0088485,44.87
O020,C04852,T0037765,103.06
O015,C04519,T0004179,252.0
O018,C01194,T0039148,122.47
O012,C00936,T0067373,107.49
O016,C03468,T0014847,71.61
O006,C01968,T0022909,231.53
O015,C01297,T0088598,15.75
O007,C00264,T0034128,9.16
O010,C03958,T0079637,314.1
O006,C01619,T0075259,91.09
O019,C02017,T0088392,334.77
O019,C03248,T0067215,82.58
O009,C03717,T0049387,12.23
O010,C02251,T0015476,60.45
O002,C03564,T0002848,130.68
O008,C03174,T0048909,481.83
O008,C04711,T0087269,38.32
O015,C02465,T0075253,121.41
O004,C02090,T0060439,33.33
O017,C01568,T0097586,1152.15
O006,C03159,T0099421,29.88
O005,C02219,T0032402,162.14
O006,C03539,T0022017,99.04
O009,C01533,T0033664,47.71
O014,C01761,T0043609,10.67
O015,C02318,T0071334,142.46
O011,C00084,T0034386,141.82
O011,C03053,T0036233,1563.68
O017,C02153,T0065950,396.33
O015,C03338,T0060770,59.4
O011,C04187,T0092597,54.32
O013,C03442,T0008668,194.98
O012,C02753,T0034916,73.12
O002,C03730,T0007713,25.51
O003,C00889,T0009538,50.71
O019,C02081,T0044547,126.86
O016,C04777,T0029778,33.22
O006,C02107,T0092886,56.41
O013,C03090,T0018817,78.91
O007,C03498,T0016372,17.79
O016,C04620,T0011132,32.96
O002,C00210,T0083117,41.17
O001,C03394,T0051617,93.04
O007,C04823,T0070802,76.69
O003,C00393,T0024219,118.0
O011,C04282,T0034436,61.45
O018,C04615,T0013177,81.07
O005,C01013,T0024849,83.88
O007,C01912,T0097608,11.86
O001,C01481,T0076299,27.57
O015,C00377,T0055976,139.39
O011,C00274,T0059906,49.34
O018,C04647,T0099187,69.61
O019,C01360,T0079765,51.54
O005,C01700,T0048168,363.88
O020,C02646,T0052388,106.22
O017,C04132,T0001071,838.21
O018,C01170,T0079461,103.95
O019,C03671,T0090475,44.81
O011,C04948,T0083722,168.26
O001,C02857,T0056605,288.09
O010,C02110,T0055044,739.31
O015,C02898,T0092002,123.87
O013,C01240,T0083366,43.71
O010,C03619,T0081710,84.12
O004,C03864,T0026110,81.72
O008,C03718,T0091996,116.13
O014,C02967,T0003979,23.09
O010,C00706,T0031055,888.88
O020,C04266,T0000491,112.6
O002,C03151,T0062431,109.44
O017,C02426,T0028743,44.93
O011,C00840,T0083472,34.83
O009,C04739,T0030322,11.82
O006,C02700,T0053758,79.06
O001,C00967,T0015596,87.59
O016,C00319,T0029386,9.37
O020,C02707,T0012803,260.98
O002,C01807,T0017305,19.46
O011,C04679,T0080162,39.65
O005,C01028,T0046911,471.57
O011,C04505,T0004404,109.6
O004,C04383,T0058389,44.68
O001,C01145,T0021872,469.11
O013,C04258,T0009591,86.26
O010,C02719,T0040781,75.62
O004,C04395,T0016832,70.85
O008,C02555,T0039685,383.35
O003,C01161,T0095423,420.08
O007,C04606,T0092079,464.76
O004,C02571,T0038963,72.28
O020,C00601,T0067272,152.17
O006,C00739,T0052956,69.85
O010,C04588,T0083231,114.86
O005,C01998,T0084825,89.97
O002,C03619,T0098267,43.74
O008,C01250,T0024491,67.64
O002,C02223,T0026152,33.31
O002,C04797,T0027813,294.43
O002,C00518,T0054170,147.01
O009,C04615,T0078117,7.85
O010,C02296,T0088970,97.8
O015,C02363,T0005531,14.68
O015,C02557,T0056267,144.4
O009,C01465,T0093097,6.61
O013,C01960,T0040402,79.68
O004,C02303,T0056861,127.31
O012,C00179,T0072256,34.35
O006,C04495,T0011355,96.49
O020,C02167,T0054639,43.53
O011,C02085,T0099391,32.91
O002,C01496,T0042968,30.17
O018,C03939,T0074697,115.53
O015,C04043,T0083449,361.72
O013,C04439,T0077097,117.18
O008,C00586,T0059881,107.82
O019,C02310,T0079783,24.24
O003,C00532,T0083033,10.93
O010,C03894,T0065478,35.72
O012,C00725,T0094611,374.72
O006,C04453,T0098762,207.31
O008,C00276,T0004128,182.59
O005,C04119,T0082559,208.93
O013,C03500,T0006790,401.67
O009,C01862,T0058321,26.25
O009,C03862,T0052024,29.21
O014,C01023,T0037687,23.15
O016,C04801,T0057070,25.83
O014,C02565,T0062509,101.19
O020,C03701,T0012091,131.62
O001,C00745,T0082783,99.27
O003,C02628,T0001915,47.92
O011,C03259,T0033167,22.27
O009,C04616,T0050087,47.6
O010,C02876,T0085552,54.34
O006,C01648,T0098978,108.89
O013,C04805,T0020658,17.15
O007,C02181,T0003968,18.42
O015,C03220,T0032811,30.16
O018,C00249,T0024770,72.1
O020,C02312,T0060202,117.87
O001,C01480,T0076636,81.59
O018,C04493,T0085186,91.27
O001,C03922,T0046083,116.32
O018,C02084,T0031823,65.49
O009,C00691,T0058049,61.0
O011,C04295,T0052488,158.53
O005,C04714,T0062749,98.21
O006,C01776,T0005730,33.87
O001,C04066,T0016997,1065.09
O002,C03039,T0021232,87.59
O001,C02225,T0084359,46.84
O008,C01826,T0086139,55.11
O007,C03530,T0086339,21.6
O020,C00432,T0080700,14.66
O004,C00174,T0095149,33.1
O017,C00533,T0039852,42.7
O003,C02859,T0060265,100.85
O011,C01997,T0067696,21.63
O014,C00102,T0000699,31.42
O004,C04043,T0059670,51.06
O020,C02717,T0036111,111.18
O006,C01551,T0007125,24.86
O012,C00748,T0029272,52.85
O016,C00899,T0091148,9.29
O005,C00148,T0009710,263.29
O018,C04197,T0014299,53.4
O012,C02115,T0046600,123.64
O012,C03563,T0091949,190.53
O003,C03894,T0045448,51.65
O012,C02878,T0081012,43.43
O005,C02503,T0000298,55.56
O005,C01333,T0095500,182.23
O006,C02049,T0086653,40.45
O001,C02692,T0098541,307.48
O003,C02792,T0038460,31.31
O011,C01665,T0097235,59.36
O012,C01286,T0040245,54.02
O007,C02893,T0006482,57.65
O009,C01967,T0050670,52.86
O012,C01403,T0099903,35.89
O012,C01869,T0001002,48.69
O020,C03580,T0018744,49.66
O013,C04107,T0093882,33.32
O009,C02566,T0061181,24.53
O016,C04630,T0065232,52.72
O014,C02200,T0018323,30.27
O006,C04107,T0013616,256.08
O013,C03258,T0071553,657.33
O001,C04691,T0071097,44.38
O018,C00587,T0024743,257.97
O017,C00957,T0042679,118.38
O017,C04268,T0087144,308.24
O008,C01044,T0058544,34.92
O019,C03093,T0000296,307.49
O016,C02637,T0008681,142.54
O006,C00386,T0033747,66.18
O004,C03008,T0044860,83.15
O008,C00906,T0028687,64.29
O012,C01855,T0017918,97.44
O003,C02870,T0034622,114.07
O007,C04262,T0006427,35.19
O001,C04372,T0055166,30.97
O004,C04460,T0081536,97.33
O008,C04672,T0013751,78.05
O006,C01444,T0031609,20.58
O013,C03000,T0094443,144.61
O020,C04373,T0091380,76.11
O003,C04129,T0084406,40.63
O020,C03962,T0083195,95.89
O008,C01631,T0051710,74.8
O015,C03392,T0010517,12.88
O001,C01235,T0021278,399.21
O002,C02357,T0072598,12.32
O007,C00634,T0036064,116.81
O020,C04192,T0062842,29.37
O012,C01349,T0095811,57.44
O008,C00861,T0028874,145.93
O013,C04461,T0007717,163.73
O015,C04840,T0030159,68.96
O001,C02674,T0051721,164.71
O020,C04450,T0017377,43.2
O010,C00749,T0076084,668.53
O005,C00316,T0037235,54.72
O009,C01158,T0066040,36.36
O006,C03874,T0002071,72.1
O008,C00399,T0044159,205.52
O001,C04387,T0050147,351.59
O010,C00647,T0027551,260.45
O001,C01161,T0089139,148.67
O009,C01489,T0033798,11.65
O013,C03323,T0091943,400.19
O004,C01401,T0017173,169.7
O018,C00195,T0034659,65.79
O011,C03835,T0033530,60.01
O019,C03336,T0088974,61.17
O002,C04057,T0043937,93.21
O002,C02010,T0041380,81.19
O015,C01211,T0004897,328.47
O020,C03053,T0078623,115.61
O020,C01964,T0029680,152.07
O009,C02316,T0034029,233.81
O002,C01940,T0044639,184.92
O011,C03250,T0008880,125.61
O016,C01441,T0041781,13.46
O004,C00372,T0040135,281.79
O012,C02503,T0048422,156.55
O012,C02547,T0093802,29.99
O012,C03969,T0004188,48.03
O015,C03361,T0013961,48.03
O015,C02298,T0009847,23.09
O002,C03453,T0050894,34.04
O002,C01885,T0036848,24.31
O003,C04126,T0046820,124.95
O011,C04607,T0041234,277.11
O005,C04866,T0045536,135.37
O001,C03415,T0078369,106.82
O010,C01088,T0026679,90.62
O004,C04581,T0050501,49.84
O010,C00646,T0061172,94.23
O016,C00045,T0001617,20.26
O018,C00700,T0098458,57.81
O003,C04814,T0080925,62.08
O002,C00696,T0060182,77.89
O017,C00180,T0085301,100.83
O018,C03837,T0029094,62.24
O008,C03142,T0095551,825.94
O019,C02236,T0012601,18.56
O016,C03974,T0049439,29.57
O009,C03016,T0054265,19.94
O009,C00615,T0003380,9.84
O019,C01347,T0049822,15.62
O005,C00865,T0088174,1891.34
O016,C04210,T0034974,20.44
O011,C04969,T0090982,18.59
O020,C04618,T0056578,97.53
O009,C03679,T0050820,31.74
O017,C03019,T0069142,573.12
O006,C00465,T0083179,213.59
O003,C01177,T0012285,477.3
O003,C00348,T0089271,52.43
O013,C04115,T0001094,51.72
O011,C04327,T0081634,337.86
O020,C01054,T0014826,382.38
O001,C04982,T0042182,39.59
O005,C01435,T0096131,67.03
O004,C00484,T0085318,214.44
O011,C04763,T0056719,890.81
O014,C01164,T0063465,8.46
O003,C01748,T0022206,40.45
O005,C02913,T0063065,128.88
O006,C02499,T0064412,48.96
O010,C02067,T0089921,142.7
O002,C04867,T0005900,45.78
O006,C01214,T0085577,68.05
O001,C02027,T0051847,464.35
O006,C03394,T0057538,52.76
O014,C00340,T0002378,17.9
O011,C01230,T0000565,56.5
O015,C00482,T0079767,79.86
O010,C04892,T0071576,116.33
O002,C00441,T0010076,52.9
O013,C04517,T0060050,177.39
O013,C01559,T0035981,36.3
O008,C02890,T0040372,82.75
O001,C01464,T0049873,341.73
O018,C01956,T0007215,477.49
O012,C04655,T0005870,82.11
O020,C00778,T0084837,564.21
O015,C03408,T0033704,122.36
O001,C04980,T0032447,483.2
O001,C03547,T0035498,47.77
O012,C01220,T0067543,32.22
O009,C04079,T0095141,18.06
O010,C04983,T0048823,94.24
O006,C00355,T0056409,452.29
O010,C03319,T0023354,237.96
O010,C02001,T0054472,268.5
O006,C03901,T0033705,248.23
O018,C00914,T0078791,129.96
O020,C03782,T0058503,31.75
O012,C03441,T0059383,40.38
O003,C01347,T0061256,94.71
O015,C01363,T0062059,15.5
O015,C02995,T0069670,195.79
O008,C04731,T0061842,79.86
O003,C02502,T0095328,62.12
O015,C01295,T0039073,20.56
O002,C04801,T0057078,120.55
O007,C04517,T0043785,7.22
O004,C03383,T0017442,172.12
O012,C01235,T0048257,225.65
O009,C02733,T0058599,75.43
O012,C01372,T0078922,81.0
O007,C01191,T0056770,9.43
O015,C01921,T0012672,41.07
O015,C02087,T0052716,61.88
O020,C01726,T0020422,197.7
O007,C01138,T0027543,10.1
O005,C03772,T0077720,41.4
O019,C04404,T0079968,274.49
O005,C03925,T0019358,89.65
O013,C01167,T0068426,47.88
O015,C03268,T0067060,143.26
O017,C04879,T0069636,241.56
O009,C04463,T0077141,24.25
O012,C04411,T0047873,74.13
O007,C02730,T0011202,27.07
O009,C04997,T0044528,15.4
O005,C01832,T0048711,155.87
O013,C03814,T0047054,25.56
O001,C03255,T0088880,487.91
O019,C00665,T0083655,16.63
O006,C00451,T0050889,85.34
O002,C01310,T0019318,103.94
O013,C00407,T0061933,419.66
O008,C01063,T0000153,161.61
O004,C01508,T0075640,107.57
O009,C03204,T0064304,17.15
O013,C04477,T0075181,11.73
O008,C00140,T0018311,313.3
O012,C00396,T0057104,34.79
O012,C04903,T0063374,82.33
O009,C01919,T0022409,21.41
O016,C01817,T0074258,19.07
O003,C00453,T0061223,62.56
O014,C00918,T0092469,10.91
O012,C03047,T0056039,1088.03
O005,C04065,T0075667,184.53
O008,C03617,T0008855,85.17
O012,C00700,T0034359,63.3
O011,C01106,T0091924,174.48
O009,C02263,T0029569,6.49
O009,C02046,T0092566,32.39
O003,C02590,T0027882,93.62
O008,C01109,T0013756,68.0
O018,C03399,T0022312,18.47
O007,C03454,T0048474,28.04
O012,C01720,T0006203,81.29
O009,C01760,T0010134,45.51
O012,C02820,T0071975,140.81
O007,C02735,T0090051,37.42
O007,C00016,T0022165,80.27
O011,C04766,T0003068,84.94
O015,C03419,T0062235,54.56
O008,C03623,T0029951,100.34
O017,C02500,T0091040,252.7
O011,C00175,T0031843,48.55
O006,C01995,T0052481,162.11
O018,C00393,T0060268,84.52
O001,C03670,T0088836,654.26
O003,C03200,T0079288,104.97
O019,C03433,T0094521,76.48
O006,C03513,T0068609,161.07
O015,C03541,T0086829,12.76
O014,C01563,T0084807,48.05
O020,C01320,T0060114,13.72
O019,C02583,T0070531,204.73
O007,C00716,T0017397,35.23
O002,C00884,T0087980,49.85
O015,C03058,T0025980,120.9
O009,C02025,T0032437,110.87
O011,C02305,T0035175,117.84
O007,C04478,T0072682,104.01
O012,C00764,T0051549,218.6
O013,C03360,T0085264,10.45
O011,C04224,T0099489,58.94
O005,C00869,T0084983,234.6
O005,C00742,T0084792,65.87
O020,C01952,T0092860,685.8
O019,C04213,T0058220,48.21
O004,C04759,T0034380,87.73
O010,C01013,T0019775,178.91
O009,C03879,T0098135,36.84
O012,C02094,T0057658,277.2
O011,C02863,T0008231,45.9
O015,C04299,T0011140,144.45
O012,C01619,T0030798,93.83
O011,C02743,T0076757,46.39
O020,C03644,T0061457,10.45
O015,C01719,T0033721,208.81
O007,C00425,T0029047,21.61
O007,C03368,T0087940,73.25
O011,C01773,T0048507,2881.44
O003,C02225,T0035523,120.37
O013,C01234,T0062283,58.5
O007,C01802,T0057810,29.25
O004,C04417,T0024708,110.83
O016,C04637,T0048243,239.01
O008,C02614,T0045876,87.35
O005,C04507,T0097116,49.1
O019,C01288,T0008795,22.78
O006,C02417,T0022600,36.48
O001,C03017,T0031407,186.83
O003,C03269,T0032439,54.05
O001,C01578,T0000245,111.48
O014,C00358,T0041842,8.97
O018,C04660,T0014838,58.71
O003,C02229,T0011531,54.07
O016,C00760,T0083777,16.33
O014,C01096,T0072925,13.75
O001,C03503,T0074755,49.88
O008,C03578,T0015538,113.39
O003,C03292,T0034245,78.85
O009,C02513,T0097405,19.14
O018,C03806,T0020170,44.56
O016,C02329,T0015675,87.02
O020,C00425,T0039447,109.06
O008,C00832,T0097431,39.16
O003,C01469,T0022319,113.27
O003,C04557,T0092744,287.43
O005,C04626,T0017916,57.19
O015,C04833,T0064540,38.43
O008,C04651,T0019243,206.77
O020,C03197,T0083463,23.9
O002,C00534,T0086542,20.26
O004,C04997,T0007725,801.6
O017,C04824,T0018045,43.45
O015,C04631,T0037089,16.22
O014,C02618,T0007546,39.46
O013,C03838,T0082435,23.49
O016,C03355,T0053592,252.02
O005,C03787,T0024809,43.0
O010,C03763,T0012241,41.8
O010,C02015,T0072430,67.32
O017,C01416,T0097849,82.8
O018,C04781,T0024311,45.37
O013,C04399,T0075340,35.76
O007,C04935,T0043355,72.36
O017,C00373,T0066491,114.16
O005,C00925,T0041414,129.04
O004,C00657,T0017629,32.78
O008,C02797,T0063642,148.61
O005,C00427,T0096234,87.2
O012,C01810,T0015861,195.45
O014,C03427,T0092068,9.57
O015,C04013,T0090974,18.32
O001,C01027,T0057645,127.69
O012,C03186,T0097980,893.08
O003,C03246,T0056754,271.13
O003,C04156,T0046172,119.29
O010,C02220,T0086925,75.7
O019,C03411,T0064416,140.33
O016,C00073,T0059166,26.92
O015,C04436,T0098496,35.66
O012,C03093,T0071797,213.64
O006,C03429,T0016305,142.36
O005,C02046,T0029618,131.63
O001,C00027,T0071707,344.37
O013,C04787,T0015612,132.81
O006,C04438,T0035622,87.71
O018,C02128,T0072406,66.35
O010,C04243,T0056412,129.84
O006,C01535,T0092076,121.06
O019,C00335,T0097505,273.39
O008,C01336,T0003989,287.23
O008,C03954,T0012826,22.44
O019,C01245,T0041092,45.77
O005,C00806,T0003266,112.84
O013,C01477,T0069958,93.95
O018,C02558,T0026560,84.6
O005,C00925,T0098960,706.45
O010,C02091,T0049220,46.58
O014,C04401,T0080378,43.63
O013,C02620,T0054307,23.89
O005,C04404,T0065506,355.87
O001,C04924,T0088625,152.68
O020,C03493,T0010337,133.84
O014,C01929,T0096863,57.58
O003,C04250,T0066196,345.33
O013,C01708,T0044584,30.22
O002,C00513,T0082547,140.34
O010,C03551,T0043148,138.92
O001,C01956,T0004234,302.21
O003,C04807,T0038551,35.76
O020,C00100,T0012275,348.88
O012,C01296,T0092400,82.13
O014,C04179,T0057974,20.56
O008,C00132,T0023181,35.15
O004,C00771,T0016747,67.89
O018,C02395,T0014916,50.56
O011,C04123,T0079728,95.17
O003,C00800,T0062663,140.39
O014,C03077,T0014398,11.72
O003,C02946,T0049953,135.68
O016,C02139,T0024144,17.2
O012,C03117,T0025095,140.99
O011,C02456,T0095085,283.38
O010,C01817,T0075902,355.83
O006,C02892,T0016784,18.57
O005,C01509,T0071451,84.37
O005,C03915,T0053786,116.44
O017,C03584,T0053181,43.29
O011,C00273,T0062892,752.97
O002,C02999,T0007101,41.06
O003,C00617,T0024086,80.68
O017,C01906,T0032247,672.53
O004,C01534,T0068117,56.18
O019,C02057,T0038198,72.25
O018,C02269,T0019462,34.24
O006,C04881,T0049818,72.4
O020,C03739,T0036036,77.44
O010,C01153,T0048897,79.7
O005,C04525,T0072867,73.49
O012,C04277,T0036236,287.64
O003,C00696,T0049812,183.23
O001,C02953,T0052128,56.91
O010,C04020,T0054436,87.63
O007,C03603,T0018947,51.03
O003,C01076,T0023856,111.12
O018,C02131,T0070542,41.75
O020,C01155,T0083992,111.19
O015,C01101,T0081677,39.65
O002,C00858,T0018722,82.13
O020,C03817,T0008704,72.27
O008,C02308,T0096511,66.69
O002,C00096,T0011089,1169.9
O007,C02703,T0068066,54.32
O019,C00721,T0017828,122.58
O010,C03983,T0087906,265.63
O007,C03293,T0098184,18.02
O005,C04653,T0038824,122.81
O001,C02598,T0013473,69.88
O006,C03554,T0046720,112.33
O004,C02601,T0012973,42.43
O001,C00575,T0088725,406.34
O002,C03247,T0087363,66.57
O001,C04040,T0010997,631.29
O018,C01501,T0076194,132.65
O001,C04715,T0000691,75.33
O014,C04915,T0058718,61.26
O019,C00865,T0084502,18.35
O008,C02084,T0057458,1480.08
O017,C03138,T0055693,142.45
O003,C03993,T0027558,45.11
O011,C02673,T0036273,121.25
O009,C04081,T0015295,7.48
O006,C01797,T0063546,88.09
O013,C01564,T0089335,103.35
O017,C02607,T0080867,975.06
O019,C02334,T0049136,149.7
O014,C01173,T0040985,16.27
O012,C00212,T0059971,52.32
O001,C00167,T0054459,67.29
O015,C02649,T0057126,30.98
O020,C04314,T0066061,166.14
O001,C02499,T0033171,92.5
O009,C02487,T0087487,58.4
O020,C01697,T0063024,50.82
O012,C00642,T0088823,80.11
O017,C01192,T0032687,70.98
O001,C02547,T0017239,277.49
O003,C01672,T0077463,52.21
O001,C01678,T0037395,2198.71
O002,C03017,T0017770,11.37
O010,C03449,T0028665,87.54
O012,C02499,T0085257,178.43
O014,C00109,T0059315,13.74
O015,C04261,T0059797,15.81
O018,C01924,T0013766,94.73
O009,C03249,T0019616,
O018,C03731,T0089646,62.35
O014,C01705,T0049442,119.4
O007,C00010,T0071660,69.51
O006,C00463,T0091959,113.37
O002,C03039,T0019208,34.37
O020,C03205,T0074314,216.0
O009,C03056,T0040799,76.03
O013,C02196,T0030639,100.78
O020,C00067,T0098446,62.71
O014,C02407,T0031300,70.46
O020,C02623,T0002068,77.59
O019,C01109,T0078876,739.16
O017,C01755,T0054866,233.16
O004,C04355,T0025952,537.91
O001,C04152,T0023568,115.44
O010,C01339,T0002332,145.09
O004,C02811,T0028667,484.98
O017,C01638,T0021483,80.56
O016,C00745,T0082932,35.02
O019,C02753,T0086516,58.93
O015,C04851,T0023503,13.79
O007,C04629,T0069481,34.81
O017,C04440,T0001037,282.84
O017,C02493,T0018540,73.95
O015,C04795,T0074959,63.68
O004,C02984,T0020670,760.27
O020,C03550,T0089764,95.72
O020,C04478,T0009649,157.64
O013,C03179,T0000764,42.64
O006,C03557,T0027359,345.5
O017,C03034,T0071218,138.89
O013,C03907,T0020626,103.13
O018,C02586,T0037101,48.41
O017,C02717,T0052409,402.49
O011,C03002,T0044248,134.54
O012,C01516,T0043815,77.19
O011,C04630,T0061053,123.75
O013,C02725,T0008139,210.06
O007,C00789,T0069473,32.82
O001,C04589,T0057257,106.95
O001,C01024,T0080574,348.59
O001,C03914,T0033170,676.94
O001,C03131,T0088665,139.05
O008,C04665,T0079099,118.04
O007,C03475,T0070319,28.17
O020,C03740,T0080613,54.32
O011,C00416,T0089048,12.49
O012,C01959,T0078665,147.29
O016,C04955,T0086539,16.2
O010,C01397,T0020993,179.02
O020,C01346,T0051459,185.45
O007,C01063,T0017884,329.75
O018,C01911,T0084344,133.96
O018,C03060,T0089917,26.32
O013,C00782,T0022537,40.01
O003,C00649,T0032014,40.98
O019,C02021,T0010825,19.68
O019,C04588,T0075444,279.65
O016,C00253,T0084172,9.34
O006,C01359,T0098019,176.25
O005,C02664,T0008283,73.91
O006,C01185,T0061969,186.48
O018,C03675,T0015886,123.19
O020,C01343,T0048470,75.12
O006,C00428,T0011267,70.06
O017,C03449,T0035813,190.58
O018,C03821,T0091147,288.09
O011,C02720,T0017145,42.74
O012,C01453,T0062202,65.08
O015,C00268,T0003490,32.25
O001,C00382,T0031077,171.9
O005,C04152,T0085905,22.84
O010,C01830,T0050408,75.67
O012,C01685,T0098974,47.81
O015,C00139,T0077520,58.62
O017,C02460,T0012850,352.72
O004,C04169,T0091415,132.6
O009,C03183,T0080094,57.94
O012,C02090,T0055551,104.35
O018,C02543,T0061938,37.27
O015,C01459,T0022812,78.26
O012,C01818,T0031431,348.92
O017,C03471,T0098332,29.22
O002,C04404,T0000318,228.76
O018,C04176,T0039045,55.04
O007,C04313,T0024907,28.64
O013,C04951,T0055271,52.04
O019,C04226,T0098660,38.48
O012,C01103,T0039708,16.32
O018,C03989,T0070719,20.06
O016,C04420,T0080048,52.04
O007,C04126,T0025348,105.54
O006,C01187,T0028803,77.29
O001,C00038,T0076892,127.35
O008,C04314,T0012583,40.24
O013,C03162,T0008564,591.78
O005,C00130,T0044118,52.55
O009,C04270,T0082733,10.34
O006,C00179,T0082878,142.26
O007,C00267,T0064087,16.95
O005,C03622,T0088797,581.44
O017,C03399,T0052439,82.53
O010,C04460,T0045604,175.75
O019,C00350,T0060077,376.38
O007,C00021,T0067841,276.04
O001,C03774,T0020005,100.14
O018,C01719,T0071811,230.8
O008,C03257,T0027353,438.99
O006,C03886,T0014646,103.86
O001,C04368,T0000979,163.87
O005,C02150,T0072236,120.46
O018,C01803,T0077578,53.52
O003,C02106,T0025992,100.64
O018,C02211,T0092910,683.57
O009,C02401,T0010017,85.26
O013,C02417,T0079679,40.23
O004,C01334,T0084908,93.73
O008,C04794,T0062023,59.2
O017,C02940,T0095906,123.02
O020,C01510,T0056211,58.89
O007,C01142,T0092604,157.58
O018,C00604,T0073432,17.26
O011,C01245,T0037081,216.78
O018,C01772,T0040817,192.06
O004,C00566,T0014942,412.82
O003,C04822,T0081618,88.54
O011,C03589,T0094340,88.25
O008,C00142,T0027961,627.76
O007,C04700,T0067217,18.54
O004,C00478,T0061251,135.85
O009,C03071,T0011080,9.49
O007,C00136,T0022739,27.05
O007,C03200,T0015371,6.02
O006,C03194,T0060235,49.2
O001,C02390,T0079137,186.42
O020,C04909,T0047415,896.27
O004,C04963,T0027460,25.33
O004,C04671,T0005070,111.19
O009,C03767,T0099619,270.75
O002,C03796,T0001135,30.12
O011,C03630,T0043628,164.64
O007,C01727,T0093558,52.72
O002,C02335,T0021870,22.34
O013,C03911,T0012283,90.92
O014,C01196,T0069359,22.69
O008,C04559,T0089854,98.3
O007,C04891,T0079437,40.12
O010,C04761,T0008304,185.53
O003,C00862,T0097286,25.28
O011,C02341,T0000510,75.98
O019,C03250,T0077530,115.95
O009,C04784,T0033849,48.74
O002,C03924,T0094343,81.23
O012,C02849,T0021689,34.53
O003,C02466,T0093769,27.17
O011,C03111,T0012970,82.42
O012,C03050,T0029543,60.49
O006,C00829,T0064019,31.99
O003,C03375,T0081089,43.89
O010,C04593,T0069561,237.98
O016,C00955,T0074995,24.56
O020,C00118,T0030140,269.11
O006,C02860,T0025244,187.78
O013,C03387,T0008749,85.14
O018,C02826,T0007476,52.15
O017,C01524,T0016261,145.51
O018,C04629,T0058490,83.05
O018,C00088,T0091370,33.78
O020,C01745,T0043066,25.6
O014,C03062,T0084401,30.47
O009,C00395,T0096954,31.05
O007,C00731,T0095259,12.66
O014,C00004,T0005182,24.29
O014,C00676,T0036850,4.36
O014,C00117,T0001138,3.38
O006,C01979,T0099437,78.85
O001,C04405,T0023662,51.96
O009,C04834,T0008543,77.97
O012,C03415,T0028828,108.04
O010,C03309,T0054781,56.17
O014,C04041,T0035961,29.95
O001,C01006,T0025782,55.75
O014,C02177,T0059175,90.64
O011,C04483,T0075170,38.3
O011,C04766,T0058396,260.99
O005,C04587,T0061316,79.27
O008,C03062,T0094643,238.38
O008,C02898,T0006049,61.73
O015,C01021,T0018631,18.79
O004,C03807,T0050929,251.08
O004,C02763,T0059432,83.49
O020,C02791,T0065344,123.21
O017,C04379,T0073833,115.35
O018,C01034,T0089534,41.89
O001,C01930,T0081186,252.83
O015,C02199,T0061913,15.73
O019,C02594,T0042132,48.33
O018,C03493,T0010684,67.59
O020,C03864,T0043535,23.29
O005,C01149,T0008793,292.36
O010,C04643,T0061887,229.72
O015,C00678,T0078318,7.54
O015,C03329,T0097474,109.27
O015,C01293,T0026903,14.56
O015,C04170,T0061848,22.63
O018,C00495,T0046016,8.37
O004,C00681,T0078459,280.17
O011,C01221,T0040016,128.34
O013,C04877,T0057972,95.59
O004,C04263,T0007831,153.53
O009,C00187,T0031611,47.32
O006,C02265,T0082479,16.54
O008,C02352,T0097423,258.13
O019,C02084,T0066612,297.99
O017,C04089,T0037736,80.28
O013,C03107,T0080081,39.63
O009,C04568,T0038793,21.3
O012,C01555,T0024829,38.75
O004,C02900,T0012697,60.29
O019,C04174,T0090417,105.09
O011,C02407,T0034599,36.32
O004,C00154,T0006122,38.38
O014,C03572,T0006415,39.32
O019,C04619,T0026418,28.39
O004,C02754,T0067465,111.89
O011,C01964,T0000750,599.48
O019,C01277,T0023045,133.81
O019,C02056,T0074009,78.52
O018,C04642,T0024224,41.86
O005,C04307,T0077551,469.74
O016,C00457,T0081388,36.3
O009,C00498,T0033524,36.86
O020,C04885,T0071770,71.2
O013,C01984,T0036133,52.41
O018,C02469,T0016028,47.23
O014,C04818,T0006267,33.05
O005,C03074,T0073664,765.17
O009,C04558,T0063864,28.46
O002,C04034,T0035463,23.57
O015,C01662,T0037597,28.97
O009,C00154,T0098843,2.6
O018,C02305,T0035864,128.28
O018,C02531,T0059021,100.49
O004,C00084,T0008987,79.91
O014,C01505,T0049962,26.61
O015,C00443,T0048551,48.22
O011,C04528,T0068742,93.56
O013,C04924,T0013374,59.69
O003,C02506,T0099892,146.67
O017,C04952,T0052121,115.33
O010,C03658,T0040906,490.64
O020,C03951,T0026282,66.85
O005,C02319,T0040168,157.62
O009,C03557,T0080942,69.88
O006,C00234,T0077176,110.59
O013,C01209,T0045786,55.0
O017,C04863,T0034104,207.49
O001,C04154,T0073158,62.56
O005,C04275,T0043093,202.62
O014,C04826,T0037786,33.89
O007,C00871,T0081779,35.32
O010,C04344,T0086187,83.22
O007,C00047,T0026005,43.78
O009,C04093,T0073483,15.41
O017,C00053,T0027715,163.86
O014,C00535,T0021160,44.73
O012,C02418,T0020971,153.21
O001,C01175,T0083474,158.64
O020,C02634,T0058711,279.48
O013,C02648,T0093664,43.92
O016,C02618,T0045114,9.52
O016,C02566,T0017243,92.16
O020,C01129,T0082954,132.58
O004,C01408,T0072895,99.89
O013,C01246,T0039500,66.47
O016,C04720,T0049559,337.91
O005,C03553,T0043912,76.16
O014,C01375,T0044272,8.83
O013,C01213,T0012171,76.84
O014,C03947,T0085887,8.02
O012,C00848,T0012064,92.87
O020,C00294,T0090237,39.52
O006,C00046,T0037895,715.22
O001,C04178,T0071142,166.94
O014,C00062,T0041170,7.16
O015,C02448,T0055157,753.91
O006,C00077,T0075500,1094.67
O018,C02458,T0017791,28.89
O015,C00849,T0071482,15.16
O007,C01042,T0059231,44.9
O011,C04937,T0011756,72.28
O004,C04244,T0071233,103.31
O001,C01381,T0085091,648.75
O008,C04849,T0089698,84.26
O003,C03481,T0017421,122.26
O014,C04335,T0068922,22.48
O012,C00722,T0095547,157.9
O001,C04769,T0088843,909.94
O002,C03006,T0023664,53.61
O003,C00617,T0079693,97.92
O001,C00952,T0042314,130.05
O001,C03576,T0017263,313.52
O005,C03240,T0044839,139.47
O004,C04742,T0009165,82.65
O005,C01496,T0098482,62.42
O012,C04754,T0097335,220.46
O017,C01423,T0063599,208.75
O018,C03714,T0007627,48.99
O009,C02397,T0094890,137.99
O006,C00120,T0099930,31.02
O003,C01605,T0040593,29.07
O012,C01405,T0058555,158.75
O010,C00526,T0014909,217.0
O001,C04333,T0049230,379.03
O001,C00874,T0017180,55.54
O009,C03237,T0076665,27.91
O009,C01271,T0043122,39.12
O009,C01360,T0011921,15.65
O004,C03956,T0014187,137.77
O007,C01850,T0033261,32.19
O007,C00520,T0005176,12.47
O015,C02281,T0036205,19.11
O003,C02992,T0019091,85.61
O007,C02837,T0042827,57.52
O014,C00888,T0022962,13.32
O020,C00955,T0022680,91.96
O010,C01132,T0011692,112.83
O009,C02565,T0054783,29.32
O005,C02719,T0032058,48.6
O011,C04377,T0075749,23.73
O008,C03007,T0044052,52.32
O020,C00191,T0049756,1331.95
O013,C01852,T0066650,27.24
O011,C01376,T0046340,327.75
O004,C03067,T0037087,158.14
O014,C02059,T0096925,20.18
O009,C02440,T0090442,3.7
O014,C01222,T0062649,18.18
O010,C01898,T0099104,33.75
O009,C02857,T0016789,9.63
O015,C02101,T0003412,569.78
O018,C03050,T0019434,220.03
O005,C00171,T0000471,138.21
O006,C01201,T0093448,32.76
O002,C04483,T0012634,33.6
O002,C01467,T0077726,72.69
O008,C03041,T0037039,23.83
O001,C03388,T0074794,60.42
O004,C04616,T0079182,152.42
O003,C02953,T0001076,118.53
O015,C04881,T0003638,21.48
O004,C04753,T0021774,95.66
O018,C02872,T0068241,48.27
O017,C01888,T0025646,252.33
O011,C02176,T0011069,248.41
O003,C01678,T0052466,20.69
O019,C04156,T0047402,83.63
O016,C02220,T0091400,11.97
O005,C00649,T0000448,90.74
O006,C00359,T0072471,67.49
O011,C04240,T0008866,254.77
O016,C03468,T0031508,22.64
O007,C01572,T0062245,40.46
O015,C01619,T0053453,156.86
O005,C01456,T0071879,149.53
O017,C00134,T0055328,105.68
O002,C04968,T0088066,37.73
O010,C01197,T0091512,135.03
O007,C03416,T0003665,45.15
O007,C00723,T0035330,25.51
O018,C04217,T0004634,122.77
O015,C04525,T0014370,43.07
O014,C02118,T0052234,33.85
O006,C00020,T0012639,210.78
O016,C04483,T0082960,186.8
O017,C04279,T0019183,32.83
O019,C02050,T0019960,260.49
O018,C02009,T0081416,67.38
O005,C04095,T0097857,19.3
O011,C03331,T0077936,66.49
O013,C03766,T0006764,324.13
O005,C04979,T0007084,55.09
O007,C00052,T0037342,84.69
O006,C01507,T0006936,500.44
O005,C00807,T0090857,226.57
O009,C00316,T0095110,151.38
O007,C00725,T0025679,78.54
O010,C00643,T0041739,258.56
O001,C02320,T0003080,11.66
O013,C02597,T0062705,60.56
O004,C02240,T0096623,111.85
O015,C04200,T0070144,69.22
O014,C00811,T0005627,34.41
O006,C02342,T0018598,47.86
O019,C00472,T0008440,39.79
O002,C02551,T0045462,27.15
O002,C03034,T0024972,23.8
O016,C01643,T0072523,27.01
O005,C01893,T0020068,82.36
O016,C01456,T0028071,21.02
O017,C03078,T0096123,160.14
O005,C01387,T0014284,111.68
O005,C01424,T0014006,54.59
O006,C01320,T0056071,462.33
O008,C01817,T0036976,962.84
O004,C03803,T0065488,97.73
O015,C00915,T0084695,39.21
O013,C02525,T0008913,10.18
O014,C01793,T0049381,20.35
O002,C03162,T0041995,18.33
O001,C02232,T0016773,995.9
O018,C04637,T0073515,349.25
O008,C04485,T0022652,113.44
O005,C01611,T0027152,36.85
O003,C04398,T0012248,807.85
O008,C01201,T0079443,89.7
O009,C02947,T0098486,42.62
O008,C00809,T0032487,85.51
O005,C01402,T0031178,182.8
O003,C01092,T0098811,55.69
O013,C01601,T0083455,126.92
O019,C03512,T0017212,53.86
O020,C01904,T0042966,42.14
O005,C03893,T0082910,270.64
O007,C00277,T0043011,43.66
O011,C01368,T0026905,42.61
O002,C00675,T0070249,121.61
O002,C00243,T0041769,32.54
O016,C02655,T0081888,12.43
O003,C01179,T0029845,58.02
O017,C02482,T0026475,74.53
O019,C04263,T0069612,14.62
O005,C01918,T0077649,89.67
O010,C01937,T0059074,113.24
O008,C03124,T0040538,237.03
O020,C04227,T0042750,80.89
O009,C00510,T0063963,19.35
O020,C02965,T0046095,46.36
O006,C00598,T0013107,146.98
O010,C03254,T0032578,205.44
O011,C00190,T0094401,97.55
O009,C04803,T0034614,14.99
O009,C00216,T0088356,186.75
O001,C03004,T0053165,1482.72
O010,C03047,T0055937,385.51
O016,C04498,T0028585,276.51
O004,C01565,T0036679,294.57
O006,C00691,T0032655,180.15
O005,C04357,T0010619,74.9
O010,C04498,T0096302,211.57
O019,C04007,T0023107,41.46
O013,C01284,T0042089,21.96
O019,C03535,T0092730,33.95
O012,C02708,T0054196,58.67
O010,C04209,T0044246,25.12
O013,C02422,T0034727,28.89
O004,C04260,T0076981,140.66
O009,C04255,T0057093,12.03
O019,C00834,T0086417,36.78
O005,C00946,T0081066,436.85
O009,C00517,T0043435,15.02
O008,C01578,T0031862,59.06
O002,C03512,T0031273,44.19
O013,C01373,T0072291,159.12
O007,C03521,T0000465,20.6
O017,C02063,T0047336,211.02
O008,C02332,T0040576,1738.81
O017,C01897,T0029911,104.73
O012,C04712,T0093181,256.06
O015,C00179,T0091033,18.14
O010,C04861,T0078560,140.86
O016,C00496,T0028415,6.08
O018,C04502,T0051488,72.59
O005,C03557,T0086016,72.18
O011,C04260,T0003206,29.14
O012,C03827,T0050690,49.5
O017,C03674,T0051458,84.54
O007,C01867,T0027594,114.17
O010,C02117,T0059815,204.73
O014,C04907,T0095607,28.44
O015,C01373,T0043933,84.53
O015,C01991,T0061606,1234.41
O010,C02083,T0054527,188.26
O010,C03234,T0088873,832.04
O014,C00333,T0038514,69.35
O016,C02371,T0041452,64.42
O012,C00529,T0019421,77.05
O006,C04296,T0046970,192.94
O007,C04358,T0071818,15.96
O020,C02346,T0077019,148.61
O013,C02333,T0088068,18.16
O015,C04428,T0082890,9.39
O012,C03860,T0022902,27.45
O004,C04279,T0087449,357.25
O020,C01544,T0049440,63.59
O005,C01438,T0034683,314.63
O012,C01359,T0016524,94.77
O003,C01418,T0099594,38.21
O016,C01696,T0015954,129.76
O017,C01472,T0057672,367.16
O002,C04131,T0043183,31.73
O005,C02747,T0048202,198.04
O013,C00448,T0019092,10.99
O008,C01216,T0044986,104.87
O017,C02829,T0056007,90.11
O020,C01919,T0068751,99.24
O012,C01784,T0096480,271.26
O009,C03835,T0025353,10.83
O019,C02694,T0000358,37.61
O009,C03386,T0041114,19.27
O012,C00360,T0093090,36.54
O007,C00968,T0047511,65.97
O006,C01092,T0017030,133.77
O012,C00581,T0030410,22.08
O020,C00632,T0067697,44.48
O004,C01923,T0084298,401.04
O007,C02970,T0051679,23.84
O009,C03235,T0059378,137.28
O001,C04656,T0065564,250.81
O001,C02332,T0055980,143.06
O014,C03916,T0097265,20.84
O016,C02038,T0089176,28.35
O010,C03670,T0022061,347.66
O008,C04379,T0011392,244.76
O005,C00033,T0097814,97.62
O001,C04026,T0086273,169.59
O008,C03327,T0034809,175.0
O003,C04533,T0083541,87.4
O020,C00241,T0075486,68.64
O002,C03500,T0015968,24.38
O016,C04112,T0006686,35.9
O006,C02054,T0097929,199.88
O018,C00276,T0014203,48.23
O003,C04216,T0034588,86.36
O001,C04424,T0059940,116.95
O011,C00343,T0099085,31.69
O012,C04322,T0066898,59.74
O007,C03977,T0002571,13.55
O007,C03366,T0097923,8.88
O014,C02703,T0028582,121.45
O015,C04104,T0060824,38.63
O006,C02287,T0064657,733.02
O015,C04720,T0060968,12.85
O010,C02007,T0058679,26.88
O020,C04552,T0047213,352.53
O017,C03202,T0014773,123.27
O012,C03262,T0003346,189.22
O018,C04736,T0051556,88.61
O005,C04034,T0006277,123.75
O001,C00928,T0089267,419.65
O014,C03522,T0098632,37.14
O013,C00947,T0042149,243.77
O014,C03155,T0028089,85.88
O005,C00344,T0002715,995.54
O004,C04983,T0029499,29.71
O009,C04659,T0003387,9.2
O011,C02820,T0074898,199.08
O012,C00828,T0090064,77.2
O020,C01903,T0028363,116.83
O001,C00621,T0054490,72.66
O003,C04924,T0063834,47.73
O012,C03330,T0078974,40.64
O007,C00073,T0065921,35.85
O007,C03961,T0033240,34.88
O002,C02679,T0023776,5.7
O004,C02327,T0075152,85.53
O003,C02143,T0072854,51.92
O013,C02361,T0080608,42.13
O019,C04868,T0079091,14.43
O014,C01045,T0094524,25.74
O008,C04207,T0053156,47.28
O011,C04635,T0086157,213.99
O006,C01180,T0013573,152.36
O008,C04023,T0066947,70.73
O019,C03398,T0091025,42.04
O007,C03230,T0035740,57.82
O017,C03517,T0009323,781.36
O005,C01159,T0079350,824.62
O003,C04555,T0035261,35.81
O020,C04943,T0041176,43.77
O015,C03867,T0066785,114.97
O008,C02104,T0059221,109.96
O009,C01399,T0037201,27.0
O017,C03469,T0095974,70.99
O017,C04787,T0041664,73.26
O008,C04455,T0053911,294.52
O005,C02205,T0073143,224.67
O007,C01235,T0022351,152.57
O011,C04995,T0070608,48.16
O008,C00333,T0039055,90.66
O003,C01975,T0095482,96.09
O007,C01685,T0055432,78.0
O011,C02895,T0023992,123.15
O009,C02610,T0008026,18.89
O001,C03186,T0065804,231.4
O019,C02378,T0056647,147.72
O004,C03879,T0007314,75.49
O006,C02815,T0064632,72.42
O012,C04380,T0011671,292.56
O020,C00733,T0032109,84.46
O018,C04571,T0026187,150.2
O013,C03049,T0047300,56.44
O004,C02696,T0092332,289.82
O009,C01965,T0079939,45.17
O008,C01827,T0000386,112.49
O015,C03237,T0093428,11.88
O007,C03181,T0045402,74.96
O009,C03523,T0082268,12.04
O018,C04696,T0054611,60.26
O004,C03554,T0082880,97.94
O009,C02277,T0005835,17.67
O008,C00709,T0074208,41.05
O010,C00969,T0061721,217.56
O015,C00056,T0032368,14.97
O002,C03483,T0055604,208.67
O001,C00752,T0077011,23.62
O011,C03661,T0016110,493.06
O014,C04178,T0084939,19.43
O003,C03436,T0009719,59.79
O016,C01307,T0088483,27.47
O009,C04252,T0054032,22.91
O010,C02132,T0059339,38.57
O019,C03051,T0017578,24.95
O015,C02766,T0098592,16.96
O008,C00597,T0086990,112.23
O010,C02342,T0014623,1006.69
O011,C03659,T0045456,104.69
O013,C02528,T0054769,464.07
O014,C02248,T0088613,23.09
O013,C03804,T0081150,172.04
O020,C00335,T0092175,136.86
O010,C03082,T0071421,128.43
O005,C02877,T0047408,52.51
O009,C02525,T0035538,9.08
O001,C03857,T0000943,464.21
O005,C01153,T0006458,99.62
O017,C02089,T0085843,257.44
O013,C02466,T0088519,15.31
O008,C01184,T0098316,281.52
O001,C01179,T0074943,82.08
O014,C03816,T0010629,17.96
O011,C02887,T0028479,33.56
O008,C01251,T0090272,36.83
O001,C01062,T0056746,59.95
O016,C04554,T0075016,10.24
O018,C04559,T0058122,38.23
O014,C03340,T0089641,35.93
O007,C01940,T0072133,24.18
O017,C04422,T0035598,300.5
O011,C02607,T0085779,111.99
O002,C03706,T0063671,29.86
O005,C04832,T0086692,122.64
O013,C04150,T0076895,24.53
O011,C02648,T0051756,111.73
O015,C02177,T0083187,74.44
O008,C04673,T0029082,60.22
O009,C03339,T0010093,17.15
O017,C04975,T0070799,794.96
O009,C01046,T0025486,40.44
O007,C00369,T0070104,93.91
O012,C01549,T0059547,123.25
O012,C01921,T0016167,141.96
O020,C04927,T0000500,25.27
O009,C02290,T0093808,14.97
O020,C01676,T0063342,82.03
O016,C04069,T0038016,8.68
O001,C00834,T0059634,150.71
O012,C00185,T0008790,745.95
O016,C02508,T0070298,35.6
O011,C03244,T0096208,91.39
O012,C00345,T0057032,-0.16
O005,C01859,T0092580,50.37
O020,C01405,T0068507,43.19
O010,C02925,T0051336,86.32
O003,C04582,T0047937,25.99
O017,C00279,T0069739,113.93
O011,C02966,T0044936,156.45
O013,C00587,T0012545,18.92
O010,C02555,T0058016,32.29
O006,C00423,T0099240,59.98
O018,C00465,T0001147,54.15
O004,C00431,T0051953,35.71
O010,C04902,T0082383,116.21
O005,C04837,T0051152,297.85
O006,C03678,T0086343,114.97
O005,C03178,T0000478,331.44
O011,C01147,T0005405,26.24
O011,C02444,T0085940,67.24
O018,C03609,T0049077,110.86
O012,C00402,T0025729,409.16
O012,C02529,T0069929,110.84
O015,C02915,T0067574,45.6
O010,C00594,T0041532,243.27
O005,C03851,T0011290,33.52
O010,C03294,T0030645,322.62
O012,C02094,T0053541,1189.67
O016,C03117,T0061265,169.26
O002,C02495,T0063228,119.16
O010,C04171,T0053587,86.47
O018,C04090,T0071424,73.28
O015,C04767,T0086668,158.91
O002,C04379,T0095961,38.5
O017,C00883,T0090368,81.28
O018,C04228,T0001488,347.07
O002,C02754,T0045508,143.18
O006,C04606,T0002835,82.95
O018,C03308,T0046114,67.48
O018,C01118,T0099710,276.69
O013,C00409,T0058598,46.77
O002,C04404,T0014837,353.69
O009,C01279,T0051023,10.78
O006,C02440,T0066197,55.42
O009,C00930,T0088862,29.96
O020,C02092,T0017274,93.13
O020,C01058,T0093233,58.7
O013,C02614,T0008640,33.86
O011,C00889,T0010539,92.06
O016,C00627,T0057970,33.95
O015,C03925,T0087439,35.72
O020,C00559,T0081151,46.28
O009,C03879,T0075289,54.94
O020,C02338,T0079718,104.42
O014,C00357,T0078440,11.14
O005,C00195,T0061274,27.75
O009,C02566,T0040353,98.26
O003,C00017,T0096962,30.1
O017,C00264,T0009300,181.19
O018,C03205,T0075935,48.82
O004,C04632,T0023841,401.52
O007,C00607,T0071872,21.28
O019,C00799,T0051601,271.56
O001,C01482,T0071716,56.73
O004,C03338,T0095787,339.45
O018,C00513,T0001518,113.48
O017,C01699,T0041330,550.71
O008,C03084,T0015318,232.66
O003,C02831,T0006952,34.75
O018,C03035,T0062647,198.84
O017,C03086,T0036286,466.78
O009,C00647,T0022417,7.49
O006,C03978,T0097764,31.24
O018,C00263,T0078982,23.72
O016,C02273,T0013357,12.37
O016,C02534,T0078711,10.42
O004,C03728,T0021856,387.67
O009,C02135,T0048772,56.16
O016,C04519,T0005933,14.63
O005,C01834,T0001879,21.97
O006,C00186,T0095992,138.24
O009,C04381,T0046692,16.49
O005,C02071,T0081342,102.08
O014,C00238,T0071390,15.66
O008,C00791,T0014343,66.16
O010,C00664,T0091516,64.87
O011,C04807,T0066098,22.05
O015,C01356,T0090865,102.37
O014,C04162,T0061286,32.53
O014,C02209,T0057476,142.96
O009,C02767,T0081665,24.96
O019,C01826,T0071261,12.86
O001,C04750,T0062156,118.66
O016,C01140,T0083709,125.49
O005,C02121,T0001735,167.06
O007,C03731,T0033082,47.14
O016,C02377,T0015312,56.27
O002,C01927,T0076160,25.19
O017,C03886,T0017032,74.85
O008,C02672,T0033646,342.57
O015,C02037,T0027200,44.81
O017,C04216,T0050493,383.7
O011,C04687,T0006785,40.95
O004,C00498,T0063340,168.17
O014,C04914,T0057959,12.38
O013,C02653,T0067687,743.66
O013,C04378,T0022988,32.98
O009,C04153,T0064033,28.32
O004,C02067,T0044665,177.32
O018,C01401,T0027389,25.92
O011,C03702,T0099624,83.57
O004,C04352,T0009341,312.42
O020,C01017,T0055218,103.51
O020,C02789,T0020365,162.35
O003,C02016,T0003056,50.37
O020,C02427,T0059777,71.83
O013,C02477,T0061400,15.2
O020,C04346,T0071465,58.69
O007,C03567,T0003994,46.19
O018,C03482,T0086561,701.37
O004,C03008,T0099936,14.9
O002,C03093,T0030674,7.85
O004,C04856,T0017773,79.23
O004,C00881,T0047608,150.06
O003,C04369,T0070197,34.33
O014,C04008,T0066964,9.27
O014,C03319,T0045948,42.0
O016,C02943,T0017010,19.62
O006,C03090,T0005520,81.48
O001,C00236,T0016320,90.95
O011,C03463,T0029936,159.42
O007,C04933,T0024029,22.14
O008,C00091,T0086252,61.14
O002,C01946,T0054120,129.67
O002,C02219,T0059433,176.32
O017,C04338,T0086362,47.4
O012,C04276,T0060852,83.75
O017,C03231,T0053783,30.14
O003,C01845,T0089817,257.68
O013,C03219,T0037492,1053.0
O018,C03840,T0058175,15.28
O013,C04888,T0089510,73.74
O007,C02915,T0015335,29.98
O014,C01539,T0099938,47.47
O001,C01334,T0065424,360.22
O003,C00681,T0049166,72.98
O008,C01735,T0022257,129.56
O005,C00990,T0066544,49.21
O007,C03280,T0043634,163.9
O014,C02881,T0044579,24.3
O018,C01195,T0017063,97.09
O007,C01535,T0070623,13.12
O001,C04789,T0034565,57.05
O013,C04371,T0069090,28.08
O002,C01701,T0032357,17.76
O002,C00167,T0049782,38.76
O005,C00965,T0022776,94.77
O003,C00932,T0043238,46.14
O008,C00008,T0021908,89.36
O017,C02276,T0026398,39.17
O009,C02752,T0013227,22.83
O002,C04538,T0013433,36.33
O011,C00984,T0082741,190.78
O004,C00194,T0063393,560.25
O006,C01072,T0020660,63.89
O010,C04182,T0037546,58.43
O002,C00974,T0090532,205.22
O011,C01065,T0060287,75.94
O004,C04748,T0066039,246.36
O006,C04564,T0045179,258.96
O015,C04317,T0019320,53.12
O012,C04179,T0080355,112.03
O006,C04241,T0019823,99.24
O005,C02437,T0027145,90.61
O009,C01621,T0044117,10.46
O007,C02536,T0065086,18.08
O009,C01636,T0005463,22.77
O012,C02685,T0030710,43.11
O007,C02909,T0048427,215.18
O015,C02005,T0084270,44.09
O010,C03068,T0025673,430.67
O001,C03441,T0050588,180.78
O012,C00655,T0073415,203.0
O001,C03467,T0074298,37.6
O013,C04073,T0098874,347.07
O011,C00883,T0053070,307.35
O011,C02564,T0050850,268.86
O018,C03250,T0016009,337.22
O019,C04155,T0091500,33.1
O015,C03109,T0022898,6.05
O017,C02266,T0011104,85.38
O016,C02855,T0091231,41.64
O018,C03203,T0096952,95.39
O001,C00822,T0035301,809.85
O005,C04648,T0062864,143.56
O009,C02202,T0086437,9.68
O012,C01338,T0076246,368.54
O016,C02343,T0077999,44.0
O017,C01611,T0088301,50.04
O002,C04130,T0003430,10.51
O014,C02819,T0024153,32.23
O011,C04250,T0029984,272.06
O008,C04016,T0074380,156.46
O009,C03463,T0054937,71.58
O006,C00621,T0012214,255.32
O016,C01284,T0065155,19.01
O017,C02459,T0050448,12.85
O018,C01437,T0056713,43.75
O014,C04989,T0090270,84.18
O016,C04080,T0041019,38.57
O007,C01343,T0036888,60.95
O012,C01006,T0058229,69.64
O018,C00622,T0093336,52.83
O019,C03955,T0059089,298.57
O017,C03624,T0012189,64.01
O008,C00186,T0010318,194.03
O019,C02413,T0060212,172.94
O018,C01537,T0074927,95.15
O005,C02487,T0002897,90.14
O020,C02152,T0077356,82.05
O002,C01443,T0057847,48.27
O019,C01956,T0021967,37.02
O005,C04724,T0058774,71.4
O019,C04554,T0051156,40.73
O001,C03164,T0005699,187.27
O008,C04105,T0034881,241.18
O004,C02674,T0035138,43.81
O011,C02890,T0084063,88.15
O014,C04851,T0033979,44.86
O010,C04935,T0070568,220.18
O014,C01333,T0052215,24.76
O018,C02892,T0055595,87.76
O005,C02607,T0073714,124.06
O009,C02714,T0029547,367.57
O001,C01862,T0031941,265.63
O003,C01787,T0068937,178.68
O004,C03592,T0061832,204.34
O016,C03910,T0089611,8.63
O002,C00531,T0074761,23.07
O005,C01928,T0004117,160.38
O020,C01326,T0069243,223.79
O006,C02511,T0012102,90.7
O009,C04753,T0049551,20.35
O013,C04490,T0065091,29.9
O012,C04736,T0041433,218.09
O006,C04419,T0053947,2094.96
O016,C01560,T0086377,78.73
O001,C03849,T0081023,22.1
O014,C03531,T0010826,41.78
O018,C01407,T0064706,182.08
O007,C00203,T0034174,176.53
O007,C04009,T0000431,36.34
O014,C00289,T0051290,11.25
O009,C00464,T0006316,52.89
O019,C04606,T0022033,315.06
O001,C03240,T0097284,187.69
O003,C03815,T0019019,128.81
O001,C00553,T0037292,53.83
O013,C04684,T0097949,22.83
O003,C04257,T0026436,80.25
O014,C02466,T0017165,170.99
O016,C02412,T0010738,75.1
O017,C03552,T0082164,43.63
O018,C03169,T0031185,57.53
O001,C02925,T0029835,125.19
O014,C02138,T0033373,13.35
O018,C03409,T0083679,135.04
O006,C00097,T0002095,224.62
O013,C03464,T0005150,20.95
O013,C04908,T0095428,191.48
O013,C03179,T0019011,34.21
O003,C00880,T0088086,226.84
O014,C04080,T0098570,37.72
O002,C04033,T0030531,15.35
O017,C02924,T0017323,391.44
O006,C01651,T0055543,62.11
O008,C03311,T0092292,35.27
O010,C04801,T0042116,80.59
O007,C03855,T0026033,27.29
O015,C02463,T0085706,32.95
O008,C00303,T0028104,20.03
O005,C03630,T0004771,48.61
O016,C04954,T0079004,26.58
O012,C00799,T0052132,160.24
O014,C04596,T0042562,17.99
O013,C03151,T0059704,171.93
O016,C04012,T0011700,37.31
O008,C00500,T0055133,163.48
O001,C02327,T0052992,33.46
O003,C00354,T0072738,69.76
O011,C03281,T0041355,207.79
O014,C01140,T0090058,14.6
O011,C02356,T0001922,70.14
O019,C00717,T0037111,57.49
O007,C02227,T0040748,32.1
O009,C00151,T0034391,54.66
O019,C04436,T0058644,28.07
O005,C04762,T0040148,58.86
O013,C02004,T0033401,251.7
O015,C01739,T0069073,23.72
O014,C04247,T0025374,26.43
O008,C02916,T0015249,72.18
O005,C02395,T0067461,1212.33
O006,C03911,T0064683,91.96
O011,C04375,T0016748,22.78
O001,C04111,T0046853,43.9
O002,C02966,T0099070,25.21
O010,C03894,T0057776,180.93
O013,C01971,T0062721,19.92
O001,C00779,T0006129,48.77
O014,C02831,T0019893,24.01
O013,C00243,T0028913,712.68
O003,C03257,T0000997,80.75
O012,C01744,T0029600,232.7
O002,C01798,T0055344,65.11
O009,C02431,T0073233,27.71
O002,C02482,T0029490,18.06
O016,C03743,T0083716,70.41
O008,C02005,T0049856,345.8
O006,C03462,T0090694,282.39
O009,C00655,T0067788,10.42
O006,C00854,T0042925,485.28
O016,C03251,T0075744,25.9
O005,C00971,T0085837,35.21
O008,C02570,T0064474,87.16
O007,C04441,T0052765,27.27
O017,C02148,T0036729,34.2
O010,C03919,T0061563,632.48
O007,C04567,T0029974,28.93
O003,C01663,T0084215,68.28
O003,C03796,T0018966,738.12
O013,C02070,T0016553,119.71
O014,C02896,T0080740,170.08
O010,C04455,T0074180,41.82
O018,C02237,T0090278,66.42
O005,C03854,T0049287,413.84
O003,C04379,T0092687,48.25
O013,C02308,T0032404,54.33
O004,C03285,T0004230,123.19
O016,C03278,T0035783,21.03
O005,C01134,T0019573,94.48
O001,C04622,T0028475,799.59
O004,C00892,T0076923,36.9
O014,C01680,T0062914,21.15
O002,C03348,T0094282,80.44
O004,C01735,T0098936,359.41
O001,C01735,T0010129,20.44
O006,C01203,T0091715,157.22
O008,C00861,T0086030,36.14
O009,C01436,T0092868,30.45
O014,C03450,T0091008,28.21
O013,C01760,T0007723,175.39
O015,C03405,T0000337,19.22
O010,C01301,T0060282,52.93
O005,C01810,T0054234,61.09
O009,C02369,T0024525,145.61
O017,C01878,T0053321,1833.0
O016,C00758,T0045636,51.32
O001,C04608,T0036893,177.87
O003,C01241,T0058330,244.12
O006,C00664,T0003793,382.39
O014,C02188,T0064374,6.11
O005,C02019,T0084293,171.9
O010,C03905,T0025617,647.61
O005,C00558,T0058053,85.22
O016,C02230,T0021559,10.87
O006,C00142,T0026918,151.93
O009,C04367,T0038037,8.88
O015,C04508,T0007012,177.17
O001,C01360,T0099005,202.28
O007,C03387,T0061113,51.88
O018,C01419,T0005115,60.59
O019,C03531,T0037627,48.38
O004,C00108,T0002895,62.83
O003,C02414,T0029930,34.41
O007,C01820,T0060617,6.23
O005,C04561,T0054456,147.96
O018,C03371,T0003190,56.64
O011,C01965,T0066194,131.37
O003,C04247,T0006590,41.73
O006,C01212,T0030796,30.92
O015,C00050,T0072932,121.3
O012,C00732,T0067919,79.73
O014,C03868,T0003712,23.58
O018,C01868,T0049978,23.34
O010,C00765,T0056887,52.1
O009,C02910,T0088556,7.14
O013,C01039,T0092466,99.08
O001,C01076,T0037833,317.69
O001,C00912,T0057757,223.08
O005,C01057,T0015603,206.68
O016,C01313,T0056013,11.84
O016,C01084,T0038422,28.29
O012,C01697,T0050980,378.96
O019,C01844,T0041274,31.89
O015,C02251,T0044998,148.07
O018,C00512,T0009468,99.68
O001,C03359,T0036058,21.85
O003,C02061,T0057256,77.66
O017,C04474,T0015565,172.72
O004,C04706,T0088573,77.38
O013,C03054,T0019031,13.37
O002,C01441,T0039768,216.89
O009,C01525,T0032067,15.68
O019,C00156,T0006244,17.17
O019,C04253,T0076000,80.94
O005,C00355,T0032171,185.12
O001,C03179,T0067141,77.83
O008,C02270,T0093044,93.61
O014,C03105,T0081241,95.31
O010,C00163,T0011064,154.37
O019,C00151,T0028898,44.09
O008,C04964,T0004776,31.16
O019,C04832,T0047643,76.26
O018,C01964,T0046952,125.24
O017,C00863,T0046733,137.13
O004,C02098,T0094509,53.71
O012,C00269,T0041763,55.31
O004,C04519,T0059324,462.56
O003,C03359,T0034065,389.89
O002,C02991,T0040989,63.45
O008,C00349,T0091663,81.73
O010,C01225,T0095664,90.6
O020,C01225,T0029427,246.83
O011,C02299,T0048199,173.1
O003,C04181,T0001200,60.58
O017,C03509,T0059188,132.98
O020,C00187,T0085528,138.21
O019,C00795,T0021828,25.85
O015,C03112,T0071371,7.28
O020,C02628,T0062159,264.91
O012,C03875,T0068927,17.06
O001,C04030,T0013399,180.48
O013,C02498,T0096023,50.34
O008,C00255,T0072545,133.65
O006,C04442,T0042153,237.77
O020,C00226,T0029212,90.54
O014,C02341,T0045476,141.5
O001,C00502,T0031534,244.01
O001,C00300,T0058619,207.12
O019,C04227,T0006440,72.45
O018,C04013,T0097979,14.37
O005,C02939,T0096441,198.28
O009,C03050,T0038583,18.5
O013,C01388,T0012950,213.36
O011,C00680,T0065402,75.4
O002,C03412,T0025457,131.1
O015,C01446,T0011369,36.69
O004,C02661,T0061430,54.8
O017,C02471,T0082755,285.3
O009,C00924,T0056544,9.27
O004,C01450,T0027371,64.75
O007,C00282,T0008270,18.24
O005,C04845,T0098411,30.1
O012,C00289,T0042127,121.36
O017,C04474,T0085649,369.98
O012,C01230,T0082761,548.07
O005,C04663,T0031061,95.64
O007,C02002,T0093322,94.93
O016,C02076,T0022175,41.4
O007,C02611,T0069187,32.6
O018,C01921,T0013451,308.32
O017,C01827,T0002632,45.56
O020,C02218,T0067214,32.08
O013,C04636,T0090834,62.67
O008,C02008,T0053943,31.29
O020,C04644,T0007240,47.89
O003,C02398,T0062951,48.95
O005,C00290,T0094225,334.58
O010,C04555,T0000958,145.74
O012,C01658,T0098128,263.85
O001,C00007,T0043900,66.32
O012,C04151,T0018206,42.68
O007,C01728,T0042580,10.9
O015,C04530,T0044175,30.76
O019,C00599,T0046236,216.36
O018,C03537,T0081104,49.02
O013,C03998,T0017056,90.47
O001,C02333,T0019473,412.82
O013,C04435,T0080933,121.66
O004,C04319,T0043679,59.74
O016,C01023,T0033483,34.85
O016,C03526,T0027965,106.81
O004,C01575,T0072555,49.8
O003,C01119,T0039463,91.31
O005,C03962,T0089957,304.61
O018,C00399,T0060137,65.58
O010,C04229,T0030232,119.07
O017,C01337,T0046759,132.05
O019,C01501,T0019813,66.63
O014,C03548,T0000389,28.34
O012,C03804,T0086881,180.67
O016,C01909,T0007756,47.49
O015,C04722,T0086719,82.15
O012,C01133,T0076369,145.71
O006,C03146,T0090782,202.87
O006,C00227,T0021951,281.32
O014,C00349,T0088657,3.08
O006,C01388,T0091511,93.52
O009,C04695,T0089281,15.18
O016,C01533,T0022998,22.22
O014,C04915,T0031754,19.31
O004,C00107,T0090858,417.33
O009,C04217,T0014321,24.99
O014,C00692,T0067318,26.81
O019,C02461,T0049508,31.68
O009,C00070,T0041724,88.02
O011,C02018,T0019435,47.78
O017,C00443,T0091676,1373.32
O018,C04513,T0098588,199.31
O004,C04577,T0023680,259.67
O006,C04434,T0054324,907.11
O002,C00300,T0087389,19.25
O015,C00408,T0009840,49.06
O002,C03608,T0076769,71.92
O008,C02056,T0086440,86.45
O005,C03828,T0015516,927.02
O011,C03487,T0011468,410.68
O011,C01316,T0011134,1091.69
O002,C02281,T0089426,15.63
O012,C04561,T0074663,382.77
O020,C04145,T0017710,92.09
O015,C00273,T0089551,24.57
O001,C02264,T0069280,1147.71
O016,C04994,T0038284,13.8
O006,C01200,T0055444,114.1
O019,C01998,T0023417,24.64
O009,C01480,T0074409,41.32
O004,C04634,T0013700,258.99
O016,C02939,T0013082,21.84
O003,C04030,T0060858,456.23
O008,C03823,T0075538,150.18
O012,C02947,T0017325,95.85
O012,C00871,T0017277,608.94
O011,C04622,T0078330,162.26
O014,C03054,T0025075,9.96
O003,C04192,T0072922,88.68
O010,C03378,T0068417,118.25
O004,C03673,T0098569,115.05
O005,C03740,T0012664,84.7
O005,C02525,T0066957,123.81
O016,C01973,T0005631,16.74
O006,C00346,T0042035,264.45
O014,C04600,T0042351,5.75
O010,C04690,T0029153,468.72
O014,C04720,T0028640,16.41
O018,C02693,T0012685,27.87
O008,C00054,T0052200,44.14
O017,C03041,T0038318,42.87
O019,C02182,T0034061,4.64
O002,C01475,T0014547,61.98
O017,C01840,T0096974,58.7
O015,C03351,T0083705,21.54
O008,C00784,T0004152,93.39
O017,C02039,T0085760,103.78
O019,C01868,T0075387,30.95
O001,C02810,T0093327,228.65
O016,C04413,T0046330,37.29
O018,C03451,T0071901,104.82
O010,C01544,T0043112,143.81
O003,C00023,T0060237,67.09
O013,C04453,T0099755,76.88
O005,C00520,T0092250,69.3
O008,C03617,T0082806,300.65
O011,C03445,T0006917,23.56
O016,C02611,T0040001,36.97
O001,C03918,T0092980,169.51
O018,C03576,T0090778,36.19
O001,C00327,T0080353,122.06
O017,C03484,T0013277,299.4
O006,C04610,T0010541,224.44
O005,C01247,T0045547,151.64
O010,C01517,T0038210,129.21
O005,C01982,T0034266,410.88
O007,C02025,T0078840,23.2
O008,C01436,T0038529,187.49
O014,C03138,T0087647,45.43
O009,C02289,T0018699,25.75
O017,C02588,T0030648,151.57
O004,C00995,T0010873,118.38
O019,C01188,T0021180,179.55
O008,C00973,T0098081,99.74
O007,C03469,T0007714,99.47
O011,C02406,T0009335,178.16
O003,C00647,T0047226,51.51
O013,C04121,T0035905,125.81
O019,C02616,T0067235,21.22
O014,C02240,T0073037,43.6
O017,C03727,T0037157,201.5
O004,C00412,T0063223,145.28
O012,C00845,T0035903,343.31
O013,C02940,T0074160,56.6
O011,C01262,T0010222,173.05
O013,C02579,T0035654,105.41
O001,C03038,T0051007,666.71
O019,C01597,T0011434,267.02
O008,C00314,T0051027,53.12
O017,C01383,T0051207,149.16
O018,C00727,T0051928,107.77
O007,C00016,T0034660,44.09
O017,C03674,T0084543,75.88
O007,C01491,T0034542,20.81
O015,C04086,T0070161,49.17
O012,C01283,T0055859,106.28
O012,C00792,T0004195,886.06
O013,C04807,T0046510,75.83
O011,C01554,T0022771,65.54
O006,C02393,T0063895,273.65
O010,C01112,T0061395,634.43
O011,C04985,T0072082,288.48
O009,C00069,T0055707,48.81
O009,C02034,T0073701,10.5
O008,C00124,T0094390,509.17
O002,C03537,T0083675,85.72
O018,C02162,T0021494,22.04
O013,C01182,T0078059,96.54
O010,C02332,T0067449,347.02
O012,C00594,T0046556,68.73
O006,C03548,T0092947,286.08
O015,C02633,T0094598,41.28
O004,C02692,T0032361,35.13
O003,C00852,T0032818,54.5
O019,C04260,T0020317,32.32
O007,C01406,T0010965,32.3
O010,C01056,T0066958,36.52
O004,C00220,T0092385,156.02
O014,C04833,T0014952,39.62
O008,C00141,T0046883,300.76
O005,C00703,T0006954,16.36
O017,C02151,T0096870,65.88
O005,C02446,T0031009,252.42
O006,C00150,T0084977,100.96
O014,C01143,T0098229,36.93
O001,C02499,T0062342,132.72
O013,C00819,T0002936,48.19
O011,C03846,T0088788,36.77
O015,C01097,T0094134,37.61
O013,C00274,T0026788,247.61
O003,C03857,T0040571,22.84
O004,C04866,T0020852,430.89
O014,C04880,T0030831,40.67
O009,C01447,T0038479,23.34
O011,C04971,T0012864,72.07
O018,C00644,T0093861,34.06
O010,C02567,T0043993,136.68
O010,C04004,T0093041,323.22
O004,C03741,T0089731,454.03
O014,C01334,T0079358,115.1
O020,C04430,T0096658,48.65
O006,C04595,T0000863,125.91
O008,C04257,T0082469,102.11
O018,C00403,T0016859,90.79
O011,C03029,T0003969,85.19
O007,C04601,T0029701,30.47
O017,C03672,T0094571,122.68
O015,C04393,T0079439,18.6
O008,C03157,T0052691,43.49
O003,C03111,T0097060,38.54
O014,C02956,T0002767,20.79
O003,C01842,T0078419,30.45
O008,C00418,T0032453,112.14
O005,C02973,T0050903,54.7
O005,C01690,T0090124,84.63
O001,C00711,T0018088,74.47
O005,C02070,T0038962,43.54
O016,C04653,T0079418,43.78
O014,C02555,T0076524,42.27
O006,C02617,T0097293,84.63
O004,C04072,T0000361,606.02
O016,C03023,T0003536,177.89
O018,C02478,T0033730,54.28
O016,C04044,T0069969,15.1
O013,C01903,T0032768,271.56
O006,C01566,T0014316,442.37
O006,C00445,T0098127,165.27
O012,C04560,T0098385,77.23
O019,C02969,T0071521,25.52
O016,C04581,T0020699,28.46
O015,C02329,T0095011,50.19
O011,C04694,T0043513,345.46
O005,C03653,T0066387,48.94
O013,C03585,T0063485,41.74
O004,C01637,T0006237,114.42
O019,C01920,T0007434,49.55
O002,C01258,T0000924,105.47
O018,C03377,T0056756,39.19
O007,C04277,T0040827,46.69
O015,C01444,T0068928,20.29
O019,C04809,T0005747,80.22
O017,C03893,T0031354,509.17
O002,C04568,T0037924,66.4
O015,C00550,T0070289,13.73
O013,C02995,T0068677,67.91
O010,C00999,T0076129,196.76
O008,C00616,T0004313,328.11
O012,C00536,T0054643,104.84
O006,C02134,T0006022,27.55
O011,C02391,T0094393,60.53
O012,C00493,T0096685,233.04
O019,C02279,T0036672,372.27
O003,C00360,T0066921,315.9
O019,C04763,T0069265,63.02
O015,C03848,T0019409,31.98
O016,C01818,T0047621,56.28
O008,C01113,T0026069,97.31
O016,C02140,T0044109,26.14
O010,C02280,T0016403,110.39
O014,C03263,T0055841,22.43
O020,C02028,T0022435,71.7
O014,C00352,T0049930,43.35
O013,C00684,T0096628,29.33
O006,C04716,T0056340,44.74
O016,C04042,T0015389,11.36
O012,C04853,T0007929,43.63
O015,C00198,T0024439,16.99
O016,C02084,T0044921,116.8
O019,C01216,T0088194,259.74
O020,C03852,T0071370,477.95
O003,C00043,T0083891,14.35
O003,C01817,T0013468,119.3
O011,C02704,T0024961,1142.89
O007,C02585,T0054577,42.14
O003,C02981,T0081816,10.95
O016,C02393,T0091556,88.14
O014,C04905,T0002223,75.9
O010,C00013,T0015816,22.82
O013,C02688,T0091514,58.52
O008,C02171,T0019472,80.23
O004,C03210,T0069909,187.31
O004,C02004,T0091964,74.02
O003,C02010,T0079794,299.52
O010,C03614,T0058811,25.03
O012,C02228,T0055207,113.9
O018,C03843,T0074850,30.69
O007,C03203,T0046422,116.96
O005,C03317,T0005414,194.62
O016,C02859,T0080570,30.85
O017,C04079,T0024408,33.22
O019,C03625,T0021792,34.2
O003,C03566,T0004257,21.63
O002,C03596,T0022582,76.72
O010,C00483,T0059134,106.04
O016,C04844,T0017112,77.29
O007,C03711,T0029268,285.38
O015,C02449,T0040728,55.64
O013,C02523,T0074251,48.52
O017,C00495,T0095714,233.22
O019,C02095,T0011580,12.62
O019,C02740,T0077249,8.94
O018,C04762,T0085205,30.1
O014,C01387,T0082436,6.36
O008,C01113,T0096062,238.5
O015,C03940,T0046279,217.88
O016,C01332,T0022653,42.34
O016,C02728,T0054012,91.18
O014,C02114,T0065640,21.3
O018,C04477,T0077222,34.01
O016,C02995,T0049169,78.24
O001,C01940,T0002785,321.04
O001,C04471,T0008022,277.73
O012,C03538,T0031476,1239.69
O012,C01948,T0069034,130.12
O016,C01260,T0056623,8.67
O007,C02243,T0050963,33.46
O019,C02732,T0036550,220.71
O010,C01282,T0014582,400.17
O013,C04697,T0073431,29.65
O017,C04725,T0009494,99.68
O003,C04165,T0015111,136.94
O011,C01146,T0043895,941.43
O010,C03304,T0004026,411.92
O014,C00394,T0092457,25.26
O006,C04198,T0060857,33.62
O004,C04180,T0021772,
O001,C00593,T0014022,58.61
O003,C04060,T0033384,72.76
O007,C03378,T0049789,10.42
O013,C03257,T0024673,24.76
O020,C00003,T0088162,749.39
O010,C02374,T0067947,238.94
O003,C01639,T0088470,104.52
O020,C03007,T0029958,63.08
O007,C02391,T0051384,45.32
O014,C01496,T0088811,18.75
O009,C03425,T0054553,5.37
O011,C00471,T0014831,2871.59
O013,C02803,T0056534,59.82
O009,C01114,T0067360,21.37
O020,C01648,T0044218,83.3
O010,C02117,T0099983,42.96
O002,C02379,T0095677,16.81
O011,C02557,T0042028,70.83
O016,C02869,T0005526,52.35
O009,C01588,T0082961,30.21
O016,C04806,T0034079,103.17
O012,C04736,T0016523,312.0
O018,C03168,T0022749,91.58
O011,C00833,T0083303,337.82
O001,C02679,T0093654,52.71
O019,C03956,T0022263,119.66
O005,C04508,T0000244,152.77
O007,C02843,T0092234,20.58
O011,C01577,T0057582,113.05
O003,C02675,T0083651,46.79
O009,C01042,T0085174,21.54
O018,C03068,T0037807,12.32
O018,C01370,T0026117,77.1
O003,C03188,T0055803,58.03
O002,C04682,T0086282,172.2
O018,C00655,T0070706,912.17
O015,C00952,T0072888,113.54
O003,C03366,T0078215,16.47
O007,C01783,T0066057,34.38
O002,C02739,T0037690,21.11
O004,C02975,T0034253,51.17
O008,C02379,T0087633,124.43
O007,C02025,T0019255,27.03
O005,C01853,T0040312,18.98
O015,C01965,T0054321,14.17
O018,C00022,T0032738,77.16
O019,C01230,T0029211,28.96
O016,C00372,T0082219,21.25
O009,C02561,T0095983,10.89
O015,C03147,T0037656,128.3
O018,C04801,T0056950,153.2
O020,C04554,T0020201,90.31
O011,C02061,T0048518,235.73
O007,C00588,T0093230,21.86
O010,C00666,T0015451,232.18
O008,C00185,T0020596,95.45
O007,C00467,T0063566,101.73
O008,C03310,T0057854,162.43
O005,C02800,T0039662,58.01
O010,C03941,T0081672,103.41
O012,C00841,T0016972,123.74
O014,C00908,T0032137,20.94
O007,C03844,T0066321,99.85
O003,C01749,T0088536,387.42
O020,C02054,T0084956,79.61
O009,C03915,T0028410,9.13
O015,C04736,T0062988,41.31
O013,C04044,T0011841,77.77
O002,C02426,T0031820,51.84
O013,C00953,T0030265,168.76
O014,C01768,T0053634,9.81
O017,C03050,T0044865,153.35
O013,C03786,T0027726,47.78
O016,C01819,T0026863,31.44
O020,C04306,T0083962,92.68
O003,C02773,T0050942,136.34
O004,C00946,T0029962,89.45
O014,C00617,T0051300,65.02
O001,C02212,T0085124,84.74
O005,C02799,T0060894,64.49
O010,C01897,T0057509,445.63
O003,C00891,T0065303,1062.18
O005,C00941,T0010175,344.16
O007,C00349,T0017082,23.22
O005,C01853,T0011288,109.96
O009,C04487,T0041141,13.19
O002,C03383,T0004467,63.17
O009,C04593,T0014409,3.64
O012,C03809,T0094381,137.83
O004,C01592,T0005492,713.38
O013,C03714,T0016163,133.76
O018,C02033,T0033293,13.88
O003,C01914,T0067515,64.01
O008,C00409,T0046669,32.11
O009,C04056,T0065206,13.42
O002,C03331,T0029761,21.5
O007,C00631,T0094742,44.63
O016,C03318,T0028162,60.35
O009,C03438,T0029988,35.81
O003,C02001,T0028325,833.19
O010,C02849,T0075266,88.01
O007,C04983,T0035802,23.31
O017,C01081,T0036807,175.13
O007,C00585,T0011855,17.31
O019,C04508,T0002539,6.52
O013,C04282,T0069619,14.44
O001,C02829,T0028986,122.05
O003,C04826,T0030861,27.75
O003,C03244,T0009352,47.39
O018,C00188,T0007436,41.22
O002,C04337,T0054672,13.18
O012,C02714,T0047259,167.68
O011,C02223,T0029317,105.83
O012,C04625,T0075249,158.78
O005,C02139,T0037501,117.69
O012,C02365,T0061909,51.33
O010,C03413,T0041084,96.62
O016,C02019,T0046049,94.83
O013,C00205,T0032847,88.83
O008,C01397,T0038285,658.28
O010,C04363,T0003418,42.07
O019,C01552,T0031144,95.94
O020,C04088,T0022995,102.54
O015,C02904,T0048454,25.51
O011,C04646,T0027292,22.95
O007,C01700,T0050351,109.76
O002,C04692,T0073477,13.66
O006,C01888,T0065173,53.76
O013,C02199,T0064848,102.97
O003,C03476,T0089953,34.54
O012,C00740,T0093864,341.09
O020,C03995,T0083444,76.4
O016,C03558,T0001929,19.59
O013,C02792,T0029413,79.13
O012,C03691,T0056172,52.89
O002,C01062,T0006905,14.79
O014,C04195,T0032816,147.77
O008,C03923,T0049485,212.89
O005,C04684,T0020127,136.63
O002,C00836,T0075443,24.63
O002,C01256,T0017929,34.98
O011,C00387,T0025156,648.52
O017,C02017,T0077739,63.96
O008,C02580,T0015017,253.32
O014,C03115,T0033752,15.04
O010,C01959,T0033339,46.5
O007,C04207,T0079374,26.89
O018,C03920,T0088792,301.66
O013,C04756,T0016983,40.58
O008,C00100,T0049901,173.71
O016,C00060,T0045708,26.25
O014,C03671,T0013823,33.28
O020,C01178,T0060538,260.15
O007,C01531,T0063329,36.63
O005,C03815,T0068022,62.77
O007,C00405,T0061145,23.24
O007,C02922,T0025868,23.45
O015,C04231,T0039821,83.34
O005,C01883,T0060579,66.04
O004,C02178,T0084762,2590.48
O013,C03191,T0003237,15.02
O014,C01935,T0028748,2.88
O005,C04644,T0011410,154.9
O013,C01097,T0009907,75.9
O007,C00012,T0080798,48.18
O003,C04407,T0077089,76.09
O008,C00678,T0051489,179.37
O001,C01994,T0063468,165.5
O002,C02792,T0004129,94.06
O010,C04737,T0029965,332.13
O017,C02929,T0035745,647.0
O009,C02944,T0028774,22.67
O006,C01390,T0037306,190.67
O012,C00336,T0024868,31.27
O014,C04413,T0032710,26.84
O005,C02846,T0029975,59.17
O014,C04525,T0064149,67.63
O013,C02756,T0004096,174.23
O012,C00433,T0021025,254.72
O011,C00801,T0072228,76.96
O009,C00874,T0040837,24.25
O007,C01502,T0061895,46.05
O016,C00840,T0078108,95.93
O006,C04676,T0092930,77.34
O004,C00359,T0019774,213.27
O017,C01311,T0067245,13.61
O007,C03165,T0067927,17.59
O014,C04213,T0014358,26.97
O017,C01506,T0053001,220.81
O012,C02101,T0032758,35.65
O001,C00869,T0063140,89.38
O004,C03287,T0005594,159.08
O015,C00553,T0071372,52.19
O009,C04439,T0083574,5.42
O019,C03386,T0089178,28.94
O016,C02443,T0024402,58.04
O011,C02912,T0050953,61.62
O013,C03586,T0059507,86.41
O018,C02228,T0064582,17.52
O014,C03992,T0070642,45.88
O002,C01013,T0040137,57.96
O008,C01491,T0026077,60.72
O009,C02109,T0026707,20.31
O011,C03039,T0099601,25.64
O002,C04853,T0095816,14.86
O003,C02120,T0095280,83.6
O019,C00639,T0088482,127.72
O012,C02669,T0027860,193.87
O007,C02646,T0028292,211.72
O006,C04189,T0004531,91.15
O002,C00947,T0079327,24.75
O006,C00344,T0088963,84.46
O011,C01554,T0068049,573.38
O005,C02710,T0083454,136.95
O010,C02359,T0067839,22.95
O010,C00025,T0096078,42.4
O013,C02458,T0017540,43.59
O006,C03145,T0006241,53.54
O012,C03411,T0015474,580.77
O013,C02949,T0055483,132.73
O010,C00121,T0040295,43.05
O020,C04177,T0020383,95.94
O005,C02710,T0086476,27.96
O018,C04321,T0026297,45.89
O019,C02164,T0006097,156.3
O019,C01704,T0048675,148.87
O014,C03664,T0096453,27.52
O004,C01309,T0007111,110.0
O014,C04888,T0033279,14.01
O017,C02619,T0094088,109.44
O007,C01735,T0033484,33.02
O019,C01662,T0040508,100.1
O017,C00211,T0023522,969.77
O008,C02501,T0085875,114.22
O001,C01271,T0073820,115.67
O008,C03097,T0095756,71.43
O014,C03939,T0021070,10.47
O017,C00443,T0004884,59.16
O007,C00191,T0049710,66.25
O016,C02801,T0002285,22.96
O001,C02795,T0017609,117.45
O006,C01435,T0019516,104.34
O007,C03818,T0090346,23.85
O004,C03969,T0022493,223.62
O004,C01277,T0028892,37.15
O019,C03684,T0098092,61.06
O020,C01160,T0087355,30.53
O013,C01397,T0005131,63.58
O006,C03379,T0074146,170.93
O020,C04802,T0061029,203.28
O014,C02554,T0023751,47.22
O004,C04440,T0072285,232.31
O014,C02762,T0022048,101.33
O008,C02866,T0084266,261.24
O012,C02053,T0082909,114.36
O020,C03731,T0003048,334.21
O008,C03279,T0066648,116.42
O020,C02829,T0017264,47.54
O007,C01704,T0031417,14.57
O015,C01650,T0056668,11.57
O018,C02336,T0099935,42.77
O006,C01422,T0081744,253.52
O019,C01066,T0035840,77.67
O008,C02213,T0042627,101.67
O003,C00259,T0002682,43.1
O010,C04278,T0015105,106.22
O002,C04482,T0073601,75.36
O019,C03808,T0060663,67.29
O014,C03436,T0046420,29.73
O007,C04631,T0051501,20.66
O019,C02631,T0045376,373.89
O012,C00971,T0097292,91.74
O014,C03221,T0065316,135.3
O016,C04268,T0020526,11.4
O003,C01589,T0072015,70.43
O012,C00100,T0002124,456.2
O001,C01352,T0069769,93.35
O006,C04049,T0057298,58.84
O005,C02938,T0017874,253.17
O018,C01125,T0093035,84.11
O017,C04292,T0031523,171.05
O017,C04157,T0093856,137.6
O010,C02928,T0077007,53.33
O002,C02073,T0028327,17.04
O007,C01053,T0032077,70.36
O006,C01783,T0082414,102.13
O010,C00070,T0002942,83.03
O013,C01327,T0092215,16.65
O006,C02165,T0017824,82.99
O013,C01160,T0033941,49.55
O017,C04086,T0053977,175.08
O001,C03092,T0055348,73.13
O010,C03041,T0000315,431.15
O006,C02025,T0005623,1541.35
O013,C01925,T0006363,62.05
O012,C00641,T0084740,47.5
O007,C01758,T0043845,73.4
O007,C01426,T0052333,58.14
O015,C03772,T0066139,234.85
O011,C03346,T0053752,166.58
O009,C02066,T0095849,15.26
O019,C01357,T0076417,124.0
O011,C04967,T0035366,122.88
O002,C04355,T0037305,37.65
O001,C01511,T0079567,4.91
O004,C01910,T0044060,242.11
O005,C04943,T0018709,187.22
O020,C02211,T0040358,96.56
O014,C02296,T0067636,22.57
O009,C04450,T0076335,2.1
O016,C00083,T0007462,220.18
O002,C04010,T0023034,32.04
O019,C01616,T0090772,29.67
O011,C01738,T0083497,26.75
O008,C01258,T0000489,140.1
O003,C00926,T0084493,25.96
O007,C02376,T0039850,42.54
O016,C00402,T0086697,13.34
O008,C04725,T0031436,47.1
O004,C04772,T0028988,143.04
O016,C03842,T0086923,20.92
O012,C01179,T0078714,201.04
O005,C03173,T0049108,106.45
O019,C03211,T0049786,61.47
O009,C04087,T0094136,7.69
O011,C00066,T0048661,86.14
O007,C02063,T0003905,26.72
O015,C00346,T0060478,161.55
O018,C03891,T0063149,57.52
O010,C04962,T0056160,50.5
O014,C00893,T0008868,27.92
O002,C04640,T0050968,49.5
O017,C03857,T0045241,81.8
O018,C02646,T0013834,349.64
O004,C02036,T0023049,845.13
O020,C01281,T0098980,64.67
O008,C03150,T0065786,20.97
O011,C01433,T0076258,95.31
O010,C00138,T0008887,107.57
O011,C02887,T0066119,491.52
O012,C00420,T0069360,17.23
O005,C01446,T0001296,135.07
O019,C00982,T0070934,26.91
O003,C02993,T0052823,50.45
O016,C04835,T0055242,11.15
O002,C02209,T0077767,76.74
O001,C00841,T0038929,101.37
O012,C02344,T0057706,120.73
O001,C04925,T0080317,158.97
O003,C03022,T0000891,165.57
O018,C02197,T0015183,116.01
O012,C00957,T0010677,154.45
O012,C04250,T0064430,893.05
O016,C03389,T0055924,115.6
O018,C00885,T0021551,293.55
O015,C00172,T0017712,28.97
O005,C04723,T0070250,117.29
O005,C04617,T0016515,289.78
O012,C02798,T0066023,46.81
O013,C02368,T0045572,85.02
O018,C02269,T0063424,242.26
O003,C03848,T0086103,20.32
O014,C02201,T0011824,29.78
O010,C02261,T0090929,244.23
O005,C01086,T0006005,34.37
O019,C00763,T0037639,236.2
O011,C01712,T0016970,107.04
O013,C02235,T0081553,110.57
O001,C00445,T0097819,241.46
O007,C01247,T0080830,25.78
O018,C04632,T0021478,118.47
O014,C01203,T0056266,34.67
O019,C01097,T0046516,48.87
O020,C01345,T0062205,50.98
O016,C00748,T0068399,34.92
O012,C01515,T0069744,210.5
O011,C02161,T0010157,182.91
O014,C01254,T0017369,73.04
O002,C04714,T0014199,24.04
O016,C01338,T0016700,18.21
O008,C04582,T0087587,111.58
O010,C04408,T0053007,67.24
O015,C00139,T0093009,54.75
O007,C02824,T0005226,84.06
O003,C00999,T0011394,114.96
O020,C04924,T0096036,40.5
O020,C00989,T0016404,272.2
O015,C02391,T0055849,128.04
O004,C02468,T0019389,76.34
O001,C01562,T0075427,249.46
O003,C00257,T0023178,51.15
O007,C04710,T0012694,14.27
O004,C02418,T0017681,252.84
O002,C03302,T0049878,42.63
O020,C03637,T0024301,77.4
O004,C00424,T0000130,88.67
O016,C04858,T0011257,14.48
O016,C00315,T0087045,18.65
O002,C04723,T0000261,16.36
O015,C04355,T0053668,24.02
O018,C04832,T0007139,489.9
O020,C01086,T0050674,132.83
O008,C02413,T0099212,59.09
O016,C04352,T0021292,38.31
O020,C00868,T0023723,138.56
O008,C02119,T0033049,56.45
O002,C03057,T0054182,27.35
O020,C03923,T0064591,125.72
O009,C02639,T0076375,6.73
O015,C03848,T0056463,8.02
O010,C03872,T0045369,588.74
O002,C04943,T0093020,84.07
O019,C00960,T0009987,24.58
O015,C00501,T0073137,27.67
O013,C04722,T0028399,92.29
O008,C03447,T0048120,414.59
O014,C03705,T0084858,26.85
O006,C01682,T0009629,29.77
O014,C02111,T0079642,25.73
O001,C03227,T0036359,57.95
O005,C00915,T0043701,258.95
O012,C04296,T0007896,232.56
O017,C02867,T0009859,243.2
O005,C00465,T0076402,365.53
O015,C02738,T0082445,27.18
O008,C04696,T0026109,538.16
O009,C02016,T0078217,32.49
O020,C04834,T0078297,94.61
O010,C02201,T0022432,183.87
O010,C04102,T0044545,252.41
O011,C04126,T0050068,139.78
O009,C00382,T0013283,12.96
O009,C03287,T0000432,10.2
O018,C02852,T0088148,19.79
O019,C00562,T0083344,46.71
O010,C01381,T0002734,66.19
O002,C04374,T0040323,14.33
O015,C04336,T0085193,58.48
O008,C00836,T0091291,111.41
O020,C00640,T0051031,85.47
O003,C03779,T0051785,58.36
O010,C01366,T0085686,262.45
O010,C04003,T0081181,153.74
O003,C02914,T0097242,22.52
O006,C01812,T0024294,42.31
O017,C00857,T0025217,81.85
O001,C01504,T0030027,109.12
O004,C02734,T0057948,143.81
O001,C02672,T0024647,39.55
O002,C03276,T0063496,87.86
O010,C04611,T0075459,122.77
O001,C03593,T0077960,172.81
O007,C00053,T0099511,16.59
O019,C01327,T0055305,80.33
O007,C00186,T0006046,20.81
O002,C02644,T0097499,48.25
O018,C04554,T0046534,57.36
O015,C04103,T0047468,38.78
O008,C01927,T0094892,58.47
O020,C00888,T0000312,110.3
O002,C01658,T0096912,28.29
O016,C04593,T0098959,13.29
O016,C03079,T0094064,14.08
O012,C04115,T0017553,184.15
O020,C01352,T0060230,136.36
O017,C01137,T0070957,74.02
O016,C04039,T0063661,40.37
O016,C01148,T0048387,10.41
O008,C01747,T0043038,199.06
O018,C00669,T0031516,215.34
O012,C03257,T0071167,129.58
O016,C03639,T0048542,46.9
O007,C04948,T0076303,37.58
O015,C01895,T0069968,30.56
O010,C00692,T0097950,116.02
O020,C00233,T0093252,63.03
O017,C03469,T0061257,156.55
O011,C04629,T0081607,126.7
O002,C00780,T0094091,41.0
O013,C00977,T0067601,11.74
O009,C00926,T0057145,8.5
O018,C04322,T0012224,46.51
O010,C04364,T0072246,338.48
O013,C00922,T0002689,66.27
O015,C00474,T0052068,12.01
O001,C00524,T0098290,48.99
O020,C03475,T0081844,44.73
O017,C02346,T0069790,413.06
O019,C03522,T0075506,22.76
O002,C01508,T0008333,81.47
O013,C00191,T0069882,96.85
O020,C03034,T0092213,168.01
O014,C01312,T0011297,28.25
O006,C00520,T0013048,245.19
O020,C01282,T0095155,37.33
O013,C00480,T0021753,38.04
O016,C03328,T0035953,34.95
O003,C02280,T0084567,146.22
O020,C00998,T0097966,96.73
O019,C02906,T0090528,57.03
O012,C02587,T0079883,25.11
O010,C03173,T0057301,215.3
O002,C02792,T0016876,83.62
O016,C00675,T0044510,27.09
O007,C00118,T0065008,30.78
O004,C02206,T0049259,145.9
O003,C00141,T0009139,55.79
O007,C03010,T0085560,36.61
O018,C04651,T0029210,26.53
O015,C04469,T0074986,38.78
O001,C01204,T0023610,118.58
O008,C02030,T0025449,31.11
O019,C02998,T0078391,83.39
O012,C00582,T0084982,1156.85
O014,C01567,T0065934,58.51
O004,C03292,T0017764,62.3
O006,C01234,T0051771,59.13
O003,C03794,T0011784,44.26
O009,C00627,T0018194,92.62
O005,C03420,T0009082,61.89
O013,C01264,T0065728,27.35
O016,C03264,T0090682,48.22
O009,C02338,T0002008,17.0
O005,C04351,T0093404,100.25
O015,C02001,T0038649,37.46
O019,C04772,T0036977,85.11
O016,C01852,T0074048,2.56
O006,C00872,T0081414,154.33
O001,C02969,T0098382,104.89
O013,C04764,T0040147,66.91
O013,C04311,T0055319,64.93
O013,C04250,T0020537,81.14
O011,C04685,T0034440,217.71
O004,C01272,T0074573,1513.79
O009,C01419,T0016932,21.65
O020,C03251,T0058276,56.87
O012,C01365,T0060983,7.01
O011,C04690,T0071324,43.91
O001,C01188,T0030271,140.53
O003,C02648,T0061834,25.26
O013,C04939,T0064890,373.37
O011,C01752,T0006933,54.94
O015,C01108,T0026844,33.02
O008,C00946,T0059711,734.09
O019,C00624,T0033523,33.54
O014,C01291,T0095864,12.28
O019,C00979,T0013111,30.52
O010,C03632,T0045210,453.27
O013,C02555,T0095385,35.99
O015,C02323,T0044395,53.38
O001,C04583,T0041843,184.25
O003,C00101,T0009231,66.71
O007,C04922,T0073916,37.0
O015,C02617,T0062219,137.93
O004,C00499,T0003927,168.58
O004,C01873,T0098848,372.3
O007,C00501,T0067293,17.2
O005,C03682,T0089741,171.48
O010,C00449,T0080833,657.62
O001,C02517,T0059164,54.64
O005,C00845,T0091852,183.26
O012,C04453,T0061371,67.33
O005,C00472,T0056220,50.13
O020,C01448,T0080129,47.86
O016,C00101,T0067047,5.93
O003,C00484,T0036925,55.34
O016,C00644,T0074820,34.98
O018,C03664,T0054861,55.32
O018,C02648,T0076773,123.17
O003,C03839,T0041834,102.7
O003,C02424,T0015184,203.19
O005,C01005,T0031134,218.97
O010,C00366,T0089814,91.46
O001,C00263,T0058763,82.97
O009,C04102,T0040622,30.42
O012,C04008,T0062182,419.52
O012,C01774,T0013366,68.41
O017,C03118,T0061334,60.84
O011,C01910,T0048461,62.63
O012,C03801,T0036995,238.32
O014,C02597,T0081537,29.12
O014,C00955,T0012869,16.47
O016,C03999,T0091866,17.7
O020,C04502,T0001912,87.71
O009,C03279,T0096270,8.24
O012,C00557,T0008105,68.59
O012,C00351,T0049426,42.89
O002,C03166,T0087048,3.78
O018,C02821,T0005897,45.46
O012,C02728,T0095051,99.36
O004,C00307,T0056797,135.23
O018,C01948,T0088455,80.34
O001,C00240,T0076454,172.65
O010,C02702,T0046282,20.86
O001,C01914,T0030103,289.56
O019,C03212,T0090438,22.74
O005,C00466,T0059508,63.77
O002,C02330,T0016157,269.06
O005,C01735,T0072250,39.14
O019,C00248,T0072413,84.72
O003,C03915,T0062165,135.36
O005,C03238,T0065208,320.75
O005,C03856,T0099902,87.43
O013,C00793,T0010598,99.58
O001,C03956,T0024261,118.46
O012,C02551,T0087493,227.49
O011,C01339,T0019835,16.46
O002,C04110,T0031187,104.0
O018,C04034,T0017280,43.85
O017,C00443,T0072075,106.04
O012,C03675,T0064026,43.08
O015,C00727,T0035524,53.57
O014,C00323,T0015145,6.51
O018,C01719,T0062066,37.38
O014,C03311,T0052065,51.45
O019,C03170,T0028712,37.01
O008,C00248,T0048487,764.13
O011,C01251,T0011009,111.62
O010,C04593,T0011327,60.89
O019,C02430,T0000586,76.36
O020,C00813,T0061119,164.12
O017,C03553,T0037307,22.92
O015,C01728,T0071741,12.57
O011,C03911,T0078332,67.46
O008,C00299,T0001539,79.5
O011,C02786,T0060039,110.54
O020,C04292,T0022877,827.19
O006,C01439,T0067097,32.44
O006,C02751,T0088801,220.35
O011,C00446,T0078455,370.18
O001,C01673,T0037355,95.66
O011,C02529,T0050572,149.78
O018,C02016,T0043851,20.98
O013,C04162,T0034788,55.47
O008,C03569,T0088373,361.06
O008,C02597,T0053467,86.13
O016,C03726,T0023492,157.1
O012,C01753,T0010101,81.38
O003,C02186,T0004451,269.34
O015,C02196,T0011758,48.13
O009,C00479,T0040171,9.88
O015,C03239,T0039737,265.14
O006,C02102,T0036378,54.71
O012,C00163,T0049825,63.56
O012,C00927,T0013095,191.64
O009,C02218,T0050646,9.84
O018,C02009,T0079446,63.44
O004,C02813,T0074686,97.77
O009,C00527,T0006186,10.35
O013,C00983,T0038243,28.47
O016,C03795,T0061656,15.89
O015,C01887,T0004150,34.62
O014,C02919,T0079935,59.39
O007,C04713,T0050977,105.75
O009,C00942,T0010260,11.2
O006,C00579,T0073279,417.19
O001,C03159,T0042188,79.87
O015,C02087,T0089877,26.62
O006,C04563,T0071582,50.33
O017,C03203,T0052675,88.57
O020,C02083,T0023881,329.49
O009,C00931,T0018357,10.47
O010,C00660,T0053427,51.59
O013,C00605,T0074563,61.44
O002,C01512,T0009076,20.68
O017,C03278,T0098060,413.35
O008,C03078,T0066427,1604.09
O013,C04386,T0048541,8.56
O010,C01409,T0042170,464.07
O017,C00493,T0024495,84.28
O005,C03000,T0073914,124.63
O015,C03053,T0082279,68.01
O019,C04534,T0045122,58.71
O006,C02785,T0065148,311.99
O004,C00864,T0032975,158.24
O006,C03053,T0048996,53.23
O014,C04842,T0058310,17.56
O007,C00935,T0092361,24.02
O016,C03142,T0025896,20.44
O013,C03716,T0048361,49.83
O014,C02598,T0007602,9.64
O013,C00595,T0070762,61.97
O019,C03914,T0008364,86.87
O011,C04132,T0004871,158.55
O018,C04060,T0048503,84.49
O015,C04407,T0014205,155.04
O010,C04501,T0095694,301.09
O012,C02641,T0050575,31.02
O009,C02507,T0022041,36.31
O020,C03812,T0032372,43.59
O001,C04373,T0087479,226.88
O004,C02905,T0059524,61.45
O011,C04538,T0039586,73.82
O004,C02603,T0015625,189.58
O006,C04087,T0043726,45.59
O004,C01196,T0053412,77.78
O017,C03444,T0080457,67.32
O020,C04741,T0042147,341.67
O014,C03577,T0003248,11.47
O010,C01874,T0089525,645.71
O008,C03971,T0044019,91.68
O006,C00372,T0098085,726.25
O003,C03336,T0054754,27.3
O018,C04642,T0009242,121.98
O009,C00457,T0025915,103.32
O015,C03531,T0088038,23.97
O008,C02557,T0033869,68.51
O007,C00648,T0010559,104.26
O005,C00607,T0059312,132.9
O009,C03724,T0054346,18.78
O007,C00797,T0044747,10.37
O002,C03765,T0000229,37.0
O005,C02315,T0084700,116.95
O004,C01253,T0028876,405.15
O016,C00235,T0074356,9.3
O020,C02653,T0026822,450.81
O016,C03485,T0086867,150.83
O009,C03388,T0060223,50.47
O004,C04083,T0011362,139.99
O013,C04852,T0026252,18.35
O019,C03936,T0073658,24.74
O007,C02670,T0040513,66.21
O015,C00168,T0021139,31.17
O008,C04396,T0064904,24.13
O009,C00152,T0073203,21.94
O004,C01906,T0022524,32.14
O013,C04998,T0090259,20.75
O011,C03379,T0040565,97.81
O020,C00916,T0062386,103.04
O016,C03422,T0053687,139.23
O012,C03364,T0071350,130.94
O006,C01800,T0067886,112.93
O017,C00414,T0093466,117.73
O003,C00918,T0054574,473.25
O015,C01427,T0084919,108.81
O015,C00440,T0057455,52.0
O010,C00811,T0062369,131.79
O015,C01351,T0085591,571.19
O005,C02686,T0039126,141.69
O015,C02314,T0059036,37.06
O012,C02491,T0057553,91.5
O014,C02822,T0019582,21.46
O016,C01765,T0084408,22.11
O015,C03563,T0093977,29.68
O004,C04157,T0097961,41.39
O017,C02162,T0032499,94.01
O012,C01465,T0011971,48.28
O003,C04159,T0015496,129.16
O011,C01402,T0082518,106.06
O007,C00897,T0067826,15.08
O006,C01451,T0055205,586.34
O013,C02354,T0060117,377.65
O007,C03309,T0096906,23.44
O019,C03645,T0039435,21.83
O002,C04111,T0042804,63.22
O017,C01822,T0079965,177.38
O001,C03633,T0043695,81.58
O011,C04997,T0023526,16.16
O008,C00586,T0096309,188.75
O016,C00744,T0015927,39.43
O009,C02587,T0006999,17.91
O001,C02653,T0012885,37.06
O006,C01220,T0076916,115.42
O010,C01536,T0017727,72.08
O008,C03729,T0005392,245.45
O003,C04660,T0048307,139.92
O020,C02199,T0008413,56.26
O017,C03878,T0045760,126.98
O001,C03438,T0044071,105.6
O019,C01527,T0081282,188.93
O012,C02380,T0030006,74.96
O018,C01401,T0036097,89.21
O002,C04784,T0085838,15.23
O008,C00223,T0033884,1009.15
O003,C01674,T0056621,32.08
O010,C00529,T0016412,161.17
O015,C00416,T0040370,28.01
O013,C00041,T0081771,86.71
O018,C00012,T0001063,47.86
O003,C04100,T0022236,74.64
O015,C00194,T0036145,98.91
O002,C04034,T0039470,52.76
O009,C03854,T0083429,8.33
O003,C02727,T0086456,111.92
O005,C03748,T0036200,51.73
O017,C03465,T0032471,467.53
O009,C01990,T0087813,27.13
O019,C04835,T0015264,172.02
O004,C02361,T0027694,67.87
O013,C02576,T0013661,87.63
O017,C02684,T0077334,72.02
O003,C01154,T0066426,333.98
O010,C04588,T0077815,118.66
O016,C00444,T0040705,55.76
O018,C00863,T0057853,38.99
O016,C04135,T0001490,83.05
O018,C02717,T0065876,76.44
O006,C00862,T0005574,38.52
O003,C02438,T0050919,58.91
O006,C01687,T0012345,206.58
O002,C01512,T0066169,63.86
O009,C03646,T0094375,35.23
O019,C01854,T0015290,27.76
O008,C03992,T0047215,361.62
O009,C04115,T0064650,20.23
O019,C04718,T0090770,29.34
O004,C04244,T0014702,764.26
O006,C02221,T0043965,476.19
O013,C03410,T0053308,51.22
O007,C02017,T0069911,47.72
O015,C04999,T0002493,31.97
O018,C02552,T0044721,121.13
O004,C04044,T0094816,136.95
O006,C00390,T0023037,94.5
O014,C00563,T0025406,52.03
O010,C01176,T0072647,53.74
O010,C04623,T0047837,70.44
O001,C00274,T0048510,171.46
O009,C00639,T0069890,46.13
O016,C03243,T0031765,25.13
O013,C01339,T0052141,75.49
O010,C03872,T0006894,40.27
O018,C03651,T0089716,66.52
O010,C01854,T0060654,181.73
O004,C04749,T0044092,426.87
O006,C00224,T0096640,136.34
O019,C01103,T0012191,84.1
O011,C03518,T0061161,161.14
O012,C03776,T0096879,794.85
O013,C02185,T0065004,119.87
O016,C04707,T0098966,37.18
O013,C03533,T0014369,29.38
O007,C04878,T0035187,49.3
O018,C03156,T0023924,44.81
O006,C00131,T0094938,127.16
O011,C03983,T0027607,145.74
O014,C01992,T0060876,6.63
O009,C03832,T0038404,63.72
O009,C02895,T0019529,22.37
O005,C01186,T0007529,124.8
O018,C03134,T0070440,272.3
O001,C02478,T0094902,192.76
O017,C02931,T0049807,99.79
O007,C04095,T0064559,39.57
O006,C03250,T0000831,258.51
O008,C01399,T0089441,56.68
O004,C00802,T0062007,135.22
O001,C03266,T0014423,128.47
O002,C04124,T0020024,181.84
O020,C03615,T0049532,273.84
O007,C01912,T0019466,72.33
O019,C04552,T0032515,90.82
O019,C04870,T0041721,110.87
O003,C03806,T0061624,7.27
O013,C02845,T0020297,51.52
O001,C02130,T0004350,50.47
O002,C03808,T0016006,432.53
O012,C00008,T0021600,100.62
O018,C04223,T0042734,23.29
O004,C02037,T0076458,37.92
O006,C00824,T0072978,97.45
O016,C03659,T0013289,18.81
O015,C03402,T0089556,46.34
O009,C00593,T0007083,20.34
O016,C02577,T0046501,17.16
O007,C00193,T0052919,26.6
O015,C01048,T0000602,48.17
O013,C03784,T0001791,31.17
O005,C01268,T0049964,219.46
O004,C00004,T0048082,90.65
O020,C04378,T0020417,157.48
O017,C02957,T0082799,79.27
O014,C02706,T0054060,27.28
O005,C01150,T0097852,46.41
O014,C01123,T0005103,128.76
O010,C03672,T0034943,25.68
O009,C01798,T0019685,7.01
O002,C04568,T0031912,24.69
O017,C03500,T0063439,607.7
O010,C01483,T0023712,229.06
O008,C01732,T0056095,46.48
O002,C01866,T0093158,18.51
O013,C03357,T0051041,112.05
O017,C01181,T0045401,155.71
O001,C00005,T0034089,298.47
O009,C00651,T0077592,14.26
O013,C00539,T0075106,52.13
O011,C03809,T0010494,19.87
O017,C02164,T0056424,96.23
O011,C02064,T0056168,142.57
O009,C02444,T0036828,18.32
O013,C04772,T0079507,139.79
O014,C03291,T0060877,85.85
O009,C04395,T0087337,21.84
O007,C02076,T0043903,76.28
O007,C02453,T0084637,8.7
O005,C02129,T0029733,122.36
O008,C04837,T0076156,384.8
O006,C01280,T0000430,351.0
O004,C03667,T0063585,101.53
O014,C03884,T0025948,22.24
O010,C01006,T0025813,263.08
O006,C02874,T0089338,57.4
O009,C02025,T0079313,77.09
O017,C02433,T0085881,202.85
O002,C01225,T0045412,68.04
O014,C00581,T0061897,14.21
O011,C01580,T0085496,147.47
O011,C03196,T0010269,110.13
O016,C02235,T0064096,64.23
O005,C02814,T0036914,219.68
O010,C03415,T0063295,144.56
O008,C03233,T0040074,69.26
O011,C00336,T0038887,202.3
O001,C01981,T0046444,81.76
O015,C00587,T0090539,68.98
O011,C01157,T0025304,125.85
O013,C01202,T0034169,95.71
O006,C02039,T0029898,137.88
O013,C03642,T0062336,23.56
O001,C02266,T0022548,105.24
O019,C03590,T0046509,49.58
O002,C03189,T0060570,103.34
O002,C03974,T0004582,85.54
O017,C01551,T0025979,85.18
O019,C03196,T0020054,156.43
O014,C00510,T0093317,59.54
O014,C04584,T0057314,29.81
O012,C03240,T0098830,42.6
O016,C01111,T0064866,35.66
O020,C00292,T0019737,61.47
O005,C03461,T0043914,419.27
O017,C03431,T0012925,112.47
O005,C04293,T0002116,118.13
O016,C03064,T0011996,19.41
O007,C02454,T0027933,6.86
O004,C04848,T0043999,77.78
O012,C03835,T0079477,69.88
O016,C00156,T0016802,19.76
O009,C03704,T0050984,10.97
O001,C00029,T0078020,150.23
O007,C03044,T0075984,27.79
O010,C01683,T0025435,112.64
O016,C02285,T0051308,31.98
O018,C03157,T0081970,81.39
O002,C02896,T0047150,425.34
O020,C04447,T0094781,280.1
O002,C01821,T0032964,22.31
O019,C02290,T0052915,53.53
O008,C01344,T0012361,128.71
O009,C04846,T0091201,13.26
O008,C00119,T0039750,90.73
O008,C03451,T0040142,274.07
O018,C03839,T0099919,87.24
O015,C01703,T0092722,21.91
O012,C04277,T0045031,265.96
O004,C03446,T0030676,417.71
O019,C00757,T0071826,62.21
O002,C02627,T0095175,199.12
O005,C02635,T0082889,1136.52
O009,C02907,T0028033,37.58
O014,C04720,T0089691,28.45
O002,C03152,T0063317,38.81
O004,C00434,T0022484,205.1
O006,C01133,T0028779,179.94
O007,C00779,T0038400,11.18
O005,C00969,T0088951,134.83
O018,C04625,T0005432,46.4
O008,C04426,T0011638,174.21
O016,C02539,T0043888,10.33
O020,C02635,T0000026,127.48
O006,C02507,T0087121,198.39
O003,C00309,T0042740,239.41
O004,C04096,T0080181,46.61
O007,C04203,T0026878,21.08
O002,C04473,T0020974,145.68
O019,C02963,T0070448,28.56
O004,C04136,T0053489,135.71
O007,C01918,T0094502,16.15
O020,C03355,T0034121,64.69
O018,C03049,T0005483,118.44
O013,C03609,T0047860,111.07
O011,C00753,T0005894,239.67
O004,C03743,T0047998,149.14
O009,C02616,T0074855,20.65
O010,C04015,T0004670,58.45
O007,C02509,T0083219,185.14
O017,C03584,T0084933,138.25
O002,C04165,T0035948,481.24
O008,C04635,T0061615,182.17
O020,C04774,T0095199,447.86
O017,C02024,T0035429,132.64
O001,C02672,T0096280,77.82
O017,C04611,T0040411,72.0
O011,C03048,T0051513,207.1
O003,C03445,T0020789,168.84
O008,C02749,T0097540,81.45
O003,C01820,T0008551,746.42
O012,C04712,T0060295,23.36
O002,C00588,T0098692,31.53
O019,C04693,T0037633,25.89
O003,C02132,T0046791,280.8
O003,C02126,T0048127,31.75
O019,C04642,T0052122,19.4
O002,C02445,T0084384,33.31
O006,C02446,T0005827,93.04
O002,C01917,T0028549,22.71
O004,C02843,T0056545,57.37
O003,C03217,T0024881,650.15
O008,C03081,T0027623,75.36
O010,C00179,T0019465,101.27
O011,C02827,T0099778,142.17
O006,C00589,T0087774,69.99
O017,C01684,T0072714,12.25
O002,C04047,T0079607,264.17
O007,C01300,T0016311,44.04
O008,C04008,T0053228,95.48
O005,C00514,T0046582,35.8
O006,C01865,T0024553,63.11
O016,C02161,T0004957,19.9
O001,C03263,T0047447,27.23
O015,C02663,T0078614,19.42
O002,C01128,T0003640,16.78
O005,C01158,T0030834,145.05
O011,C02347,T0070176,385.26
O008,C02147,T0034526,386.63
O020,C00338,T0068943,114.6
O006,C03799,T0086558,173.44
O020,C03747,T0019354,372.93
O016,C02825,T0004141,90.62
O018,C02696,T0029071,215.4
O018,C00453,T0084664,203.51
O011,C01940,T0080228,120.72
O011,C03587,T0003002,73.96
O013,C02552,T0074876,592.92
O007,C03472,T0026093,36.43
O011,C02187,T0052881,219.38
O007,C03766,T0093484,123.27
O012,C02439,T0097476,401.85
O013,C04630,T0063287,51.64
O019,C00748,T0060765,20.81
O017,C01867,T0091492,231.53
O010,C03750,T0027876,105.36
O010,C02892,T0036571,33.62
O008,C02424,T0060970,227.71
O019,C01931,T0087242,26.0
O002,C02565,T0000194,190.48
O012,C01358,T0065559,47.17
O004,C03429,T0087746,34.14
O011,C00970,T0067009,85.87
O014,C00702,T0062684,69.26
O003,C04957,T0056884,230.59
O001,C02793,T0092050,90.36
O017,C00526,T0000157,76.69
O013,C02713,T0059633,30.58
O006,C00784,T0041655,165.17
O020,C01879,T0037335,65.62
O012,C00512,T0034610,240.45
O014,C04018,T0042205,22.32
O018,C04504,T0021238,154.29
O002,C02432,T0093975,56.74
O005,C04317,T0041008,725.51
O007,C01443,T0098846,107.34
O020,C01125,T0026861,281.18
O006,C02955,T0077196,413.01
O004,C02390,T0011026,376.25
O011,C02194,T0067843,104.76
O001,C01371,T0030632,267.77
O015,C02781,T0076230,11.85
O002,C01882,T0076670,111.79
O015,C00521,T0034196,31.7
O008,C01451,T0070128,242.67
O005,C03675,T0018861,42.89
O003,C01663,T0041975,35.19
O016,C04798,T0064770,16.2
O010,C01414,T0001616,340.97
O013,C00054,T0004595,52.64
O007,C04767,T0001274,38.71
O014,C02990,T0009953,19.13
O003,C04620,T0005368,89.84
O006,C03904,T0025635,70.66
O019,C02175,T0021122,36.19
O007,C04064,T0051733,10.85
O018,C03150,T0006824,91.75
O001,C03626,T0006817,75.46
O018,C04953,T0082409,115.59
O012,C04198,T0089667,179.38
O008,C00379,T0096333,80.59
O014,C01505,T0051206,12.32
O005,C04134,T0015929,121.05
O018,C03643,T0049541,199.87
O008,C01863,T0092839,306.42
O010,C04005,T0087886,70.2
O014,C03638,T0067745,37.67
O016,C04361,T0003113,14.31
O018,C03176,T0000333,77.81
O017,C00856,T0064899,57.68
O019,C00024,T0006303,28.72
O013,C03594,T0070304,255.84
O012,C04558,T0067103,78.02
O010,C01232,T0050175,124.03
O018,C01102,T0079505,14.36
O011,C01709,T0073642,65.13
O017,C00310,T0094929,99.84
O008,C01630,T0002813,82.89
O017,C04454,T0047649,462.66
O012,C03641,T0008206,72.11
O020,C01825,T0064373,66.0
O001,C01477,T0051174,316.95
O018,C02575,T0081787,96.09
O010,C01758,T0091781,81.13
O003,C00731,T0006793,66.12
O016,C03836,T0085490,22.5
O015,C01125,T0036270,79.21
O010,C00884,T0032027,56.02
O020,C00077,T0073781,79.34
O006,C03952,T0053813,86.32
O011,C04473,T0051925,82.0
O020,C00156,T0086106,115.41
O008,C00499,T0060199,79.97
O017,C02021,T0093826,55.86
O014,C04617,T0084745,227.54
O004,C00180,T0005885,125.3
O004,C04583,T0033892,97.35
O016,C01817,T0076089,5.99
O015,C01013,T0091470,18.15
O016,C04080,T0051159,19.38
O018,C02794,T0012899,133.22
O002,C02811,T0037113,37.6
O015,C02518,T0004265,33.14
O007,C04157,T0015064,317.97
O011,C04328,T0001419,276.84
O017,C02957,T0024021,114.95
O018,C01135,T0010031,36.3
O010,C04587,T0011244,323.69
O006,C02887,T0051688,2024.15
O011,C03940,T0004876,177.12
O001,C03279,T0057985,66.66
O011,C02060,T0090098,48.55
O003,C03622,T0028959,18.31
O006,C03593,T0013654,123.98
O012,C03417,T0062874,183.9
O009,C02827,T0083558,22.04
O011,C03685,T0062533,251.31
O004,C04852,T0085498,271.18
O016,C04372,T0037994,8.24
O012,C01178,T0036384,78.76
O013,C02109,T0064980,23.79
O017,C00195,T0094205,942.92
O001,C02206,T0000687,716.52
O018,C02919,T0082759,112.37
O017,C04493,T0001523,50.9
O004,C00639,T0073349,52.58
O008,C01213,T0051512,349.89
O020,C03151,T0094495,25.46
O007,C03514,T0049303,22.7
O013,C00394,T0051222,34.83
O005,C02922,T0015890,153.81
O002,C00143,T0035001,45.98
O001,C03555,T0090016,46.08
O012,C03665,T0052470,176.98
O017,C03152,T0001163,129.78
O001,C00703,T0040392,703.0
O009,C01941,T0004668,10.21
O020,C03908,T0003170,87.12
O008,C02899,T0065800,13.09
O011,C04379,T0078731,66.52
O007,C00294,T0061972,34.16
O016,C00782,T0092753,121.01
O014,C01454,T0020522,9.76
O009,C04877,T0066569,6.58
O019,C01788,T0087500,75.49
O012,C02678,T0052083,371.81
O018,C01343,T0012706,47.13
O018,C03611,T0036319,70.99
O008,C01136,T0038950,76.19
O017,C02836,T0010359,95.36
O003,C00393,T0035473,272.96
O017,C03917,T0099297,64.95
O020,C02736,T0098120,102.24
O009,C03718,T0099579,7.15
O007,C01029,T0087321,8.66
O017,C03446,T0082830,197.33
O006,C02020,T0068624,174.55
O009,C03143,T0028761,27.96
O007,C01273,T0059545,59.74
O018,C04798,T0068101,31.6
O020,C01435,T0065103,53.53
O010,C02909,T0005087,38.81
O016,C03428,T0055429,23.3
O018,C01343,T0035430,348.67
O017,C04540,T0088318,490.35
O011,C01246,T0016955,66.67
O005,C00315,T0043968,141.69
O015,C04573,T0015235,66.5
O001,C03273,T0016073,61.01
O001,C04265,T0022969,96.88
O009,C03634,T0041484,3.99
O018,C04221,T0029236,45.59
O001,C01868,T0098786,158.42
O010,C01930,T0078658,710.47
O008,C04525,T0094425,31.54
O014,C03335,T0027835,18.82
O020,C02282,T0050762,194.38
O015,C00711,T0001752,34.96
O017,C01807,T0093902,233.45
O014,C02435,T0060808,21.88
O020,C04509,T0064195,936.85
O015,C01463,T0078377,13.38
O018,C02656,T0020719,34.88
O007,C00139,T0058311,152.82
O006,C01429,T0084060,104.11
O014,C04673,T0088578,23.98
O014,C01856,T0056073,13.52
O007,C03184,T0060450,22.24
O013,C03289,T0048569,72.36
O018,C03318,T0004472,354.72
O003,C00246,T0022573,2811.29
O020,C04212,T0036543,53.92
O008,C04116,T0028564,51.93
O014,C03758,T0074366,15.87
O005,C01465,T0082190,74.05
O008,C03386,T0021147,73.27
O007,C04267,T0029791,22.68
O001,C04557,T0031082,97.14
O019,C02950,T0038901,47.3
O014,C02647,T0003564,17.15
O018,C03966,T0090201,336.6
O005,C04976,T0006830,56.63
O010,C00388,T0094223,100.19
O017,C00435,T0028708,57.56
O008,C02982,T0024042,285.87
O006,C02645,T0024917,173.66
O010,C00420,T0058306,46.2
O014,C02146,T0003073,14.29
O008,C03969,T0071125,62.62
O010,C03132,T0015508,127.18
O013,C03500,T0044946,64.76
O010,C02864,T0019146,507.37
O014,C00924,T0061930,11.29
O003,C03682,T0023382,103.46
O017,C01246,T0081871,30.42
O001,C03871,T0021242,79.35
O001,C01823,T0055981,140.6
O007,C00879,T0082136,24.4
O005,C03196,T0029069,188.74
O009,C01687,T0034960,7.61
O003,C04351,T0035625,55.69
O019,C01748,T0074637,32.83
O006,C01935,T0012157,32.38
O009,C04247,T0076115,34.68
O020,C00011,T0042853,118.27
O018,C03896,T0068954,23.54
O020,C04683,T0090042,58.17
O020,C03803,T0087538,69.44
O008,C01353,T0014797,31.26
O006,C03853,T0095223,62.83
O011,C04217,T0058392,36.04
O019,C01830,T0090409,163.6
O018,C00781,T0045613,20.4
O005,C03818,T0041166,57.7
O020,C02170,T0011969,88.91
O010,C00229,T0022786,59.72
O011,C02890,T0060674,147.27
O011,C03605,T0011422,114.2
O002,C03190,T0011357,38.9
O017,C01122,T0074561,158.0
O015,C02457,T0096595,57.82
O012,C01549,T0052480,240.37
O006,C00433,T0012093,37.28
O020,C01876,T0092410,46.43
O014,C00339,T0055104,89.26
O013,C02671,T0079654,14.67
O002,C00105,T0036577,14.53
O012,C01475,T0050215,76.31
O018,C04198,T0096776,52.14
O013,C04560,T0068486,104.88
O005,C04001,T0056378,177.29
O004,C00596,T0006454,38.16
O017,C00916,T0033455,55.23
O015,C00937,T0074523,47.57
O002,C03613,T0075130,31.6
O004,C04932,T0070751,59.26
O007,C03539,T0099832,46.25
O010,C02734,T0074339,90.98
O008,C03046,T0062830,196.15
O015,C01520,T0051542,
O009,C00436,T0034537,95.97
O001,C04817,T0078706,1484.43
O007,C03744,T0034463,138.52
O015,C04922,T0073148,48.49
O016,C01726,T0008965,15.48
O015,C02157,T0004763,22.34
O016,C01703,T0059967,87.04
O015,C00295,T0069421,131.98
O018,C04177,T0053797,54.83
O017,C00736,T0039289,91.51
O009,C02049,T0087630,30.02
O019,C01932,T0078189,144.96
O015,C01728,T0080407,78.31
O019,C04161,T0026758,38.59
O004,C02589,T0050239,396.19
O001,C00993,T0025187,194.48
O004,C02464,T0057755,40.85
O012,C02657,T0038076,65.36
O012,C00500,T0026001,133.19
O007,C00954,T0069764,45.72
O012,C03970,T0020426,710.22
O011,C00588,T0035682,201.4
O011,C01394,T0001778,36.74
O005,C03215,T0054977,247.93
O010,C00064,T0064336,135.28
O001,C00457,T0060752,120.32
O001,C00582,T0041997,182.15
O014,C00562,T0042583,11.77
O005,C02491,T0037861,47.37
O010,C01076,T0068933,145.35
O007,C01061,T0076505,13.96
O013,C04222,T0026657,44.95
O001,C03420,T0058239,63.7
O016,C04278,T0061241,47.26
O011,C04886,T0015261,266.12
O017,C04573,T0077351,131.53
O013,C03800,T0097482,385.78
O008,C04306,T0014738,175.66
O017,C04372,T0086472,91.6
O020,C03488,T0070217,53.32
O020,C01019,T0069310,35.87
O005,C00490,T0071507,260.17
O010,C04986,T0075736,927.98
O012,C02432,T0042536,132.03
O015,C00350,T0022007,15.53
O002,C00876,T0020078,497.85
O009,C01701,T0037628,50.04
O003,C00724,T0069253,31.26
O013,C02425,T0060811,67.81
O019,C00153,T0009218,166.42
O006,C00830,T0052296,43.07
O012,C04601,T0003744,82.96
O010,C00684,T0029607,322.82
O002,C02778,T0079272,64.66
O010,C04463,T0088978,98.36
O018,C04161,T0074417,113.33
O015,C03616,T0042425,39.28
O020,C01957,T0000485,72.76
O017,C01194,T0090376,39.03
O015,C04152,T0098174,75.01
O013,C04532,T0042600,34.16
O007,C03272,T0084383,59.58
O013,C01132,T0092066,22.9
O012,C03830,T0009296,136.78
O004,C02007,T0086954,66.65
O019,C03360,T0055042,116.53
O012,C01081,T0085886,38.57
O012,C02239,T0035848,25.59
O005,C04504,T0020918,33.25
O003,C02489,T0085430,163.49
O018,C01770,T0063541,227.14
O014,C00224,T0074576,8.61
O001,C04981,T0049143,126.34
O013,C01457,T0022354,118.8
O011,C02000,T0011740,11.65
O003,C01206,T0064538,179.07
O018,C01734,T0094459,121.73
O016,C01025,T0013148,47.36
O012,C01965,T0087140,279.41
O009,C04562,T0087795,5.87
O009,C04121,T0037512,21.94
O015,C04368,T0038986,97.11
O004,C01510,T0018087,72.0
O008,C01093,T0024136,347.64
O003,C01602,T0055301,61.23
O014,C00175,T0009884,17.22
O008,C04982,T0043789,62.53
O004,C01975,T0032636,722.69
O010,C01328,T0098182,136.6
O020,C04133,T0016671,349.95
O008,C04257,T0067399,138.49
O010,C02480,T0038626,31.52
O007,C03063,T0084222,61.32
O006,C01121,T0009628,628.17
O010,C03903,T0053025,183.04
O013,C00179,T0038765,18.78
O011,C00288,T0027906,47.99
O008,C02057,T0061036,69.4
O015,C01668,T0067158,46.7
O002,C04719,T0079806,128.88
O010,C04310,T0026943,135.91
O012,C01493,T0042207,21.49
O015,C02339,T0078984,228.45
O008,C03224,T0020653,47.56
O010,C03304,T0084343,76.92
O005,C04199,T0059869,90.38
O008,C04389,T0052352,23.58
O017,C03279,T0050305,197.31
O015,C04296,T0075901,34.58
O007,C03726,T0099386,55.33
O010,C03896,T0005324,60.33
O003,C01289,T0037456,51.54
O004,C01777,T0053704,76.77
O010,C04732,T0006297,382.18
O006,C02180,T0049888,288.67
O002,C03696,T0038151,145.27
O008,C03885,T0048994,44.0
O006,C04789,T0078718,614.01
O007,C00664,T0074940,45.58
O012,C00447,T0037647,109.52
O004,C04970,T0075043,95.57
O004,C04365,T0077550,96.48
O011,C04291,T0066456,38.07
O013,C04272,T0024570,23.56
O004,C02783,T0008367,73.86
O017,C00637,T0015025,222.5
O016,C04974,T0046292,25.55
O020,C00022,T0030813,41.79
O002,C03616,T0098241,18.87
O013,C03170,T0044718,33.37
O020,C04364,T0072928,48.71
O012,C03603,T0095417,97.46
O016,C01551,T0053337,12.13
O009,C00656,T0088645,79.8
O013,C01043,T0061438,71.07
O004,C01529,T0029971,14.75
O018,C01053,T0034973,20.76
O015,C03887,T0035982,38.65
O011,C01387,T0084463,174.9
O004,C01966,T0008221,83.27
O019,C02840,T0000232,48.82
O018,C04870,T0044031,65.7
O010,C02004,T0025718,60.09
O017,C04054,T0043324,273.96
O013,C02256,T0030541,11.86
O009,C04995,T0040185,36.62
O002,C04874,T0007035,13.47
O001,C02453,T0013308,238.28
O013,C02222,T0020244,148.87
O008,C03207,T0025561,135.85
O008,C00594,T0026894,54.68
O018,C02458,T0029500,42.79
O018,C00499,T0085856,112.63
O001,C02493,T0093179,80.22
O014,C02248,T0028498,9.21
O006,C01054,T0028234,864.5
O015,C00995,T0096874,75.16
O013,C01369,T0078588,51.15
O010,C00856,T0082751,159.3
O014,C04335,T0088277,9.45
O003,C03776,T0001108,180.17
O007,C03354,T0089371,167.75
O016,C01872,T0013882,22.04
O002,C01701,T0009786,144.19
O009,C04039,T0034052,73.53
O014,C01636,T0048388,29.79
O010,C00534,T0081906,71.83
O013,C00369,T0060781,68.21
O018,C02608,T0095089,58.45
O003,C04880,T0094613,159.5
O004,C03289,T0048448,50.59
O008,C01149,T0076744,78.77
O017,C04752,T0058508,71.54
O005,C01480,T0094863,66.09
O006,C04310,T0060870,102.95
O013,C02791,T0086008,121.57
O012,C01754,T0036755,209.59
O013,C00700,T0083663,9.08
O006,C04686,T0010978,130.1
O004,C01462,T0076585,41.43
O004,C02330,T0013712,100.54
O005,C04531,T0068815,79.72
O006,C02098,T0007597,38.11
O011,C01668,T0031076,86.55
O011,C01514,T0056759,50.49
O003,C02912,T0070211,48.96
O003,C03599,T0049648,67.59
O005,C03614,T0004089,332.42
O001,C03362,T0090323,131.42
O008,C00677,T0001038,130.92
O014,C00222,T0068312,25.01
O011,C04722,T0034428,75.28
O016,C01108,T0059503,13.96
O014,C01048,T0032193,21.26
O011,C02727,T0029319,123.1
O002,C00658,T0013378,26.76
O017,C00293,T0019492,188.04
O006,C01385,T0060590,28.27
O006,C03940,T0092456,68.82
O008,C00789,T0003625,49.54
O018,C00485,T0088150,21.7
O018,C03561,T0007055,85.79
O004,C02120,T0034598,27.1
O019,C04613,T0046323,46.57
O009,C01597,T0040638,6.85
O005,C02903,T0015352,337.39
O013,C01844,T0062803,224.18
O015,C02559,T0055911,384.28
O014,C00220,T0091175,66.5
O015,C01839,T0026444,34.05
O004,C01662,T0058531,153.55
O019,C03255,T0095058,86.31
O017,C01886,T0066540,224.83
O004,C04874,T0006546,117.3
O001,C02750,T0038054,69.15
O009,C02065,T0079735,124.85
O007,C04164,T0064737,3.71
O012,C02510,T0086334,31.96
O007,C01952,T0093119,207.93
O019,C00668,T0082917,50.99
O015,C00544,T0045292,391.62
O009,C01052,T0073638,41.33
O018,C00062,T0057928,102.33
O005,C02463,T0019023,102.4
O006,C03946,T0073777,97.16
O002,C00958,T0039511,39.35
O016,C01222,T0029879,57.83
O005,C03164,T0087884,139.75
O018,C04978,T0034378,52.68
O002,C01490,T0073070,33.27
O010,C01642,T0049157,1025.15
O005,C00507,T0040658,71.65
O012,C03242,T0011481,17.27
O017,C03318,T0094974,87.41
O006,C04536,T0001506,386.29
O014,C03806,T0095344,14.83
O005,C01890,T0031059,33.29
O004,C01354,T0008894,107.63
O020,C00356,T0008017,38.91
O011,C02312,T0033509,93.7
O007,C00264,T0097669,30.31
O001,C04163,T0019122,144.66
O018,C04454,T0045197,110.99
O009,C04761,T0022370,7.12
O008,C01260,T0059652,197.01
O004,C01740,T0070024,87.2
O015,C00446,T0087756,62.7
O020,C04270,T0077865,126.6
O003,C02996,T0057648,52.11
O003,C02166,T0036475,41.9
O003,C04015,T0090894,46.88
O012,C03299,T0006262,227.48
O006,C00765,T0052879,59.0
O005,C02101,T0022825,54.02
O007,C03767,T0079554,32.48
O017,C04238,T0061899,214.91
O002,C01718,T0018322,63.3
O008,C04226,T0099024,2990.46
O003,C04601,T0030647,186.23
O018,C02751,T0085009,24.78
O007,C01982,T0010064,169.61
O007,C03454,T0061277,24.63
O020,C01469,T0046908,95.49
O020,C00015,T0030496,22.72
O014,C03881,T0057304,26.67
O018,C02047,T0004326,74.15
O014,C00896,T0038363,58.44
O002,C01903,T0044377,11.52
O009,C00217,T0027085,45.68
O018,C03071,T0070452,93.03
O014,C03643,T0050058,12.25
O003,C00757,T0097082,43.73
O008,C04400,T0021609,466.96
O006,C04141,T0013642,106.11
O011,C04284,T0083280,68.33
O011,C03378,T0004664,22.24
O014,C01123,T0064145,100.57
O007,C04199,T0003630,51.67
O012,C02671,T0004474,209.82
O019,C00848,T0097565,31.22
O001,C03055,T0001311,57.6
O015,C02513,T0082930,64.44
O019,C01501,T0027226,494.14
O010,C02163,T0047315,228.56
O011,C04864,T0070717,357.64
O001,C02449,T0043824,102.34
O011,C00922,T0092568,94.07
O006,C04404,T0006620,125.49
O002,C04408,T0090684,34.8
O018,C03543,T0026146,170.19
O015,C02095,T0036896,
O005,C04689,T0016021,111.69
O004,C00349,T0077308,78.8
O018,C02107,T0095091,68.13
O014,C02083,T0061765,11.97
O013,C00998,T0026901,115.87
O004,C04402,T0092979,139.9
O018,C00469,T0065578,51.54
O007,C04615,T0068067,45.89
O007,C02221,T0027099,9.38
O011,C03438,T0040253,120.61
O010,C01795,T0036049,82.07
O020,C03684,T0001352,156.28
O001,C04655,T0072825,37.93
O016,C00700,T0060385,51.59
O010,C00365,T0012754,91.3
O020,C03920,T0029401,98.91
O005,C00016,T0090462,450.5
O015,C00859,T0076121,26.98
O018,C01175,T0007624,7.75
O010,C01767,T0099185,112.77
O016,C04678,T0089427,20.21
O015,C02055,T0096661,13.63
O003,C04864,T0030513,115.23
O012,C03300,T0068722,544.17
O007,C03232,T0043367,154.01
O005,C03239,T0040564,125.66
O002,C03648,T0035801,58.34
O014,C02118,T0017403,7.53
O012,C04757,T0096781,105.14
O015,C01552,T0087967,11.06
O009,C01398,T0075567,31.11
O020,C03288,T0026039,61.6
O019,C02104,T0093187,108.21
O006,C04679,T0067000,231.67
O012,C03282,T0024815,37.87
O011,C00837,T0010478,116.46
O010,C02729,T0071164,137.27
O019,C02637,T0025621,44.08
O015,C02975,T0098964,41.29
O008,C04131,T0009761,338.46
O007,C00770,T0045699,63.38
O006,C00729,T0032938,90.36
O017,C04250,T0043617,318.53
O014,C04628,T0015357,10.81
O013,C03569,T0061131,54.91
O007,C04997,T0039554,74.72
O015,C02280,T0096597,26.7
O018,C00408,T0026123,212.94
O012,C03257,T0004654,67.91
O016,C03864,T0084809,263.12
O004,C00183,T0064069,94.94
O003,C00785,T0058495,41.26
O016,C02246,T0099841,58.23
O004,C03112,T0033024,70.62
O003,C03166,T0056896,69.6
O004,C00901,T0035472,44.79
O018,C01432,T0083292,49.81
O016,C03260,T0045216,15.39
O015,C02224,T0036845,74.25
O013,C01696,T0060799,105.53
O014,C01578,T0099806,20.79
O009,C03820,T0086709,8.47
O016,C04067,T0063563,33.62
O010,C02259,T0016151,233.74
O019,C04171,T0036207,20.74
O004,C01308,T0080441,153.61
O011,C02055,T0000273,246.93
O015,C03006,T0092823,68.72
O018,C03621,T0058910,75.92
O016,C03031,T0076046,79.5
O018,C02365,T0076919,227.13
O009,C04280,T0057052,10.01
O017,C00771,T0026637,66.79
O001,C04182,T0058307,206.63
O014,C00107,T0092474,18.29
O006,C03576,T0020506,712.83
O015,C02752,T0091648,23.06
O006,C03907,T0032956,142.28
O017,C01968,T0009658,38.0
O011,C04045,T0068121,333.51
O004,C01640,T0011492,546.39
O008,C04710,T0071294,150.27
O005,C04574,T0047088,40.58
O006,C00513,T0073254,77.66
O004,C00338,T0062279,683.2
O020,C02537,T0007856,150.9
O010,C02704,T0014182,74.25
O016,C00812,T0005408,104.51
O012,C01420,T0031253,26.11
O019,C02955,T0052425,78.6
O014,C04558,T0098021,10.41
O002,C03453,T0035851,61.63
O003,C01548,T0085191,90.95
O018,C01809,T0086121,396.29
O010,C00481,T0041895,105.19
O015,C04696,T0015779,13.42
O001,C04862,T0095000,402.7
O016,C01007,T0017863,70.75
O018,C01836,T0069643,47.05
O013,C04041,T0088438,325.14
O009,C04718,T0031818,23.6
O001,C01287,T0086658,390.56
O003,C03667,T0007979,291.19
O018,C02101,T0055870,350.02
O009,C01187,T0085270,29.46
O015,C02405,T0001598,49.0
O019,C01971,T0050134,81.36
O013,C00938,T0000545,48.65
O008,C00975,T0007171,23.04
O016,C03006,T0076479,58.44
O001,C02773,T0015855,274.78
O008,C01692,T0057253,406.18
O011,C04296,T0050749,114.5
O020,C04361,T0003469,101.56
O015,C01441,T0061786,35.14
O011,C01780,T0096178,58.31
O012,C04449,T0044278,749.24
O008,C03898,T0084651,54.21
O003,C00400,T0013653,43.07
O009,C03322,T0090514,31.75
O015,C00354,T0088726,38.12
O008,C01099,T0017270,66.32
O016,C02407,T0082236,23.43
O012,C02790,T0087525,159.89
O001,C03467,T0021052,53.85
O001,C03464,T0001583,72.62
O010,C00150,T0084903,118.69
O001,C03326,T0049772,278.92
O008,C00398,T0094656,337.96
O009,C01688,T0057039,18.45
O019,C01684,T0062857,242.26
O008,C04157,T0010631,24.76
O009,C03220,T0027277,27.67
O020,C00062,T0092548,88.88
O010,C03770,T0080125,77.82
O018,C04400,T0097471,102.99
O007,C00244,T0039176,176.98
O001,C00735,T0096778,330.73
O001,C00543,T0052983,135.64
O002,C00434,T0005651,64.74
O019,C03335,T0016321,34.2
O018,C01325,T0034832,41.92
O007,C01346,T0095121,26.71
O006,C02796,T0067832,172.08
O004,C00739,T0084193,523.69
O015,C00062,T0010652,82.15
O014,C02556,T0089150,21.04
O012,C04150,T0088283,890.82
O001,C03169,T0089379,1436.44
O015,C00898,T0031869,135.26
O014,C04328,T0015467,16.42
O015,C02174,T0094422,28.88
O004,C01069,T0013691,398.99
O006,C01753,T0091689,103.07
O008,C04078,T0020695,42.15
O019,C03909,T0023940,42.39
O005,C03405,T0057627,60.77
O008,C04334,T0041353,42.89
O007,C00913,T0012235,57.35
O011,C02797,T0011107,70.99
O001,C01606,T0047151,92.69
O003,C02140,T0019499,50.68
O007,C02322,T0095176,23.55
O003,C04738,T0001073,142.47
O013,C01552,T0092398,53.85
O006,C01823,T0034159,115.53
O004,C04640,T0041250,41.92
O017,C01897,T0078541,34.41
O015,C04774,T0005742,51.18
O003,C03848,T0086815,239.2
O020,C02718,T0071849,107.57
O014,C04254,T0039512,19.26
O017,C01578,T0071907,132.14
O016,C00726,T0028244,28.51
O020,C04088,T0047414,103.75
O009,C04667,T0047928,66.53
O019,C02883,T0089246,18.98
O019,C01691,T0040121,38.17
O016,C03213,T0043232,133.78
O012,C01513,T0087071,37.16
O019,C00590,T0051932,8.64
O005,C04228,T0070859,159.69
O015,C03736,T0008729,19.74
O020,C01533,T0059138,372.92
O017,C00846,T0051891,107.51
O005,C00105,T0078633,208.52
O008,C00375,T0035629,105.25
O003,C03459,T0091165,45.62
O016,C02384,T0092563,17.2
O018,C01940,T0060278,297.19
O001,C00153,T0081044,360.51
O009,C03972,T0064767,5.22
O015,C01155,T0044888,33.93
O016,C01695,T0029108,149.94
O018,C01074,T0019797,26.48
O006,C04251,T0041645,265.54
O006,C02729,T0048609,25.79
O010,C01983,T0093630,90.38
O015,C03636,T0080695,14.83
O005,C03821,T0002153,26.73
O012,C02970,T0089555,104.79
O013,C00645,T0016968,57.81
O009,C01941,T0049699,22.53
O001,C01196,T0090440,206.73
O005,C01417,T0063366,85.07
O011,C00689,T0081542,30.37
O009,C01647,T0020150,22.28
O001,C04657,T0000853,247.99
O017,C03253,T0079878,316.14
O011,C03471,T0012554,100.72
O005,C02887,T0029306,63.38
O001,C02824,T0063435,148.64
O017,C03112,T0090576,73.87
O018,C04966,T0005737,71.26
O016,C00124,T0053261,22.65
O008,C04749,T0033607,213.18
O006,C02219,T0016035,239.71
O006,C00737,T0070855,252.84
O002,C02547,T0090172,51.75
O009,C00761,T0032891,53.1
O010,C04222,T0050228,137.9
O011,C03946,T0015053,388.05
O008,C04729,T0082882,169.62
O005,C01512,T0079385,137.67
O017,C01695,T0078315,42.46
O014,C00709,T0098750,27.43
O003,C00512,T0032277,64.36
O012,C01384,T0029266,402.68
O012,C03657,T0081218,62.68
O016,C02775,T0068318,35.82
O005,C04204,T0022216,43.46
O008,C00954,T0004804,122.17
O013,C04962,T0061697,84.06
O015,C03216,T0026184,70.86
O005,C01394,T0025545,91.41
O003,C00396,T0052871,68.96
O011,C01741,T0024704,34.47
O018,C02016,T0036655,19.7
O014,C04753,T0052294,24.68
O013,C02760,T0040003,40.72
O001,C01424,T0099620,77.53
O013,C00518,T0010282,421.98
O019,C02501,T0070030,88.85
O002,C04986,T0017462,28.1
O016,C02254,T0055515,27.84
O006,C00262,T0043360,111.5
O019,C02724,T0072776,69.9
O006,C02802,T0078081,57.42
O001,C03903,T0004420,345.95
O014,C00454,T0016016,15.82
O002,C02234,T0048726,92.9
O010,C00822,T0077303,70.75
O004,C04445,T0023778,125.58
O004,C03638,T0074120,216.63
O002,C03742,T0013311,58.28
O004,C04559,T0099941,101.88
O001,C00206,T0026625,103.58
O012,C00424,T0077282,83.56
O019,C03837,T0093730,56.12
O002,C04522,T0095640,107.73
O016,C02452,T0049928,41.63
O011,C03030,T0024090,41.33
O001,C00852,T0033735,96.69
O017,C01967,T0018686,532.96
O007,C01772,T0047396,206.26
O017,C04161,T0050366,211.69
O005,C03609,T0047780,310.73
O002,C01879,T0047827,129.91
O019,C02638,T0082679,139.73
O007,C03853,T0044194,48.28
O018,C00919,T0096725,70.07
O013,C00484,T0038082,917.18
O008,C04184,T0045198,411.07
O010,C00784,T0063402,39.24
O004,C02782,T0092156,28.05
O017,C03711,T0016750,58.04
O011,C03371,T0013498,95.53
O012,C04074,T0017204,55.54
O006,C04619,T0077729,172.49
O016,C00338,T0074016,14.27
O008,C01153,T0080921,98.2
O020,C03379,T0001365,64.86
O012,C00654,T0020953,60.27
O011,C01748,T0099746,1559.99
O005,C04978,T0035658,211.6
O016,C00142,T0083260,50.05
O017,C04028,T0015608,105.95
O014,C03819,T0029393,27.75
O009,C04169,T0017049,22.21
O020,C00820,T0029721,137.66
O005,C03470,T0069518,201.38
O011,C04167,T0021239,90.58
O001,C03951,T0043917,296.76
O005,C02980,T0030673,188.86
O016,C04132,T0030827,20.45
O003,C03016,T0071595,41.88
O017,C00493,T0091537,1380.86
O009,C00874,T0010242,141.87
O020,C02620,T0097735,83.51
O017,C04227,T0006309,100.33
O014,C04883,T0032408,11.4
O018,C01458,T0014708,116.44
O019,C04127,T0004027,27.26
O014,C02841,T0078952,10.81
O015,C00207,T0021719,38.55
O014,C03104,T0010789,291.64
O005,C02594,T0025650,144.73
O020,C03563,T0038993,57.21
O006,C01723,T0046266,234.07
O019,C00772,T0039672,58.35
O003,C00442,T0093625,106.81
O016,C04592,T0041782,93.66
O001,C03049,T0016934,44.56
O006,C00910,T0058643,165.3
O001,C04514,T0064465,71.59
O017,C01312,T0065917,50.4
O019,C04792,T0021101,57.86
O015,C04920,T0016427,73.99
O001,C04478,T0042866,213.81
O017,C00134,T0084788,59.65
O010,C00873,T0062502,14.48
O020,C01532,T0081517,74.87
O017,C00096,T0032930,206.41
O017,C02952,T0036118,129.18
O013,C02856,T0048111,26.63
O009,C01615,T0040721,17.66
O009,C00032,T0093923,26.75
O015,C04150,T0011567,18.31
O007,C04761,T0017774,38.68
O006,C00020,T0088589,438.9
O007,C04556,T0065194,26.11
O019,C04478,T0048513,81.88
O020,C03852,T0076466,56.3
O009,C02341,T0075312,35.78
O019,C04816,T0051913,45.99
O003,C04355,T0095798,298.23
O002,C02123,T0035070,52.43
O020,C02045,T0062622,60.24
O020,C02093,T0010704,21.67
O004,C02998,T0044239,842.56
O015,C04306,T0021367,42.38
O014,C04585,T0057806,14.56
O006,C02740,T0064579,125.33
O017,C03033,T0074169,771.76
O015,C00863,T0070507,19.99
O018,C01490,T0083556,24.48
O009,C01814,T0077088,19.14
O004,C03056,T0064768,112.88
O011,C04740,T0054178,98.47
O016,C01360,T0083827,7.16
O012,C03566,T0076293,293.02
O015,C03637,T0009389,16.96
O006,C02171,T0045374,97.19
O010,C04766,T0027510,74.96
O002,C04862,T0094710,44.57
O009,C02775,T0065773,72.0
O011,C02553,T0048870,262.65
O010,C00593,T0099170,41.23
O005,C03004,T0078196,764.31
O006,C00550,T0044701,328.99
O003,C04342,T0017953,125.82
O004,C00810,T0099669,214.75
O016,C01480,T0070180,44.7
O016,C01557,T0067267,8.21
O002,C03910,T0022281,82.18
O013,C02662,T0059033,51.46
O011,C04285,T0097556,281.04
O018,C03573,T0085214,42.25
O008,C04446,T0085164,116.63
O008,C04561,T0053862,97.23
O018,C02603,T0093820,49.72
O001,C02810,T0031569,213.85
O004,C03830,T0034227,64.87
O005,C00197,T0090559,247.27
O010,C03028,T0033946,176.19
O001,C04570,T0095666,413.21
O013,C01731,T0000653,93.11
O006,C03181,T0057094,141.05
O006,C04463,T0096317,100.7
O006,C02659,T0062524,48.64
O014,C00720,T0021593,44.07
O016,C02828,T0053775,11.84
O001,C02651,T0029536,206.63
O002,C01583,T0024798,27.21
O012,C02644,T0050484,92.84
O014,C00909,T0057825,18.1
O013,C01411,T0015412,24.27
O016,C02587,T0012232,267.86
O007,C04872,T0003537,19.43
O019,C02221,T0045389,118.87
O016,C00232,T0022648,18.34
O001,C01700,T0070277,1224.48
O008,C03119,T0018946,59.96
O008,C02400,T0000503,111.38
O008,C00213,T0024945,276.83
O001,C03011,T0026016,170.98
O017,C02388,T0035876,87.94
O003,C00235,T0065567,107.02
O014,C00253,T0060328,98.93
O014,C00660,T0035052,17.29
O005,C02578,T0034733,164.35
O005,C00535,T0070167,116.69
O006,C01174,T0015437,85.31
O017,C02237,T0049517,27.19
O017,C03901,T0086429,65.63
O013,C00133,T0059897,22.9
O013,C00352,T0053215,22.69
O009,C00348,T0063018,356.0
O011,C02804,T0092180,93.58
O003,C03207,T0000723,127.69
O013,C01773,T0023683,56.74
O014,C00221,T0035773,75.37
O019,C01301,T0018508,53.25
O001,C03343,T0071945,130.68
O017,C04860,T0041095,48.95
O013,C03292,T0053567,67.43
O019,C03241,T0087435,81.38
O002,C03162,T0002381,221.39
O016,C03157,T0029379,23.82
O007,C03628,T0007397,21.76
O005,C01359,T0032529,110.52
O014,C00250,T0084011,70.21
O020,C02848,T0055860,53.26
O018,C04735,T0096783,24.93
O008,C04714,T0060414,68.47
O015,C02090,T0066999,49.88
O017,C00298,T0090699,47.11
O016,C03153,T0097144,33.77
O005,C01040,T0036021,72.58
O010,C01000,T0052465,186.13
O007,C00772,T0044984,32.05
O007,C02003,T0052813,54.98
O019,C00457,T0090483,38.53
O002,C04014,T0091252,76.35
O017,C04728,T0092158,37.33
O015,C00060,T0033976,10.8
O005,C04383,T0070671,105.17
O014,C03068,T0075757,7.85
O015,C03668,T0069930,26.44
O019,C01604,T0061827,19.07
O006,C02756,T0035890,57.85
O003,C04530,T0028304,292.96
O011,C00220,T0072643,106.14
O018,C01916,T0048496,226.79
O016,C03384,T0058022,21.25
O017,C04905,T0087698,274.31
O007,C00508,T0000818,58.3
O007,C03166,T0090427,54.02
O002,C01524,T0082978,9.83
O007,C00254,T0067265,225.98
O002,C03542,T0008110,53.6
O003,C01218,T0049488,92.21
O007,C04185,T0011791,65.81
O010,C04945,T0021022,18.89
O002,C02926,T0095185,21.07
O004,C02715,T0056939,274.56
O004,C04333,T0056398,53.68
O014,C04904,T0077693,5.88
O015,C03438,T0080405,22.29
O004,C01699,T0021140,57.51
O010,C00793,T0005319,76.37
O009,C03999,T0064646,23.96
O009,C02570,T0036142,18.42
O014,C02928,T0096369,7.74
O007,C01513,T0072190,54.5
O020,C00750,T0078463,271.62
O017,C02027,T0099742,89.41
O006,C02250,T0046268,116.12
O015,C02498,T0097915,24.4
O009,C03316,T0020561,9.1
O010,C01300,T0008878,131.21
O007,C04562,T0074660,13.54
O020,C02331,T0085364,204.04
O006,C03084,T0049925,60.88
O016,C04618,T0004750,18.72
O012,C02160,T0015560,94.49
O020,C02882,T0091274,34.27
O016,C01939,T0028146,10.48
O005,C00751,T0084724,57.72
O004,C04255,T0034038,360.81
O016,C00407,T0029515,132.15
O004,C04781,T0038034,80.27
O007,C01122,T0038606,66.67
O016,C00405,T0016283,77.87
O006,C04408,T0003936,591.48
O004,C00340,T0051502,473.94
O014,C00815,T0065807,13.32
O019,C02259,T0005362,14.87
O013,C00245,T0063268,28.53
O007,C01498,T0078931,45.77
O002,C00284,T0063362,43.3
O005,C04120,T0094682,239.24
O011,C02292,T0046128,103.13
O018,C01592,T0095944,235.58
O005,C02103,T0057812,26.74
O016,C03578,T0053621,20.8
O002,C01321,T0077012,27.6
O015,C04591,T0056550,48.26
O011,C03150,T0082686,137.07
O010,C02034,T0059062,42.44
O006,C04443,T0004228,69.46
O019,C02298,T0063836,105.84
O009,C03633,T0001271,32.37
O018,C02610,T0024758,42.74
O008,C04146,T0004663,107.79
O016,C01183,T0043702,9.95
O004,C04151,T0058724,15.72
O015,C01038,T0039745,181.41
O014,C02518,T0008896,12.75
O016,C02075,T0036195,117.16
O017,C02669,T0041927,91.85
O006,C01087,T0087597,222.87
O012,C01335,T0086535,101.15
O018,C01881,T0075031,436.78
O020,C02707,T0021118,129.3
O010,C03760,T0045144,64.41
O011,C04899,T0087491,283.88
O018,C01400,T0061583,133.56
O005,C03427,T0076188,75.72
O015,C01725,T0067509,27.93
O014,C02740,T0048136,21.57
O010,C03091,T0075530,306.53
O019,C03542,T0053609,25.97
O008,C02811,T0098513,357.13
O008,C01913,T0081688,237.34
O011,C01439,T0093283,59.17
O012,C02054,T0024605,1155.31
O012,C02071,T0047115,158.64
O011,C04091,T0096216,73.93
O018,C02830,T0071224,114.77
O002,C02369,T0096468,22.71
O004,C04673,T0028333,175.97
O015,C02649,T0046818,36.28
O010,C02887,T0051137,204.91
O019,C03202,T0016901,128.63
O014,C02682,T0000433,57.2
O009,C02848,T0091701,63.69
O020,C04592,T0060231,32.25
O017,C04316,T0097575,259.65
O004,C00230,T0059760,72.77
O012,C01342,T0038147,94.45
O011,C04784,T0067717,425.76
O012,C04322,T0025598,74.94
O008,C02051,T0099017,139.58
O001,C01007,T0081349,220.47
O019,C02885,T0018213,48.73
O012,C02328,T0020533,226.38
O013,C01360,T0081182,250.65
O019,C03799,T0068388,21.22
O013,C00675,T0034625,39.27
O008,C03623,T0058995,63.86
O017,C00579,T0059410,165.39
O006,C01015,T0048616,361.23
O016,C01321,T0094038,5.45
O014,C03033,T0027999,37.53
O015,C04643,T0096681,39.84
O013,C00563,T0020569,19.95
O015,C01543,T0001902,93.22
O020,C04330,T0089834,31.37
O004,C01939,T0009072,23.7
O010,C04348,T0060989,242.96
O008,C03225,T0049448,56.86
O010,C00659,T0047746,138.29
O008,C04512,T0086414,50.72
O005,C00727,T0000907,81.0
O009,C00290,T0006935,29.91
O012,C01941,T0060289,30.4
O009,C01187,T0007974,10.21
O009,C00219,T0033965,10.1
O015,C00716,T0046075,130.59
O008,C00027,T0071309,132.84
O001,C00625,T0035469,50.12
O001,C03752,T0067552,162.97
O010,C00183,T0094757,324.23
O008,C03055,T0097896,117.64
O001,C00138,T0042273,112.61
O012,C00165,T0065072,150.71
O001,C04985,T0057320,205.33
O013,C01002,T0046626,32.13
O010,C03681,T0073600,265.41
O005,C01818,T0026216,144.19
O005,C04132,T0026547,43.46
O007,C00275,T0028901,56.74
O010,C01943,T0058212,42.99
O004,C03414,T0094056,240.62
O004,C00235,T0011169,215.47
O019,C00953,T0098792,119.52
O008,C01654,T0051677,56.46
O010,C02873,T0008608,34.51
O002,C00602,T0039947,117.79
O013,C02863,T0087612,41.39
O012,C01148,T0031613,24.45
O014,C04058,T0027564,32.79
O008,C01869,T0054724,78.1
O020,C03476,T0091934,68.9
O007,C03231,T0045342,45.52
O010,C04382,T0001269,40.47
O001,C01349,T0050307,47.65
O007,C04206,T0057211,34.11
O001,C01680,T0036266,44.71
O013,C04080,T0042218,123.91
O015,C04032,T0055750,26.63
O017,C02594,T0085723,552.63
O013,C01229,T0079831,63.35
O001,C04842,T0022300,83.06
O008,C02716,T0080479,244.32
O013,C03835,T0026557,127.0
O020,C02114,T0077835,409.82
O018,C02231,T0095655,49.12
O011,C02708,T0046303,87.82
O013,C01212,T0062259,158.87
O002,C04335,T0024429,58.03
O008,C02205,T0089350,64.66
O019,C00959,T0078154,47.14
O020,C00223,T0081879,19.57
O016,C03908,T0085606,6.82
O001,C03358,T0005577,51.13
O004,C02971,T0088552,159.72
O005,C01374,T0015139,293.42
O014,C00679,T0060586,21.0
O008,C00644,T0093725,120.53
O009,C03672,T0054609,21.24
O019,C03378,T0038119,28.13
O008,C01472,T0029998,84.25
O008,C00107,T0066915,121.61
O012,C00852,T0089324,22.26
O019,C00458,T0096563,103.33
O017,C01038,T0002161,230.2
O020,C01713,T0094289,33.48
O003,C00496,T0083048,157.79
O015,C00690,T0043094,18.76
O005,C04361,T0078222,73.69
O012,C01222,T0078282,109.46
O011,C02599,T0026572,58.92
O004,C01982,T0087750,106.47
O010,C00831,T0040709,688.43
O006,C03069,T0043216,234.71
O019,C04620,T0048437,40.81
O020,C02814,T0071362,458.67
O001,C03898,T0085273,157.2
O004,C00333,T0045975,58.14
O019,C03219,T0090258,13.5
O002,C04226,T0004727,40.68
O015,C02863,T0037874,77.59
O004,C00728,T0019403,199.48
O012,C04652,T0007605,152.17
O019,C04738,T0048121,45.82
O001,C01495,T0072370,527.25
O017,C02334,T0004646,33.69
O001,C01754,T0099346,41.78
O020,C01285,T0069327,251.49
O012,C04919,T0061959,104.02
O013,C04147,T0073348,20.3
O015,C02412,T0026084,32.8
O020,C01214,T0092699,178.83
O007,C03525,T0034695,59.53
O008,C04441,T0011625,681.0
O013,C00646,T0015042,68.85
O016,C02120,T0050554,164.55
O014,C03611,T0048856,15.58
O007,C04410,T0069463,32.07
O013,C04964,T0093721,36.31
O001,C00002,T0062254,257.77
O010,C03256,T0064194,96.68
O014,C04425,T0043195,20.96
O019,C04509,T0090361,75.2
O008,C01105,T0047379,70.58
O013,C03236,T0016647,43.0
O004,C00736,T0076080,83.01
O019,C01488,T0001749,32.72
O013,C00130,T0093607,22.75
O015,C03629,T0001209,109.24
O003,C00976,T0098247,501.77
O006,C04871,T0087580,29.7
O013,C00032,T0002448,174.77
O015,C02364,T0009377,95.57
O018,C00731,T0041270,32.26
O016,C00715,T0067690,18.4
O020,C03492,T0013351,70.31
O007,C00393,T0091287,15.48
O013,C03058,T0043290,18.22
O008,C01005,T0045027,54.1
O020,C02814,T0041474,94.26
O008,C04591,T0007872,126.42
O011,C01180,T0034340,32.95
O010,C03076,T0073524,305.47
O007,C01017,T0090756,20.91
O008,C03482,T0019901,88.56
O018,C02504,T0073661,26.53
O009,C04995,T0094702,119.21
O002,C02554,T0010808,338.98
O007,C01204,T0024851,252.56
O014,C00639,T0052725,51.83
O013,C03042,T0037734,53.76
O012,C01600,T0033109,46.73
O016,C03050,T0011265,22.44
O012,C00912,T0072112,154.23
O009,C04591,T0083064,33.17
O020,C02346,T0035099,262.93
O002,C04997,T0059375,76.57
O016,C00216,T0052964,175.67
O012,C02540,T0087185,36.45
O002,C03373,T0024854,41.58
O019,C03650,T0029292,198.32
O011,C01525,T0041440,139.09
O020,C04719,T0009130,55.07
O017,C00186,T0061088,38.24
O007,C01139,T0032766,14.84
O017,C04244,T0097076,107.8
O009,C04581,T0051377,13.92
O002,C00834,T0098027,34.94
O011,C01082,T0084492,173.7
O016,C01681,T0071747,8.01
O007,C02337,T0051680,3.85
O001,C00106,T0030247,212.6
O005,C04607,T0037805,170.51
O020,C02019,T0067501,131.76
O010,C00853,T0006143,295.04
O019,C03497,T0098339,91.26
O009,C00393,T0009541,9.13
O018,C02164,T0040596,54.87
O014,C02483,T0074292,14.89
O013,C04210,T0056214,141.24
O002,C02423,T0099327,39.45
O015,C04719,T0098011,117.89
O005,C03246,T0086116,441.75
O010,C03664,T0068237,288.25
O011,C04813,T0041754,200.73
O018,C01502,T0061112,46.9
O014,C04412,T0035383,30.18
O005,C04467,T0015801,242.76
O019,C01204,T0006327,27.24
O012,C03931,T0095395,87.41
O019,C02608,T0083084,25.21
O002,C02887,T0028623,103.68
O007,C02726,T0090119,57.29
O002,C04820,T0025169,66.29
O010,C02500,T0030076,209.82
O015,C02130,T0074355,48.63
O014,C03070,T0006808,19.35
O011,C03472,T0046798,46.68
O013,C01722,T0089297,32.86
O019,C01399,T0077318,47.68
O003,C04189,T0088412,52.87
O014,C04174,T0053263,13.64
O002,C01727,T0023204,36.6
O020,C04392,T0077299,141.94
O010,C02646,T0072674,68.38
O020,C04133,T0000190,50.81
O002,C00376,T0048345,71.01
O009,C00537,T0048397,171.43
O011,C01145,T0008445,106.54
O009,C03108,T0032111,10.11
O010,C01538,T0039452,76.18
O004,C02051,T0012103,455.56
O007,C00606,T0040049,107.98
O019,C01337,T0090052,27.59
O001,C03772,T0000118,298.39
O015,C02376,T0073650,193.5
O004,C04423,T0048506,42.16
O007,C03217,T0055952,108.52
O006,C01605,T0000384,144.15
O010,C00079,T0093866,79.84
O003,C01472,T0067429,84.71
O001,C01418,T0002120,173.12
O012,C03287,T0026440,70.47
O002,C00830,T0085969,137.36
O016,C00092,T0012412,32.32
O010,C00845,T0067734,165.16
O012,C00207,T0050009,114.42
O020,C04985,T0049235,56.17
O008,C02228,T0031796,251.41
O008,C03152,T0027518,195.69
O019,C00147,T0054649,64.42
O003,C00415,T0098123,86.4
O012,C02219,T0037615,121.57
O005,C00665,T0023676,33.47
O002,C02067,T0012963,47.55
O008,C01121,T0095247,92.93
O009,C01605,T0000712,18.05
O014,C00087,T0043704,53.42
O018,C01081,T0096720,91.94
O013,C03047,T0035333,33.57
O008,C01224,T0011248,99.93
O014,C04834,T0061483,57.81
O004,C01763,T0011190,177.38
O010,C01419,T0076705,84.6
O017,C02317,T0093292,109.24
O017,C01521,T0072449,142.75
O007,C01854,T0058253,15.46
O018,C01309,T0047675,80.61
O018,C02330,T0068413,73.71
O006,C00504,T0087150,52.36
O016,C01483,T0014237,42.1
O013,C00096,T0059426,186.26
O001,C00493,T0040287,80.23
O002,C02547,T0001106,19.26
O002,C03583,T0063077,182.76
O011,C02510,T0058625,202.91
O010,C00421,T0036915,646.59
O008,C03088,T0056113,135.66
O020,C01637,T0082646,85.42
O012,C04700,T0062473,45.53
O016,C02811,T0010944,20.5
O016,C01713,T0051588,11.3
O009,C03989,T0056735,7.32
O018,C02874,T0095700,92.29
O005,C02266,T0089171,132.66
O017,C01563,T0044174,225.62
O002,C01327,T0041525,98.18
O020,C00499,T0063108,144.07
O017,C00803,T0011714,137.46
O017,C02329,T0017721,136.48
O014,C04099,T0062196,7.6
O006,C00869,T0065129,235.52
O015,C01994,T0072055,50.68
O011,C03190,T0084867,106.42
O009,C03233,T0063088,70.18
O004,C03925,T0034508,195.63
O013,C02559,T0094120,34.03
O017,C01638,T0078112,270.96
O010,C04352,T0025078,175.16
O020,C04697,T0026250,120.28
O002,C04754,T0003552,24.89
O015,C01705,T0097756,78.02
O001,C00189,T0038134,77.01
O018,C04880,T0070830,53.69
O016,C00124,T0002271,14.44
O009,C04514,T0042530,22.36
O017,C04013,T0057294,39.28
O007,C00725,T0089262,26.67
O006,C01704,T0067546,133.73
O007,C04573,T0095262,56.82
O010,C04397,T0009718,50.97
O007,C00445,T0082075,10.24
O013,C03109,T0002067,73.53
O016,C02600,T0028154,16.03
O008,C02264,T0024513,96.97
O009,C02137,T0097373,37.16
O009,C00383,T0040774,21.04
O001,C01722,T0064408,126.25
O011,C02526,T0036215,35.74
O016,C00723,T0054084,11.32
O020,C02899,T0034716,23.07
O004,C02666,T0011326,233.57
O003,C00173,T0061645,129.17
O018,C02410,T0042348,80.65
O012,C03825,T0015526,34.69
O018,C03410,T0046779,33.94
O005,C01518,T0048051,387.64
O002,C04210,T0099925,12.86
O014,C02673,T0044469,10.12
O005,C04994,T0048431,92.12
O005,C00018,T0054960,89.11
O009,C00406,T0056709,59.89
O019,C03082,T0040371,56.89
O003,C01377,T0002275,52.5
O017,C02607,T0099720,359.32
O018,C04516,T0049363,192.18
O017,C03994,T0001172,290.78
O003,C02564,T0050559,98.25
O020,C03394,T0067990,107.59
O019,C03078,T0028480,18.42
O015,C01471,T0073046,91.17
O009,C01462,T0052106,8.82
O014,C01543,T0032449,15.29
O012,C01308,T0058304,1175.21
O010,C04850,T0071120,128.65
O008,C04984,T0033106,274.6
O011,C01495,T0038480,175.23
O011,C02424,T0011205,51.53
O018,C02575,T0017265,750.6
O001,C04601,T0086569,113.14
O008,C02476,T0069163,97.37
O005,C02468,T0060526,93.91
O001,C04220,T0056852,269.78
O014,C00483,T0020039,13.88
O002,C00537,T0000515,35.85
O020,C01763,T0064062,57.52
O012,C04966,T0009522,80.85
O009,C02424,T0028245,21.95
O003,C00090,T0015123,186.07
O007,C01273,T0000483,24.91
O008,C03863,T0049403,699.34
O007,C04876,T0075660,14.6
O005,C01514,T0090393,1237.25
O014,C03867,T0077235,19.44
O014,C04683,T0088554,8.33
O013,C03247,T0079749,25.59
O007,C04615,T0047279,6.78
O019,C03762,T0000206,29.71
O008,C01593,T0020779,138.93
O018,C02565,T0029484,
O009,C00658,T0081921,25.77
O016,C02772,T0027081,17.47
O006,C00608,T0092444,110.6
O019,C00500,T0061990,218.01
O003,C00006,T0073155,69.05
O007,C00351,T0010797,159.98
O010,C02549,T0009362,86.68
O017,C04513,T0055286,184.43
O011,C00949,T0035313,146.68
O017,C01662,T0009996,545.48
O018,C02074,T0068976,42.19
O006,C01498,T0080753,66.76
O005,C03180,T0063805,180.44
O019,C01804,T0080496,50.0
O001,C01576,T0021175,133.09
O016,C04290,T0098324,7.81
O007,C00447,T0074724,30.6
O001,C02682,T0042279,648.74
O014,C01859,T0052827,17.21
O003,C01487,T0083079,48.71
O016,C02941,T0066241,14.44
O012,C01654,T0000107,95.33
O005,C02630,T0011320,74.16
O014,C04041,T0019194,345.1
O006,C00420,T0066114,498.27
O016,C04710,T0029074,51.98
O017,C03141,T0091947,153.08
O018,C02717,T0055189,1118.93
O005,C03711,T0072057,90.46
O005,C03261,T0016142,88.4
O001,C01622,T0017623,40.01
O009,C00322,T0047298,6.67
O013,C03325,T0058669,60.13
O018,C04035,T0081797,231.38
O009,C04540,T0041534,15.92
O006,C04706,T0006834,218.32
O004,C00962,T0018527,25.32
O010,C03274,T0076888,106.38
O015,C01540,T0020213,39.06
O018,C04696,T0038843,66.09
O005,C02510,T0044726,39.45
O013,C04693,T0005529,69.54
O003,C01636,T0021777,907.15
O011,C03335,T0074273,137.92
O004,C03884,T0039609,257.93
O013,C00039,T0000113,59.2
O001,C04798,T0066467,33.59
O007,C00533,T0088791,27.97
O014,C03985,T0024180,13.78
O019,C03098,T0093536,111.0
O008,C02393,T0098710,55.5
O018,C04232,T0075315,79.02
O001,C00923,T0001409,189.46
O002,C01658,T0037291,41.69
O013,C01479,T0022651,241.16
O018,C04560,T0002464,62.18
O016,C04995,T0099739,14.44
O009,C01876,T0089514,135.5
O020,C01441,T0082347,1543.83
O012,C04037,T0087912,39.17
O007,C03737,T0002174,11.24
O018,C00232,T0099962,25.61
O005,C00628,T0019127,132.41
O009,C04807,T0070591,23.48
O017,C00545,T0062754,22.38
O005,C03572,T0055408,270.5
O015,C04072,T0088189,75.21
O001,C03540,T0083871,225.91
O015,C03417,T0019426,8.29
O006,C03255,T0016819,51.63
O014,C03188,T0070858,22.72
O019,C04838,T0011037,40.26
O004,C00701,T0083752,327.82
O009,C04005,T0044558,43.05
O003,C04038,T0044094,145.69
O014,C00783,T0077724,44.58
O012,C03813,T0078882,48.2
O002,C01272,T0009742,80.31
O002,C03376,T0030998,20.03
O019,C02056,T0031058,65.39
O005,C00583,T0076689,193.07
O001,C00434,T0055086,159.19
O015,C01086,T0050556,83.36
O007,C02399,T0096032,78.9
O016,C00961,T0025277,19.77
O005,C04051,T0008756,230.74
O007,C01228,T0036481,21.11
O020,C04377,T0056841,52.43
O008,C00032,T0088212,304.32
O014,C02459,T0089871,5.67
O004,C02273,T0066625,23.49
O006,C00916,T0022332,626.92
O001,C00706,T0099454,68.26
O017,C03977,T0072969,66.72
O005,C01632,T0086144,230.79
O009,C03735,T0000173,18.39
O005,C00175,T0009928,54.67
O010,C03341,T0099274,94.79
O005,C03957,T0015268,344.24
O014,C04677,T0018192,19.78
O009,C03909,T0026407,21.97
O017,C01616,T0060061,97.18
O008,C00419,T0006837,206.86
O001,C04005,T0036867,82.09
O001,C03666,T0016560,75.06
O016,C01923,T0007911,16.4
O016,C00407,T0022051,61.7
O011,C02376,T0042274,50.76
O003,C01215,T0051669,159.46
O014,C01232,T0090204,89.39
O017,C03440,T0038226,19.83
O020,C04665,T0021589,57.89
O001,C02100,T0066232,105.91
O015,C00928,T0080029,38.81
O019,C02377,T0001970,107.01
O003,C01578,T0050689,193.5
O006,C01701,T0016381,77.99
O009,C04718,T0083546,24.49
O016,C00448,T0083931,21.71
O008,C03729,T0099820,61.58
O019,C03323,T0018268,189.08
O008,C00743,T0007777,100.56
O009,C02784,T0078707,21.37
O014,C04321,T0012397,12.95
O003,C04349,T0017167,118.35
O007,C01646,T0051424,54.2
O007,C00962,T0003189,11.3
O002,C01264,T0012912,44.45
O006,C04010,T0076628,180.19
O019,C02476,T0059357,14.6
O007,C03644,T0015503,84.6
O005,C01683,T0076600,107.58
O010,C01995,T0021144,74.37
O017,C01907,T0095695,44.1
O011,C00935,T0068819,62.48
O002,C02666,T0025489,60.34
O011,C00963,T0025483,200.4
O008,C02159,T0010895,494.38
O010,C01964,T0056632,45.08
O003,C04405,T0017261,48.76
O008,C04222,T0014596,12.61
O019,C02451,T0007839,17.54
O017,C00915,T0041378,46.78
O010,C03676,T0021544,167.38
O005,C01034,T0022161,234.28
O017,C04680,T0015939,155.92
O014,C03815,T0028275,150.72
O010,C03664,T0001951,992.75
O018,C02363,T0064595,71.3
O015,C01891,T0048730,15.82
O005,C03497,T0046703,115.8
O005,C04820,T0064651,68.67
O020,C01503,T0051861,350.82
O001,C02612,T0096402,54.59
O016,C02152,T0087181,23.77
O014,C01198,T0005201,79.08
O017,C03556,T0070043,98.96
O007,C00264,T0062498,9.44
O007,C03000,T0080776,26.25
O010,C04681,T0074565,88.1
O007,C04667,T0016230,21.29
O001,C03358,T0054455,186.87
O015,C00886,T0063265,48.97
O003,C04674,T0025441,66.68
O008,C01779,T0004545,174.75
O015,C03383,T0032741,122.7
O016,C01373,T0040343,22.12
O015,C03885,T0001377,61.99
O007,C04711,T0022497,238.91
O008,C00721,T0056466,322.96
O007,C03571,T0098854,60.81
O010,C04274,T0046448,746.98
O014,C04992,T0067204,23.44
O002,C02024,T0092321,230.27
O018,C00601,T0085874,30.58
O003,C00694,T0082956,64.38
O005,C04586,T0056849,338.81
O011,C02171,T0082403,47.33
O013,C04226,T0068355,305.39
O002,C04142,T0055688,70.04
O020,C01597,T0072819,69.02
O010,C00316,T0052385,121.49
O013,C01932,T0087406,147.82
O010,C03339,T0061751,80.68
O019,C01563,T0054396,66.85
O017,C00099,T0035025,57.6
O009,C02370,T0051194,16.65
O008,C01508,T0094729,55.22
O002,C02250,T0002426,57.44
O018,C04348,T0080154,432.88
O016,C00361,T0076586,160.43
O010,C02300,T0048672,35.66
O017,C00855,T0080209,272.85
O014,C01211,T0061421,31.43
O009,C03229,T0009434,9.53
O012,C01539,T0045967,294.67
O014,C04446,T0002881,31.63
O018,C03609,T0052755,97.57
O006,C01922,T0043161,150.38
O009,C01365,T0024143,16.44
O001,C00308,T0001252,42.99
O005,C03068,T0028546,167.43
O013,C03791,T0086419,38.02
O015,C01329,T0079932,23.01
O009,C04352,T0055069,4.87
O007,C04277,T0006442,13.43
O012,C03146,T0090450,59.19
O009,C00209,T0022021,5.09
O017,C03802,T0099108,380.14
O009,C04858,T0075973,46.58
O018,C01451,T0075789,97.47
O018,C01913,T0080366,18.34
O013,C00841,T0061231,27.55
O009,C00004,T0012252,10.48
O010,C01463,T0023310,242.3
O005,C02502,T0034449,172.48
O011,C01435,T0038982,118.94
O005,C03236,T0006681,13.33
O009,C02011,T0064460,16.12
O009,C04504,T0036764,22.65
O013,C04269,T0040154,50.29
O017,C04866,T0002545,67.31
O010,C03256,T0049515,107.88
O014,C01685,T0061178,18.81
O013,C03618,T0098264,28.86
O012,C03932,T0028840,164.07
O020,C03523,T0039200,457.4
O010,C02671,T0081556,56.29
O008,C04845,T0053353,44.61
O015,C00986,T0036591,77.75
O009,C02090,T0014631,4.67
O009,C04516,T0008469,4.29
O002,C01735,T0075997,63.21
O019,C04159,T0029278,102.69
O010,C03293,T0094210,152.72
O009,C03975,T0057680,4.81
O008,C01297,T0096937,64.02
O005,C03109,T0075303,212.07
O005,C01815,T0052624,151.96
O003,C04756,T0010082,21.73
O019,C02296,T0032010,220.78
O009,C03148,T0050487,27.39
O016,C00544,T0034616,350.97
O001,C02414,T0063616,29.15
O018,C03790,T0000824,81.73
O010,C03964,T0041586,104.18
O019,C04888,T0036044,88.82
O004,C02257,T0005371,68.86
O003,C00510,T0078499,49.7
O008,C02931,T0032347,1178.96
O009,C04800,T0005190,20.77
O007,C00088,T0029661,56.63
O001,C04627,T0071792,50.68
O006,C02042,T0037208,93.56
O009,C01655,T0042157,73.53
O015,C03595,T0017390,155.02
O002,C01414,T0063808,141.59
O015,C00158,T0061468,6.06
O007,C03399,T0063747,12.66
O007,C02619,T0022505,122.65
O012,C00062,T0053482,81.47
O006,C01931,T0084264,39.28
O013,C02137,T0047689,31.93
O011,C02248,T0072512,116.79
O005,C01328,T0035687,347.52
O013,C00788,T0000823,67.22
O010,C03485,T0082742,69.79
O019,C03618,T0098800,66.87
O014,C02683,T0026601,17.61
O007,C04410,T0096955,174.69
O004,C01824,T0090871,133.41
O010,C00223,T0021797,112.69
O004,C03184,T0024199,128.05
O018,C03168,T0036193,64.59
O009,C01321,T0088830,39.01
O008,C03469,T0056705,310.26
O005,C02103,T0086354,68.57
O010,C01879,T0054207,163.64
O018,C03234,T0045069,69.66
O017,C00863,T0040806,132.26
O008,C02565,T0043400,43.26
O014,C04253,T0085738,12.06
O006,C04564,T0027526,602.64
O008,C03454,T0085689,46.5
O009,C01588,T0023365,11.03
O004,C03967,T0057366,83.88
O015,C04864,T0064222,24.07
O016,C01111,T0049562,57.63
O017,C03125,T0079998,238.84
O005,C04284,T0030750,30.84
O005,C00740,T0061868,61.17
O008,C00820,T0017903,87.83
O006,C02043,T0030023,236.85
O008,C03930,T0075698,26.32
O001,C01217,T0080715,62.79
O014,C04844,T0091459,37.91
O020,C00725,T0038023,26.3
O008,C02266,T0023158,128.87
O016,C02839,T0096657,18.16
O007,C00152,T0062639,142.09
O013,C00452,T0074745,53.09
O019,C02062,T0096491,52.89
O004,C00061,T0043169,112.19
O014,C03024,T0063355,231.67
O017,C02306,T0003790,215.95
O006,C02546,T0026527,29.73
O008,C03726,T0044560,130.3
O007,C03311,T0079985,9.66
O020,C04632,T0081807,203.94
O007,C04358,T0081687,34.28
O019,C04341,T0021384,105.97
O014,C02164,T0098728,553.59
O016,C01786,T0019711,45.49
O017,C03094,T0077525,532.23
O012,C02962,T0086179,461.6
O005,C00047,T0047843,101.83
O004,C04861,T0042841,99.52
O013,C01320,T0082416,86.81
O010,C04090,T0004809,106.04
O017,C03839,T0031162,137.62
O005,C02387,T0053490,45.49
O005,C02186,T0036022,181.29
O014,C00016,T0009914,176.19
O004,C03022,T0082493,24.07
O018,C02748,T0088979,37.72
O004,C02603,T0022101,141.06
O017,C00802,T0077920,147.04
O004,C00104,T0018227,97.34
O012,C02357,T0073410,572.17
O017,C04889,T0036390,329.07
O011,C02881,T0046682,62.9
O015,C03634,T0026525,20.63
O013,C02114,T0097285,28.63
O010,C00409,T0080660,676.96
O001,C04736,T0067187,53.02
O008,C01080,T0028203,87.32
O018,C04735,T0066188,33.34
O011,C01400,T0008954,95.97
O006,C03196,T0040045,47.46
O012,C02786,T0093516,30.55
O018,C02934,T0023847,349.57
O011,C01491,T0063591,116.8
O001,C03456,T0074349,37.18
O010,C01787,T0024352,409.4
O018,C02044,T0046731,63.27
O004,C01405,T0050190,115.41
O009,C02996,T0035141,6.64
O017,C03634,T0087060,86.66
O015,C01200,T0090408,37.21
O002,C04943,T0093199,139.75
O002,C00623,T0064109,65.37
O007,C02518,T0064422,4.37
O015,C03835,T0011373,25.79
O018,C02343,T0060428,141.06
O014,C00661,T0016223,55.41
O008,C03873,T0083525,66.76
O014,C03015,T0084394,42.57
O019,C02098,T0044099,216.7
O003,C01237,T0060043,186.38
O014,C00805,T0003873,28.44
O018,C04465,T0014045,289.57
O009,C04978,T0015510,13.04
O016,C00182,T0032922,19.56
O014,C01684,T0064915,6.66
O018,C00800,T0098369,222.12
O004,C04421,T0041779,97.61
O011,C03449,T0031002,241.26
O004,C04571,T0007795,38.58
O014,C02282,T0044493,34.38
O008,C00165,T0060884,611.79
O004,C01205,T0056083,279.82
O012,C02954,T0072119,131.43
O013,C01365,T0028877,98.62
O017,C00851,T0098399,79.22
O006,C01634,T0085986,50.52
O016,C03959,T0046278,19.41
O020,C01358,T0096407,94.68
O005,C03688,T0049347,90.2
O003,C00566,T0051321,75.86
O010,C03896,T0016962,49.68
O008,C03681,T0045974,60.98
O003,C04518,T0065995,1443.24
O020,C02480,T0097587,81.65
O013,C02192,T0010578,23.04
O013,C01380,T0030199,54.99
O012,C01956,T0033236,35.68
O001,C01760,T0095226,157.36
O001,C04572,T0019843,237.03
O013,C02696,T0022027,49.63
O007,C03262,T0041249,23.67
O001,C01947,T0038668,51.5
O010,C01005,T0039644,54.22
O012,C03400,T0062028,59.84
O020,C03390,T0030692,196.97
O010,C03271,T0044226,79.56
O011,C00528,T0042883,30.09
O013,C03977,T0009651,72.67
O020,C03813,T0079232,112.36
O002,C04893,T0091553,
O020,C02360,T0048763,28.19
O020,C03131,T0097306,114.39
O010,C01895,T0009410,47.78
O020,C04119,T0086959,141.35
O020,C01103,T0081946,129.8
O010,C02680,T0046273,329.41
O007,C01161,T0036229,31.03
O003,C02925,T0050234,39.68
O005,C04187,T0034911,85.02
O008,C01144,T0063906,221.39
O006,C04028,T0061255,122.07
O018,C04978,T0047659,236.89
O015,C00897,T0063399,34.66
O002,C03212,T0041070,55.09
O008,C00388,T0042612,94.91
O011,C03955,T0029090,226.56
O013,C03840,T0038510,9.21
O012,C04433,T0061801,277.29
O009,C04160,T0045894,50.74
O004,C01831,T0094049,313.96
O020,C04570,T0077017,53.37
O018,C00859,T0009305,199.27
O015,C03221,T0022384,326.57
O004,C03661,T0089827,143.92
O005,C00486,T0029194,67.41
O003,C00683,T0067274,58.03
O002,C00616,T0013061,43.35
O018,C00733,T0095120,10.43
O005,C01089,T0081050,201.82
O006,C03927,T0063192,47.44
O018,C02776,T0025314,173.11
O001,C04220,T0049916,7.38
O004,C01584,T0033984,114.6
O012,C03022,T0082374,110.35
O010,C02950,T0086727,32.88
O017,C02697,T0036617,226.23
O012,C00413,T0044299,60.73
O008,C01191,T0003772,302.78
O018,C03486,T0014039,141.05
O005,C01973,T0090212,58.25
O020,C02575,T0087815,629.51
O001,C04775,T0033421,115.1
O006,C00587,T0082485,59.87
O020,C04502,T0054128,408.52
O006,C03675,T0062886,176.71
O002,C03357,T0009417,137.39
O011,C04188,T0021355,44.8
O002,C04206,T0071950,270.0
O002,C03622,T0031424,21.37
O002,C02506,T0064375,40.22
O004,C01560,T0016590,98.73
O003,C03704,T0033743,423.28
O013,C04302,T0065003,228.23
O019,C00235,T0044390,520.59
O008,C01013,T0085691,54.41
O016,C02716,T0092925,24.79
O004,C00062,T0056775,39.31
O008,C04255,T0035704,46.38
O006,C04519,T0033866,156.89
O009,C03943,T0037447,6.15
O017,C04011,T0098990,45.29
O006,C00928,T0066018,729.49
O006,C03015,T0014063,59.3
O002,C03367,T0054192,169.12
O007,C04716,T0048170,49.67
O010,C02549,T0052004,115.03
O015,C00502,T0062698,33.29
O019,C00188,T0069436,98.18
O004,C00786,T0043565,193.15
O015,C03540,T0056490,92.23
O016,C00965,T0054347,146.16
O016,C01043,T0077559,13.09
O015,C04542,T0009015,62.53
O011,C03146,T0010847,617.03
O002,C04664,T0071842,69.32
O010,C01785,T0079370,225.61
O014,C01608,T0031674,6.29
O016,C01711,T0080324,147.88
O016,C00724,T0091029,30.05
O002,C04458,T0073012,184.51
O015,C02416,T0011315,25.34
O008,C02073,T0029508,59.21
O007,C02689,T0086223,19.45
O017,C02387,T0029003,111.59
O005,C01765,T0045231,129.11
O005,C02472,T0054679,207.49
O006,C04435,T0083549,67.73
O012,C02239,T0052742,50.93
O007,C04637,T0066927,5.42
O015,C01529,T0099818,47.26
O007,C00603,T0067371,20.42
O018,C03438,T0037341,82.58
O001,C04208,T0071210,138.0
O013,C01516,T0039388,82.44
O014,C03785,T0024137,5.93
O009,C04244,T0084893,50.94
O012,C03340,T0032932,32.22
O018,C01764,T0012758,348.95
O012,C03528,T0047339,745.38
O001,C04798,T0058581,42.55
O014,C03656,T0093936,115.97
O020,C02894,T0057389,117.7
O012,C03431,T0060165,123.82
O012,C02461,T0016215,187.26
O012,C00073,T0010382,85.57
O007,C00786,T0085741,35.2
O007,C04986,T0044671,54.26
O008,C02030,T0041368,139.11
O004,C00677,T0038026,134.23
O015,C04045,T0042818,124.18
O016,C01091,T0037560,22.61
O006,C03884,T0014534,104.33
O010,C03807,T0052240,38.82
O018,C01690,T0024534,31.1
O001,C03180,T0042543,484.75
O004,C04563,T0051694,299.8
O014,C03882,T0037696,49.88
O008,C01805,T0078992,84.04
O016,C01342,T0063279,71.34
O002,C03215,T0039002,69.27
O012,C00858,T0035690,174.49
O009,C00582,T0056255,93.66
O016,C00046,T0050753,59.4
O019,C04402,T0095457,182.77
O006,C04630,T0087299,465.64
O007,C02020,T0086394,10.51
O020,C04787,T0037050,76.01
O016,C01034,T0043805,225.89
O016,C01418,T0061140,14.41
O002,C00126,T0057189,36.22
O012,C00679,T0041847,273.29
O004,C02834,T0081581,40.3
O011,C01954,T0000038,43.46
O002,C01437,T0024691,32.8
O013,C01619,T0053538,50.21
O020,C04378,T0099249,112.2
O018,C00645,T0094659,17.75
O007,C04188,T0095443,30.06
O002,C04906,T0004744,60.53
O008,C00059,T0090786,81.63
O020,C03355,T0098703,253.46
O011,C02558,T0062410,88.57
O009,C03245,T0016953,64.4
O013,C02648,T0027495,661.58
O003,C02629,T0025822,55.03
O015,C01979,T0038632,49.74
O015,C00083,T0003349,73.49
O001,C04908,T0042403,59.83
O012,C00556,T0076009,125.28
O018,C04785,T0026362,41.37
O018,C03661,T0063636,80.25
O019,C03115,T0071888,33.07
O001,C04421,T0053948,513.48
O012,C00356,T0070339,557.79
O016,C01587,T0088789,20.39
O018,C01942,T0043428,113.1
O002,C04063,T0065639,61.45
O003,C04977,T0029933,108.41
O017,C03059,T0018555,91.91
O020,C04147,T0098187,47.79
O001,C01827,T0036695,232.92
O018,C02891,T0016325,58.76
O012,C03654,T0088403,86.26
O018,C04846,T0005014,106.63
O011,C04344,T0059736,36.06
O017,C04533,T0094337,270.46
O001,C02609,T0078205,1532.26
O007,C00837,T0076834,41.65
O019,C04613,T0008400,59.25
O008,C04217,T0063680,193.79
O013,C02592,T0009290,67.23
O004,C01580,T0088249,149.76
O018,C02199,T0034166,574.08
O011,C00545,T0002135,185.92
O018,C01036,T0029254,35.89
O007,C01993,T0093549,36.83
O016,C04062,T0049428,30.65
O002,C03720,T0053216,34.24
O012,C01076,T0020687,134.1
O012,C04975,T0042220,109.93
O016,C01425,T0054221,21.06
O001,C04454,T0019040,297.53
O013,C04820,T0085249,160.5
O006,C01789,T0035381,342.79
O005,C03022,T0007192,47.6
O020,C04625,T0078351,70.98
O012,C04629,T0087882,59.42
O002,C04582,T0020703,19.06
O015,C03756,T0027411,209.54
O011,C02404,T0091599,430.5
O001,C01964,T0047186,80.51
O004,C00279,T0098420,439.54
O016,C00065,T0085722,12.81
O009,C04125,T0095330,13.94
O008,C03160,T0031816,272.38
O014,C02183,T0054902,112.63
O001,C00843,T0078105,121.1
O006,C00422,T0038650,134.28
O006,C04340,T0052229,57.77
O010,C04069,T0012254,108.93
O018,C01439,T0089385,162.2
O005,C01966,T0012764,73.54
O008,C02480,T0090035,287.05
O007,C00253,T0069610,29.36
O005,C01481,T0010106,77.52
O012,C01760,T0087641,50.22
O008,C01230,T0059251,366.6
O020,C04133,T0050712,22.85
O001,C00621,T0059120,143.97
O018,C01227,T0007409,41.99
O003,C04533,T0031356,119.43
O008,C04407,T0020560,393.6
O011,C02589,T0057952,69.1
O004,C01462,T0033365,90.13
O018,C04200,T0002932,81.93
O006,C04591,T0007407,133.51
O010,C03223,T0019123,62.57
O017,C04254,T0021990,64.23
O020,C00358,T0001705,233.69
O020,C01243,T0038630,147.36
O006,C02579,T0045053,77.13
O016,C03422,T0058937,84.54
O015,C00500,T0007396,27.9
O019,C00686,T0042424,97.4
O017,C00537,T0078594,125.3
O020,C01710,T0095716,174.98
O008,C03841,T0081318,560.19
O011,C01178,T0085236,293.83
O016,C04190,T0017642,13.92
O017,C03437,T0093134,176.66
O010,C00727,T0080725,16.36
O009,C03151,T0071565,25.95
O009,C01915,T0048101,21.61
O001,C01317,T0020997,69.24
O005,C04460,T0003193,162.82
O012,C01341,T0086489,39.79
O005,C02361,T0064037,89.08
O014,C04032,T0074332,208.88
O016,C03750,T0046131,27.91
O014,C02612,T0066149,62.32
O001,C00362,T0034396,124.8
O018,C03328,T0049730,334.22
O002,C02892,T0091319,15.26
O011,C03875,T0098343,100.03
O018,C04768,T0047990,100.53
O006,C00341,T0065076,445.69
O019,C00775,T0059402,11.95
O003,C01672,T0097867,112.61
O009,C03784,T0074895,47.85
O017,C02696,T0057562,31.68
O007,C00011,T0080283,36.77
O001,C03638,T0030505,446.65
O019,C01309,T0001606,127.52
O009,C03745,T0080332,25.67
O001,C01608,T0074008,833.67
O017,C03599,T0092221,745.87
O015,C00280,T0044287,31.11
O016,C03486,T0081077,12.46
O009,C03060,T0089561,31.67
O019,C04215,T0078094,34.89
O015,C00898,T0011251,15.79
O011,C02753,T0087033,39.15
O014,C02525,T0009303,19.94
O008,C02884,T0073135,35.71
O019,C04839,T0028994,79.69
